<?xml version="1.0" encoding="UTF-8"?>
<COLLADA xmlns="http://www.collada.org/2005/11/COLLADASchema" version="1.4.1">
    <asset>
        <contributor>
            <author>VCGLab</author>
            <authoring_tool>VCGLib | MeshLab</authoring_tool>
        </contributor>
        <created>E okt 5 13:19:02 2026 GMT</created>
        <modified>E okt 5 13:19:02 2026 GMT</modified>
        <up_axis>Y_UP</up_axis>
    </asset>
    <library_geometries>
        <geometry id="shape0-lib" name="shape0">
            <mesh>
                <source id="shape0-lib-positions" name="position">
                    <float_array id="shape0-lib-positions-array" count="15465">-0.1043 -0.016 -0.217 -0.1043 -0.016 -0.097 -0.107421 -0.0156926 -0.097 -0.107421 -0.0156926 -0.217 -0.110423 -0.0147821 -0.097 -0.110423 -0.0147821 -0.217 -0.113189 -0.0133035 -0.097 -0.113189 -0.0133035 -0.217 -0.115614 -0.0113137 -0.097 -0.115614 -0.0113137 -0.217 -0.117603 -0.00888913 -0.097 -0.117603 -0.00888913 -0.217 -0.119082 -0.00612294 -0.097 -0.119082 -0.00612294 -0.217 -0.119993 -0.00312145 -0.097 -0.119993 -0.00312145 -0.217 -0.1203 -7.78473e-09 -0.097 -0.1203 -7.78473e-09 -0.217 -0.119993 0.00312144 -0.097 -0.119993 0.00312144 -0.217 -0.119082 0.00612293 -0.097 -0.119082 0.00612293 -0.217 -0.117603 0.00888912 -0.097 -0.117603 0.00888912 -0.217 -0.115614 0.0113137 -0.097 -0.115614 0.0113137 -0.217 -0.113189 0.0133035 -0.097 -0.113189 0.0133035 -0.217 -0.110423 0.0147821 -0.097 -0.110423 0.0147821 -0.217 -0.107421 0.0156926 -0.097 -0.107421 0.0156926 -0.217 -0.1043 0.016 -0.097 -0.1043 0.016 -0.217 -0.101179 0.0156926 -0.097 -0.101179 0.0156926 -0.217 -0.098177 0.0147821 -0.097 -0.098177 0.0147821 -0.217 -0.0954109 0.0133035 -0.097 -0.0954109 0.0133035 -0.217 -0.0929863 0.0113137 -0.097 -0.0929863 0.0113137 -0.217 -0.0909965 0.00888912 -0.097 -0.0909965 0.00888912 -0.217 -0.0895179 0.00612293 -0.097 -0.0895179 0.00612293 -0.217 -0.0886074 0.00312144 -0.097 -0.0886074 0.00312144 -0.217 -0.0883 -4.9872e-09 -0.097 -0.0883 -4.9872e-09 -0.217 -0.0886074 -0.00312145 -0.097 -0.0886074 -0.00312145 -0.217 -0.0895179 -0.00612294 -0.097 -0.0895179 -0.00612294 -0.217 -0.0909965 -0.00888913 -0.097 -0.0909965 -0.00888913 -0.217 -0.0929863 -0.0113137 -0.097 -0.0929863 -0.0113137 -0.217 -0.0954109 -0.0133035 -0.097 -0.0954109 -0.0133035 -0.217 -0.098177 -0.0147821 -0.097 -0.098177 -0.0147821 -0.217 -0.101179 -0.0156926 -0.097 -0.101179 -0.0156926 -0.217 -0.0606 0.025 -0.195 -0.0606 0.025 -0.148 -0.0606 -0.025 -0.148 -0.0606 -0.025 -0.195 -0.0966 -0.025 -0.148 -0.0966 -0.025 -0.195 -0.0966 0.025 -0.148 -0.0966 0.025 -0.195 0.003 -0.0174722 -0.00576963 0.003 -0.017434 -0.00574481 0.00299901 -0.0174994 -0.00568589 0.003 -0.0174133 -0.00570419 0.003 -0.0174405 -0.00562044 0.003 -0.0174157 -0.00565868 0.003 -0.0174811 -0.00559976 0.003 -0.0175649 -0.00562697 0.003 -0.0175266 -0.00560214 0.003 -0.0175856 -0.00566758 0.003 -0.0175832 -0.00571309 0.003 -0.0175584 -0.00575132 -0.0206 0.0131086 -0.012352 -0.0206 0.012352 -0.0131086 -0.0206 9.31323e-10 -0.0125 -0.0206 -0.0131086 -0.012352 -0.0206 -0.00323524 -0.012074 -0.0206 -0.0141421 -0.0120751 -0.0206 -0.02 -0.00989998 -0.0206 -0.0151756 -0.012352 -0.0206 -0.0159322 -0.0131086 -0.0206 9.31323e-10 -0.0245 -0.0206 -0.00634107 -0.0236652 -0.0206 0.00634107 -0.0236652 -0.0206 -0.01225 -0.0212176 -0.0206 0.01225 -0.0212176 -0.0206 -0.0173241 -0.0173241 -0.0206 0.0173241 -0.0173241 -0.0206 -0.0141421 -0.0162091 -0.0206 0.0141421 -0.0162091 -0.0206 -0.0131086 -0.0159321 -0.0206 0.0131086 -0.0159321 -0.0206 -0.012352 -0.0151756 -0.0206 0.012352 -0.0151756 -0.0206 -0.0120751 -0.0141421 -0.0206 0.0120751 -0.0141421 -0.0206 -0.012352 -0.0131086 -0.0206 -0.0202 -0.00955356 -0.0206 -0.0204 -0.00949997 -0.0206 -0.00883883 -0.00883881 -0.0206 -0.0236652 -0.00634103 -0.0206 -0.0108253 -0.00624998 -0.0206 -0.024 -0.00379785 -0.0206 -0.0120741 -0.00323522 -0.0206 -0.02 -0.00149998 -0.0206 -0.0125 2.74181e-08 -0.0206 -0.01925 -0.00129902 -0.0206 -0.018701 -0.000749968 -0.0206 -0.00625 -0.0108253 -0.0206 -0.0200536 -0.00969998 -0.0206 -0.02 -0.0138368 -0.0206 -0.0162091 -0.0141421 -0.0206 -0.0159322 -0.0151756 -0.0206 -0.0151756 -0.0159321 -0.0206 0.00323524 -0.012074 -0.0206 0.00625 -0.0108253 -0.0206 0.0236652 -0.00634103 -0.0206 0.0141421 -0.0120751 -0.0206 -0.01925 0.00129907 -0.0206 -0.02 0.00150003 -0.0206 -0.0120741 0.00323527 -0.0206 -0.024 0.00379791 -0.0206 -0.0108253 0.00625003 -0.0206 -0.0236652 0.00634109 -0.0206 -0.00883883 0.00883887 -0.0206 -0.0223567 0.00950003 -0.0206 -0.0204 0.00950003 -0.0206 -0.0185 2.74181e-08 -0.0206 -0.018701 0.000750023 -0.0206 9.31323e-10 0.0245 -0.0206 0.00634107 0.0236652 -0.0206 -0.00634107 0.0236652 -0.0206 0.01225 0.0212177 -0.0206 -0.01225 0.0212177 -0.0206 0.0173241 0.0173241 -0.0206 -0.0173241 0.0173241 -0.0206 0.0141421 0.0162091 -0.0206 -0.0141421 0.0162091 -0.0206 0.0131086 0.0159322 -0.0206 -0.0131086 0.0159322 -0.0206 0.012352 0.0151756 -0.0206 -0.012352 0.0151756 -0.0206 0.0120751 0.0141421 -0.0206 -0.0120751 0.0141421 -0.0206 0.012352 0.0131086 -0.0206 -0.012352 0.0131086 -0.0206 9.31323e-10 0.0125 -0.0206 -0.0131086 0.012352 -0.0206 -0.0141421 0.0120751 -0.0206 0.00625 0.0108253 -0.0206 0.00323524 0.0120741 -0.0206 0.0141421 0.0120751 -0.0206 0.0131086 0.012352 -0.0206 0.0212176 0.01225 -0.0206 0.0159322 0.0131086 -0.0206 0.0162091 0.0141421 -0.0206 0.0159322 0.0151756 -0.0206 0.0151756 0.0159322 -0.0206 0.0236652 0.00634109 -0.0206 0.00883884 0.00883887 -0.0206 0.0151756 0.012352 -0.0206 0.0245 2.74181e-08 -0.0206 0.0125 2.74181e-08 -0.0206 0.0120741 0.00323527 -0.0206 0.0108253 0.00625003 -0.0206 0.00883884 -0.00883881 -0.0206 0.0108253 -0.00624998 -0.0206 0.0120741 -0.00323522 -0.0206 0.0212176 -0.01225 -0.0206 0.0151756 -0.0159321 -0.0206 0.0159322 -0.0151756 -0.0206 0.0162091 -0.0141421 -0.0206 0.0159322 -0.0131086 -0.0206 0.0151756 -0.012352 -0.0206 -0.0151756 0.0159322 -0.0206 -0.0159322 0.0151756 -0.0206 -0.0162091 0.0141421 -0.0206 -0.02 0.0138369 -0.0206 -0.00323524 0.0120741 -0.0206 -0.00625 0.0108253 -0.0206 -0.02 0.00990003 -0.0206 -0.0151756 0.012352 -0.0206 -0.0159322 0.0131086 -0.0206 -0.0202 0.00955362 -0.0206 -0.0200536 0.00970003 -0.0206 -0.02075 0.00129907 -0.0206 -0.021299 0.000750023 -0.0206 -0.0215 2.74181e-08 -0.0206 -0.021299 -0.000749968 -0.0206 -0.02075 -0.00129902 -0.0206 -0.0223567 -0.00949997 -0.0113966 -0.00629586 -0.0122356 -0.011467 -0.00739583 -0.0158604 -0.011467 -0.00739582 -0.0158604 -0.011467 -0.00739582 -0.0158604 -0.011467 -0.00739582 -0.0158604 -0.011467 -0.00739581 -0.0158604 -0.011467 -0.0073958 -0.0158603 -0.0113966 -0.00532615 -0.0126878 -0.0132105 -0.0121367 0.0208217 -0.0132193 -0.0125 0.0216507 -0.0132105 -0.0125172 0.0216375 -0.0113966 -0.00965798 0.0219775 -0.011467 -0.00739583 0.0158604 -0.011467 -0.00739582 0.0158604 -0.011467 -0.00739582 0.0158604 -0.011467 -0.00739582 0.0158604 -0.011467 -0.00739581 0.0158604 -0.011467 -0.0073958 0.0158604 -0.0113966 -0.0106277 0.0215253 -0.0113966 0.00965799 0.0219775 -0.011467 0.0073958 0.0158604 -0.011467 0.00739582 0.0158604 -0.011467 0.00739582 0.0158604 -0.011467 0.00739583 0.0158604 -0.011467 0.00739583 0.0158604 -0.011467 0.00739583 0.0158604 -0.0113966 0.0106277 0.0215253 -0.0113966 0.00629586 -0.0122356 -0.011467 0.0073958 -0.0158603 -0.011467 0.00739582 -0.0158604 -0.011467 0.00739582 -0.0158604 -0.011467 0.00739583 -0.0158604 -0.011467 0.00739583 -0.0158604 -0.011467 0.00739583 -0.0158604 -0.0113966 0.00532615 -0.0126878 -0.0506 0.025 -0.195 -0.0506 0.025 0.035 -0.0506 -0.025 0.035 -0.0506 -0.025 -0.195 -0.0606 -0.025 0.035 -0.0606 -0.025 -0.195 -0.0606 0.025 0.035 -0.0606 0.025 -0.195 -0.0329 -0.034 -0.00999997 -0.0328766 -0.034 -0.00999663 -0.0328767 -0.0340773 -0.00998113 -0.0329 -0.0340784 -0.0099966 -0.0328532 -0.034 -0.00998755 -0.0328536 -0.0340764 -0.00996616 -0.0328301 -0.034 -0.00997226 -0.0328307 -0.0340759 -0.00994871 -0.0328075 -0.034 -0.00995096 -0.0328083 -0.0340756 -0.00992726 -0.0327853 -0.034 -0.00992394 -0.0327863 -0.0340753 -0.00990135 -0.032764 -0.034 -0.00989098 -0.0327654 -0.0340751 -0.00987024 -0.0327434 -0.034 -0.00985267 -0.0327452 -0.0340749 -0.00983416 -0.0327238 -0.034 -0.00980904 -0.032726 -0.0340747 -0.00979298 -0.0327053 -0.034 -0.00976043 -0.0327082 -0.0340746 -0.00974676 -0.0326879 -0.034 -0.00970717 -0.0326915 -0.0340745 -0.00969557 -0.0328769 -0.0341541 -0.00996472 -0.0329 -0.0341564 -0.00998747 -0.032854 -0.0341524 -0.00994474 -0.0328313 -0.0341513 -0.009925 -0.0328091 -0.0341506 -0.00990328 -0.0327874 -0.03415 -0.00987841 -0.0327668 -0.0341495 -0.00984907 -0.032747 -0.0341489 -0.00981517 -0.0327284 -0.0341485 -0.00977643 -0.0327111 -0.0341482 -0.0097327 -0.0326951 -0.0341481 -0.00968388 -0.0328771 -0.0342299 -0.00994582 -0.0329 -0.0342334 -0.00997216 -0.0328543 -0.0342274 -0.00992282 -0.0328319 -0.0342257 -0.0099014 -0.03281 -0.0342244 -0.00987948 -0.0327886 -0.0342233 -0.00985545 -0.0327683 -0.0342223 -0.00982773 -0.0327489 -0.0342212 -0.0097959 -0.0327307 -0.0342204 -0.00975955 -0.032714 -0.0342198 -0.00971833 -0.0326987 -0.0342195 -0.00967202 -0.0328773 -0.0343043 -0.0099232 -0.0329 -0.0343089 -0.00995076 -0.0328546 -0.0343009 -0.00989915 -0.0328324 -0.0342984 -0.00987719 -0.0328107 -0.0342964 -0.00985539 -0.0327896 -0.0342946 -0.00983214 -0.0327698 -0.0342927 -0.00980592 -0.0327508 -0.0342909 -0.00977607 -0.0327332 -0.0342893 -0.00974209 -0.032717 -0.0342883 -0.00970337 -0.0327023 -0.0342878 -0.00965963 -0.0328774 -0.0343769 -0.00989674 -0.0329 -0.0343827 -0.00992384 -0.0328549 -0.0343726 -0.00987308 -0.0328329 -0.0343692 -0.0098515 -0.0328115 -0.0343663 -0.00983029 -0.0327907 -0.0343634 -0.00980798 -0.0327713 -0.0343603 -0.00978328 -0.0327529 -0.0343573 -0.00975544 -0.0327358 -0.0343548 -0.00972379 -0.0327203 -0.034353 -0.0096876 -0.0327062 -0.0343522 -0.00964643 -0.0328775 -0.0344469 -0.00986537 -0.0329 -0.0344539 -0.00989072 -0.0328552 -0.0344416 -0.00984325 -0.0328333 -0.0344371 -0.009823 -0.0328122 -0.0344329 -0.009803 -0.0327918 -0.0344285 -0.00978205 -0.0327729 -0.0344238 -0.00975913 -0.032755 -0.0344191 -0.0097334 -0.0327386 -0.0344151 -0.00970411 -0.0327238 -0.0344122 -0.00967051 -0.0327105 -0.034411 -0.00963203 -0.0328776 -0.0345143 -0.00982972 -0.0329 -0.0345224 -0.00985245 -0.0328554 -0.0345079 -0.00980984 -0.0328337 -0.0345021 -0.00979143 -0.0328128 -0.0344962 -0.00977308 -0.0327928 -0.03449 -0.00975384 -0.0327744 -0.0344832 -0.00973286 -0.0327571 -0.0344764 -0.00970941 -0.0327415 -0.0344704 -0.0096828 -0.0327275 -0.034466 -0.00965217 -0.032715 -0.0344641 -0.00961682 -0.0328777 -0.0345785 -0.00978944 -0.0329 -0.0345877 -0.00980884 -0.0328556 -0.0345707 -0.00977225 -0.032834 -0.0345632 -0.00975598 -0.0328134 -0.0345554 -0.00973958 -0.0327936 -0.034547 -0.00972229 -0.0327756 -0.0345379 -0.00970347 -0.032759 -0.0345286 -0.00968258 -0.0327441 -0.0345199 -0.00965919 -0.0327311 -0.0345132 -0.00963235 -0.0327197 -0.0345102 -0.009601 -0.0328777 -0.034639 -0.00974449 -0.0329 -0.0346493 -0.00976016 -0.0328557 -0.0346295 -0.00973003 -0.0328342 -0.0346199 -0.00971597 -0.0328137 -0.03461 -0.00970167 -0.0327942 -0.0345992 -0.0096865 -0.0327765 -0.0345876 -0.00966997 -0.0327603 -0.0345754 -0.0096519 -0.0327461 -0.0345633 -0.00963225 -0.0327341 -0.0345531 -0.00961063 -0.0327243 -0.0345477 -0.00958566 -0.0328777 -0.0346956 -0.009695 -0.0329 -0.0347071 -0.00970708 -0.0328557 -0.0346839 -0.00968304 -0.0328343 -0.0346721 -0.0096712 -0.0328138 -0.0346597 -0.00965903 -0.0327944 -0.0346464 -0.00964603 -0.0327768 -0.0346321 -0.00963188 -0.0327608 -0.0346169 -0.00961675 -0.032747 -0.034601 -0.009601 -0.0327358 -0.0345857 -0.00958568 -0.032728 -0.0345734 -0.00957337 -0.0326 -0.034 -0.00899998 -0.032601 -0.0340785 -0.00899998 -0.0326057 -0.0340779 -0.00907727 -0.032601 -0.034 -0.00907843 -0.0326038 -0.0341565 -0.00899998 -0.0326102 -0.0341552 -0.00907645 -0.0326083 -0.0342335 -0.00899998 -0.0326154 -0.0342316 -0.00907592 -0.0326148 -0.0343091 -0.00899998 -0.0326219 -0.0343064 -0.00907558 -0.0326228 -0.0343827 -0.00899998 -0.0326296 -0.0343792 -0.00907534 -0.0326328 -0.034454 -0.00899998 -0.032639 -0.0344494 -0.0090751 -0.0326443 -0.0345226 -0.00899998 -0.0326498 -0.0345166 -0.00907488 -0.0326574 -0.0345879 -0.00899998 -0.0326622 -0.0345804 -0.0090747 -0.032672 -0.0346495 -0.00899998 -0.0326761 -0.03464 -0.00907459 -0.0326879 -0.0347072 -0.00899998 -0.0326914 -0.0346951 -0.00907454 -0.0326106 -0.0340772 -0.00915408 -0.0326038 -0.034 -0.00915642 -0.0326166 -0.034154 -0.00915242 -0.0326225 -0.0342296 -0.00915134 -0.0326291 -0.0343036 -0.0091506 -0.0326365 -0.0343754 -0.00915002 -0.0326454 -0.0344446 -0.00914947 -0.0326555 -0.0345105 -0.00914894 -0.0326672 -0.0345726 -0.00914851 -0.0326803 -0.0346303 -0.00914821 -0.0326949 -0.0346831 -0.00914809 -0.0326163 -0.0340767 -0.00922993 -0.0326083 -0.034 -0.00923344 -0.0326232 -0.0341528 -0.00922744 -0.0326296 -0.0342277 -0.00922571 -0.0326362 -0.0343009 -0.00922445 -0.0326434 -0.0343718 -0.00922338 -0.0326518 -0.0344397 -0.0092223 -0.0326613 -0.0345042 -0.00922127 -0.0326722 -0.0345647 -0.0092204 -0.0326846 -0.0346205 -0.00921982 -0.0326984 -0.0346712 -0.00921957 -0.0326231 -0.0340761 -0.00930436 -0.0326148 -0.034 -0.00930902 -0.0326303 -0.0341517 -0.00930097 -0.0326369 -0.0342259 -0.0092985 -0.0326434 -0.0342982 -0.0092965 -0.0326504 -0.0343681 -0.00929468 -0.0326583 -0.0344347 -0.00929277 -0.0326672 -0.0344977 -0.00929096 -0.0326775 -0.0345564 -0.0092894 -0.0326891 -0.0346103 -0.00928833 -0.0327022 -0.034659 -0.00928788 -0.032631 -0.0340757 -0.00937689 -0.0326228 -0.034 -0.00938271 -0.0326381 -0.0341507 -0.00937258 -0.0326446 -0.0342243 -0.00936922 -0.032651 -0.0342957 -0.00936626 -0.0326576 -0.0343645 -0.00936338 -0.0326651 -0.0344296 -0.00936029 -0.0326734 -0.0344909 -0.00935732 -0.0326829 -0.0345477 -0.00935475 -0.0326938 -0.0345995 -0.00935298 -0.0327061 -0.0346461 -0.00935224 -0.0326404 -0.0340753 -0.00944704 -0.0326328 -0.034 -0.00945401 -0.0326471 -0.0341498 -0.00944171 -0.0326532 -0.0342228 -0.00943725 -0.0326592 -0.0342933 -0.00943298 -0.0326654 -0.0343609 -0.00942859 -0.0326723 -0.0344244 -0.00942383 -0.03268 -0.0344837 -0.00941917 -0.0326888 -0.0345383 -0.00941514 -0.032699 -0.0345877 -0.00941232 -0.0327104 -0.0346318 -0.00941114 -0.0326511 -0.034075 -0.00951444 -0.0326443 -0.034 -0.00952252 -0.0326571 -0.0341491 -0.00950795 -0.0326626 -0.0342215 -0.00950214 -0.0326681 -0.0342912 -0.00949626 -0.0326739 -0.0343576 -0.00949005 -0.0326802 -0.0344194 -0.00948323 -0.0326872 -0.0344767 -0.00947649 -0.0326952 -0.0345288 -0.00947046 -0.0327044 -0.0345755 -0.00946608 -0.032715 -0.0346167 -0.00946419 -0.0326632 -0.0340748 -0.00957864 -0.0326574 -0.034 -0.00958782 -0.0326684 -0.0341486 -0.00957079 -0.0326733 -0.0342205 -0.00956328 -0.0326782 -0.0342895 -0.00955547 -0.0326833 -0.0343549 -0.00954713 -0.032689 -0.0344152 -0.00953796 -0.0326953 -0.0344705 -0.00952868 -0.0327023 -0.03452 -0.00951996 -0.0327104 -0.0345634 -0.00951327 -0.0327197 -0.034601 -0.00951028 -0.0326767 -0.0340746 -0.00963919 -0.032672 -0.034 -0.00964948 -0.0326811 -0.0341482 -0.00962962 -0.0326853 -0.0342198 -0.00962006 -0.0326896 -0.0342884 -0.00961004 -0.0326941 -0.034353 -0.00959935 -0.0326991 -0.0344124 -0.0095876 -0.0327045 -0.0344661 -0.00957544 -0.0327104 -0.0345133 -0.00956336 -0.0327169 -0.0345531 -0.00955311 -0.0327243 -0.0345856 -0.00954776 -0.0329 -0.035 -0.00899998 -0.0329 -0.0349966 -0.00907841 -0.0328769 -0.0349812 -0.0090778 -0.0328766 -0.0349967 -0.00899998 -0.0329 -0.0349875 -0.00915637 -0.0328772 -0.0349662 -0.00915514 -0.0329 -0.0349722 -0.00923337 -0.0328773 -0.0349487 -0.00923145 -0.0329 -0.0349508 -0.0093089 -0.0328774 -0.0349272 -0.00930621 -0.0329 -0.0349239 -0.00938265 -0.0328775 -0.0349014 -0.00937909 -0.0329 -0.0348908 -0.00945383 -0.0328776 -0.0348701 -0.00944921 -0.0329 -0.0348525 -0.00952237 -0.0328776 -0.0348341 -0.00951648 -0.0329 -0.0348089 -0.00958764 -0.0328777 -0.0347929 -0.0095802 -0.0329 -0.0347602 -0.00964922 -0.0328777 -0.0347466 -0.00963978 -0.0328539 -0.0349648 -0.00907719 -0.0328532 -0.0349876 -0.00899998 -0.0328544 -0.0349448 -0.00915387 -0.0328547 -0.034925 -0.00922949 -0.032855 -0.0349032 -0.00930344 -0.0328551 -0.0348785 -0.00937537 -0.0328553 -0.034849 -0.00944438 -0.0328554 -0.0348151 -0.00951032 -0.0328556 -0.0347764 -0.00957243 -0.0328557 -0.0347326 -0.00963007 -0.0328312 -0.0349459 -0.00907661 -0.0328301 -0.0349723 -0.00899998 -0.0328319 -0.0349229 -0.00915268 -0.0328324 -0.0349014 -0.0092276 -0.0328328 -0.0348795 -0.00930073 -0.0328331 -0.0348556 -0.0093717 -0.0328335 -0.0348277 -0.00943952 -0.0328338 -0.0347959 -0.00950406 -0.032834 -0.0347595 -0.00956452 -0.0328342 -0.0347182 -0.00962028 -0.0328089 -0.0349233 -0.00907609 -0.0328075 -0.034951 -0.00899998 -0.0328099 -0.0348993 -0.00915158 -0.0328107 -0.0348773 -0.00922582 -0.0328113 -0.0348554 -0.00929811 -0.0328118 -0.0348323 -0.00936806 -0.0328124 -0.0348059 -0.00943457 -0.0328129 -0.0347761 -0.00949759 -0.0328134 -0.0347421 -0.0095563 -0.0328137 -0.0347033 -0.00961015 -0.032787 -0.0348968 -0.00907562 -0.0327853 -0.034924 -0.00899998 -0.0327883 -0.0348731 -0.00915058 -0.0327893 -0.0348515 -0.00922415 -0.0327902 -0.0348302 -0.00929557 -0.0327911 -0.034808 -0.0093644 -0.032792 -0.0347832 -0.00942945 -0.0327929 -0.0347554 -0.00949075 -0.0327936 -0.0347237 -0.00954754 -0.0327942 -0.0346875 -0.00959931 -0.0327661 -0.0348656 -0.00907524 -0.032764 -0.034891 -0.00899998 -0.0327677 -0.0348434 -0.00914973 -0.032769 -0.0348231 -0.00922268 -0.0327703 -0.0348031 -0.0092932 -0.0327716 -0.0347822 -0.00936084 -0.032773 -0.0347592 -0.00942424 -0.0327744 -0.0347335 -0.00948359 -0.0327756 -0.0347042 -0.00953818 -0.0327765 -0.0346705 -0.00958759 -0.0327458 -0.0348299 -0.00907492 -0.0327434 -0.0348527 -0.00899998 -0.0327477 -0.03481 -0.00914903 -0.0327495 -0.0347915 -0.00922139 -0.0327512 -0.0347731 -0.00929107 -0.0327531 -0.034754 -0.00935752 -0.0327551 -0.0347329 -0.00941927 -0.0327572 -0.0347094 -0.00947659 -0.032759 -0.0346828 -0.00952872 -0.0327603 -0.0346521 -0.00957537 -0.0327265 -0.0347896 -0.0090747 -0.0327238 -0.0348091 -0.00899998 -0.0327289 -0.0347724 -0.0091485 -0.0327311 -0.0347561 -0.00922039 -0.0327335 -0.0347396 -0.00928936 -0.032736 -0.0347224 -0.00935479 -0.0327387 -0.0347035 -0.00941509 -0.0327415 -0.0346826 -0.00947042 -0.0327441 -0.0346592 -0.00951992 -0.0327461 -0.0346323 -0.0095633 -0.0327084 -0.0347447 -0.00907457 -0.0327053 -0.0347605 -0.00899998 -0.0327113 -0.0347302 -0.00914817 -0.0327141 -0.0347161 -0.00921976 -0.0327171 -0.0347018 -0.00928824 -0.0327203 -0.0346867 -0.00935296 -0.0327238 -0.0346701 -0.00941221 -0.0327275 -0.034652 -0.009466 -0.0327311 -0.0346323 -0.0095132 -0.0327341 -0.0346107 -0.00955304 -0.0329 -0.034 0.01 -0.0329 -0.0340784 0.00999667 -0.0328769 -0.0340778 0.0099812 -0.0328766 -0.034 0.00999668 -0.0329 -0.0341564 0.00998752 -0.0328772 -0.0341552 0.00996622 -0.0329 -0.0342334 0.00997221 -0.0328773 -0.0342315 0.00994874 -0.0329 -0.0343089 0.00995081 -0.0328774 -0.0343062 0.0099272 -0.0329 -0.0343827 0.00992391 -0.0328775 -0.0343791 0.00990143 -0.0329 -0.0344539 0.00989078 -0.0328776 -0.0344492 0.00987015 -0.0329 -0.0345224 0.00985252 -0.0328776 -0.0345165 0.00983409 -0.0329 -0.0345877 0.00980889 -0.0328777 -0.0345802 0.00979291 -0.0329 -0.0346493 0.00976021 -0.0328777 -0.0346398 0.00974661 -0.0329 -0.0347071 0.00970714 -0.0328777 -0.034695 0.00969559 -0.0328539 -0.0340772 0.00996481 -0.0328532 -0.034 0.0099876 -0.0328544 -0.0341539 0.0099448 -0.0328547 -0.0342295 0.00992505 -0.032855 -0.0343035 0.00990328 -0.0328551 -0.0343754 0.00987852 -0.0328553 -0.0344444 0.00984902 -0.0328554 -0.0345104 0.00981514 -0.0328556 -0.0345725 0.0097764 -0.0328557 -0.0346301 0.00973259 -0.0328557 -0.0346831 0.00968392 -0.0328312 -0.0340766 0.00994592 -0.0328301 -0.034 0.00997233 -0.0328319 -0.0341527 0.00992291 -0.0328324 -0.0342276 0.00990147 -0.0328328 -0.0343008 0.00987951 -0.0328331 -0.0343717 0.00985559 -0.0328335 -0.0344395 0.0098277 -0.0328338 -0.0345041 0.00979591 -0.032834 -0.0345645 0.00975955 -0.0328342 -0.0346203 0.00971825 -0.0328343 -0.0346712 0.00967209 -0.0328089 -0.0340761 0.00992336 -0.0328075 -0.034 0.00995103 -0.0328099 -0.0341516 0.0098993 -0.0328107 -0.0342259 0.00987732 -0.0328113 -0.0342981 0.00985548 -0.0328118 -0.0343681 0.00983234 -0.0328124 -0.0344346 0.00980596 -0.0328129 -0.0344976 0.00977614 -0.0328134 -0.0345563 0.00974213 -0.0328137 -0.0346102 0.00970335 -0.0328138 -0.0346591 0.00965971 -0.032787 -0.0340757 0.00989678 -0.0327853 -0.034 0.00992399 -0.0327883 -0.0341506 0.00987309 -0.0327893 -0.0342242 0.0098515 -0.0327902 -0.0342956 0.00983024 -0.0327911 -0.0343644 0.00980804 -0.032792 -0.0344295 0.00978322 -0.0327929 -0.0344908 0.0097554 -0.0327936 -0.0345476 0.00972373 -0.0327942 -0.0345993 0.0096875 -0.0327944 -0.0346461 0.00964645 -0.0327661 -0.0340753 0.00986558 -0.032764 -0.034 0.00989105 -0.0327677 -0.0341498 0.00984344 -0.032769 -0.0342227 0.00982315 -0.0327703 -0.0342932 0.00980311 -0.0327716 -0.0343609 0.00978226 -0.032773 -0.0344243 0.0097592 -0.0327744 -0.0344836 0.00973348 -0.0327756 -0.0345382 0.00970418 -0.0327765 -0.0345876 0.0096705 -0.0327768 -0.0346319 0.00963213 -0.0327458 -0.034075 0.0098299 -0.0327434 -0.034 0.00985274 -0.0327477 -0.0341491 0.00980999 -0.0327495 -0.0342214 0.00979154 -0.0327512 -0.0342911 0.00977315 -0.0327531 -0.0343576 0.009754 -0.0327551 -0.0344193 0.0097329 -0.0327572 -0.0344766 0.00970948 -0.032759 -0.0345288 0.00968284 -0.0327603 -0.0345754 0.00965214 -0.0327608 -0.0346168 0.00961688 -0.0327265 -0.0340747 0.00978963 -0.0327238 -0.034 0.00980911 -0.0327289 -0.0341485 0.0097724 -0.0327311 -0.0342204 0.00975611 -0.0327335 -0.0342894 0.00973968 -0.032736 -0.0343548 0.00972246 -0.0327387 -0.0344151 0.00970353 -0.0327415 -0.0344705 0.00968266 -0.0327441 -0.0345199 0.00965925 -0.0327461 -0.0345633 0.00963235 -0.032747 -0.034601 0.00960108 -0.0327084 -0.0340746 0.00974473 -0.0327053 -0.034 0.00976049 -0.0327113 -0.0341482 0.00973024 -0.0327141 -0.0342198 0.00971618 -0.0327171 -0.0342883 0.00970184 -0.0327203 -0.034353 0.00968672 -0.0327238 -0.0344122 0.00967009 -0.0327275 -0.034466 0.00965203 -0.0327311 -0.0345132 0.00963236 -0.0327341 -0.0345531 0.00961069 -0.0327358 -0.0345857 0.00958574 -0.0326914 -0.0340746 0.00969509 -0.0326879 -0.034 0.00970723 -0.0326949 -0.0341481 0.00968311 -0.0326984 -0.0342196 0.00967125 -0.0327022 -0.0342879 0.00965904 -0.0327061 -0.0343523 0.00964611 -0.0327104 -0.0344112 0.00963187 -0.032715 -0.0344642 0.00961675 -0.0327197 -0.0345103 0.00960098 -0.0327243 -0.0345478 0.00958564 -0.032728 -0.0345734 0.00957343 -0.0329 -0.035 0.00900003 -0.0328766 -0.0349967 0.00900003 -0.0328767 -0.0349812 0.0090773 -0.0329 -0.0349966 0.00907847 -0.0328532 -0.0349876 0.00900003 -0.0328536 -0.0349662 0.00907647 -0.0328301 -0.0349723 0.00900003 -0.0328307 -0.0349487 0.00907595 -0.0328075 -0.034951 0.00900003 -0.0328083 -0.0349273 0.00907561 -0.0327853 -0.034924 0.00900003 -0.0327863 -0.0349014 0.00907536 -0.032764 -0.034891 0.00900003 -0.0327654 -0.0348703 0.00907513 -0.0327434 -0.0348527 0.00900003 -0.0327452 -0.0348342 0.00907492 -0.0327238 -0.0348091 0.00900003 -0.032726 -0.034793 0.00907475 -0.0327053 -0.0347605 0.00900003 -0.0327082 -0.0347468 0.00907462 -0.0326879 -0.0347072 0.00900003 -0.0326915 -0.0346956 0.00907457 -0.0328769 -0.0349648 0.00915409 -0.0329 -0.0349875 0.00915644 -0.032854 -0.0349448 0.00915245 -0.0328313 -0.034925 0.00915135 -0.0328091 -0.0349033 0.00915061 -0.0327874 -0.0348784 0.00915004 -0.0327668 -0.0348491 0.00914949 -0.032747 -0.0348152 0.00914897 -0.0327284 -0.0347765 0.00914853 -0.0327111 -0.0347327 0.00914823 -0.0326951 -0.0346839 0.0091481 -0.0328771 -0.0349459 0.00922993 -0.0329 -0.0349722 0.00923343 -0.0328543 -0.0349229 0.00922744 -0.0328319 -0.0349014 0.00922571 -0.03281 -0.0348795 0.00922445 -0.0327886 -0.0348555 0.00922337 -0.0327683 -0.0348278 0.0092223 -0.0327489 -0.0347959 0.00922127 -0.0327307 -0.0347596 0.0092204 -0.032714 -0.0347184 0.00921982 -0.0326987 -0.0346721 0.00921957 -0.0328773 -0.0349232 0.0093043 -0.0329 -0.0349508 0.00930895 -0.0328546 -0.0348992 0.00930093 -0.0328324 -0.0348772 0.00929845 -0.0328107 -0.0348554 0.00929646 -0.0327896 -0.0348322 0.00929463 -0.0327698 -0.0348059 0.00929275 -0.0327508 -0.0347761 0.00929091 -0.0327332 -0.0347421 0.00928936 -0.032717 -0.0347034 0.00928829 -0.0327023 -0.0346597 0.00928784 -0.0328774 -0.0348968 0.00937692 -0.0329 -0.0349239 0.00938272 -0.0328549 -0.0348731 0.0093726 -0.0328329 -0.0348515 0.00936926 -0.0328115 -0.0348303 0.0093663 -0.0327907 -0.034808 0.00936339 -0.0327713 -0.0347833 0.00936033 -0.0327529 -0.0347555 0.00935734 -0.0327358 -0.0347238 0.00935479 -0.0327203 -0.0346876 0.00935301 -0.0327062 -0.0346465 0.00935226 -0.0328775 -0.0348654 0.00944695 -0.0329 -0.0348908 0.0094539 -0.0328552 -0.0348433 0.00944163 -0.0328333 -0.034823 0.00943717 -0.0328122 -0.034803 0.00943291 -0.0327918 -0.0347821 0.00942851 -0.0327729 -0.0347592 0.00942378 -0.032755 -0.0347334 0.00941912 -0.0327386 -0.0347041 0.00941509 -0.0327238 -0.0346705 0.00941226 -0.0327105 -0.0346321 0.00941106 -0.0328776 -0.0348298 0.00951437 -0.0329 -0.0348525 0.00952243 -0.0328554 -0.0348099 0.0095079 -0.0328337 -0.0347915 0.0095021 -0.0328128 -0.0347731 0.00949623 -0.0327928 -0.0347539 0.00948999 -0.0327744 -0.0347329 0.00948322 -0.0327571 -0.0347094 0.00947646 -0.0327415 -0.0346828 0.00947043 -0.0327275 -0.0346522 0.00946606 -0.032715 -0.0346168 0.00946414 -0.0328777 -0.0347895 0.00957855 -0.0329 -0.0348089 0.00958771 -0.0328556 -0.0347723 0.00957074 -0.032834 -0.034756 0.00956324 -0.0328134 -0.0347396 0.00955545 -0.0327936 -0.0347223 0.00954708 -0.0327756 -0.0347035 0.00953797 -0.032759 -0.0346826 0.00952867 -0.0327441 -0.0346592 0.00951995 -0.0327311 -0.0346324 0.00951326 -0.0327197 -0.034601 0.00951023 -0.0328777 -0.0347445 0.00963905 -0.0329 -0.0347602 0.00964929 -0.0328557 -0.0347301 0.00962951 -0.0328342 -0.034716 0.00961997 -0.0328137 -0.0347017 0.00960999 -0.0327942 -0.0346865 0.00959925 -0.0327765 -0.03467 0.00958759 -0.0327603 -0.0346519 0.0095754 -0.0327461 -0.0346323 0.00956334 -0.0327341 -0.0346107 0.0095531 -0.0327243 -0.0345857 0.00954769 -0.0326 -0.034 0.00900003 -0.032601 -0.034 0.0090785 -0.0326057 -0.0340773 0.0090779 -0.032601 -0.0340785 0.00900003 -0.0326038 -0.034 0.00915648 -0.0326102 -0.0340765 0.00915524 -0.0326083 -0.034 0.00923351 -0.0326154 -0.0340759 0.00923158 -0.0326148 -0.034 0.00930909 -0.0326219 -0.0340756 0.00930639 -0.0326228 -0.034 0.00938277 -0.0326296 -0.0340754 0.00937918 -0.0326328 -0.034 0.00945408 -0.032639 -0.0340751 0.00944943 -0.0326443 -0.034 0.00952259 -0.0326498 -0.0340749 0.00951667 -0.0326574 -0.034 0.00958788 -0.0326622 -0.0340747 0.00958039 -0.032672 -0.034 0.00964954 -0.0326761 -0.0340746 0.00964002 -0.0326106 -0.0341541 0.00907728 -0.0326038 -0.0341565 0.00900003 -0.0326166 -0.0341525 0.00915398 -0.0326225 -0.0341514 0.0092296 -0.0326291 -0.0341506 0.00930359 -0.0326365 -0.0341501 0.00937547 -0.0326454 -0.0341495 0.00944459 -0.0326555 -0.034149 0.0095105 -0.0326672 -0.0341485 0.0095726 -0.0326803 -0.0341482 0.00963029 -0.0326163 -0.03423 0.00907669 -0.0326083 -0.0342335 0.00900003 -0.0326232 -0.0342275 0.00915279 -0.0326296 -0.0342257 0.00922771 -0.0326362 -0.0342245 0.00930089 -0.0326434 -0.0342234 0.00937178 -0.0326518 -0.0342223 0.00943971 -0.0326613 -0.0342213 0.00950421 -0.0326722 -0.0342204 0.00956468 -0.0326846 -0.0342198 0.00962049 -0.0326231 -0.0343044 0.00907617 -0.0326148 -0.0343091 0.00900003 -0.0326303 -0.034301 0.00915168 -0.0326369 -0.0342985 0.00922593 -0.0326434 -0.0342965 0.00929826 -0.0326504 -0.0342947 0.00936813 -0.0326583 -0.0342928 0.00943475 -0.0326672 -0.034291 0.00949773 -0.0326775 -0.0342894 0.00955644 -0.0326891 -0.0342884 0.00961032 -0.032631 -0.0343769 0.0090757 -0.0326228 -0.0343827 0.00900003 -0.0326381 -0.0343726 0.00915069 -0.0326446 -0.0343693 0.00922427 -0.032651 -0.0343663 0.00929575 -0.0326576 -0.0343634 0.0093645 -0.0326651 -0.0343603 0.00942965 -0.0326734 -0.0343573 0.00949092 -0.0326829 -0.0343548 0.00954772 -0.0326938 -0.034353 0.00959954 -0.0326404 -0.0344471 0.00907532 -0.0326328 -0.034454 0.00900003 -0.0326471 -0.0344417 0.00914984 -0.0326532 -0.0344373 0.00922279 -0.0326592 -0.034433 0.00929336 -0.0326654 -0.0344286 0.00936091 -0.0326723 -0.0344239 0.00942441 -0.03268 -0.0344192 0.00948371 -0.0326888 -0.0344152 0.00953829 -0.032699 -0.0344124 0.00958772 -0.0326511 -0.0345145 0.00907502 -0.0326443 -0.0345226 0.00900003 -0.0326571 -0.034508 0.00914913 -0.0326626 -0.0345022 0.00922151 -0.0326681 -0.0344963 0.00929124 -0.0326739 -0.0344901 0.0093576 -0.0326802 -0.0344833 0.00941945 -0.0326872 -0.0344765 0.00947672 -0.0326952 -0.0344705 0.00952886 -0.0327044 -0.0344661 0.00957552 -0.0326632 -0.0345787 0.00907479 -0.0326574 -0.0345879 0.00900003 -0.0326684 -0.0345708 0.00914861 -0.0326733 -0.0345633 0.00922051 -0.0326782 -0.0345555 0.00928953 -0.0326833 -0.0345472 0.00935488 -0.032689 -0.034538 0.00941527 -0.0326953 -0.0345287 0.00947057 -0.0327023 -0.03452 0.00952004 -0.0327104 -0.0345133 0.00956343 -0.0326767 -0.0346392 0.00907465 -0.032672 -0.0346495 0.00900003 -0.0326811 -0.0346297 0.00914828 -0.0326853 -0.0346201 0.00921988 -0.0326896 -0.0346101 0.0092884 -0.0326941 -0.0345994 0.00935305 -0.0326991 -0.0345876 0.00941239 -0.0327045 -0.0345755 0.00946615 -0.0327104 -0.0345634 0.00951334 -0.0327169 -0.0345531 0.00955316 -0.0383 -0.034 -0.00999997 -0.0383 -0.0340784 -0.0099966 -0.0383231 -0.0340778 -0.00998113 -0.0383234 -0.034 -0.00999663 -0.0383 -0.0341564 -0.00998747 -0.0383228 -0.0341552 -0.00996616 -0.0383 -0.0342334 -0.00997216 -0.0383227 -0.0342315 -0.00994868 -0.0383 -0.0343089 -0.00995076 -0.0383226 -0.0343062 -0.00992715 -0.0383 -0.0343827 -0.00992384 -0.0383225 -0.0343791 -0.00990137 -0.0383 -0.0344539 -0.00989072 -0.0383224 -0.0344492 -0.00987008 -0.0383 -0.0345224 -0.00985245 -0.0383224 -0.0345165 -0.00983402 -0.0383 -0.0345877 -0.00980884 -0.0383223 -0.0345802 -0.00979284 -0.0383 -0.0346493 -0.00976016 -0.0383223 -0.0346398 -0.00974656 -0.0383 -0.0347071 -0.00970708 -0.0383223 -0.034695 -0.00969553 -0.0383461 -0.0340772 -0.00996474 -0.0383468 -0.034 -0.00998755 -0.0383456 -0.0341539 -0.00994475 -0.0383453 -0.0342295 -0.009925 -0.038345 -0.0343035 -0.00990321 -0.0383449 -0.0343754 -0.00987845 -0.0383447 -0.0344444 -0.00984895 -0.0383446 -0.0345104 -0.00981508 -0.0383444 -0.0345725 -0.00977633 -0.0383443 -0.0346301 -0.00973252 -0.0383443 -0.0346831 -0.00968387 -0.0383688 -0.0340766 -0.00994585 -0.0383699 -0.034 -0.00997226 -0.0383681 -0.0341527 -0.00992284 -0.0383675 -0.0342276 -0.00990142 -0.0383672 -0.0343008 -0.00987944 -0.0383669 -0.0343717 -0.00985553 -0.0383665 -0.0344395 -0.00982765 -0.0383662 -0.0345041 -0.00979584 -0.038366 -0.0345645 -0.00975949 -0.0383658 -0.0346203 -0.00971819 -0.0383657 -0.0346712 -0.00967202 -0.0383911 -0.0340761 -0.0099233 -0.0383925 -0.034 -0.00995096 -0.0383901 -0.0341516 -0.00989924 -0.0383893 -0.0342259 -0.00987725 -0.0383887 -0.0342981 -0.00985542 -0.0383882 -0.0343681 -0.00983228 -0.0383876 -0.0344346 -0.00980589 -0.0383871 -0.0344976 -0.00977609 -0.0383866 -0.0345563 -0.00974206 -0.0383863 -0.0346102 -0.00970329 -0.0383862 -0.0346591 -0.00965966 -0.038413 -0.0340757 -0.00989671 -0.0384147 -0.034 -0.00992394 -0.0384117 -0.0341506 -0.00987304 -0.0384107 -0.0342242 -0.00985145 -0.0384098 -0.0342956 -0.00983018 -0.0384089 -0.0343644 -0.00980798 -0.038408 -0.0344295 -0.00978315 -0.0384071 -0.0344908 -0.00975535 -0.0384064 -0.0345476 -0.00972368 -0.0384058 -0.0345993 -0.00968743 -0.0384056 -0.0346461 -0.0096464 -0.0384339 -0.0340753 -0.00986553 -0.038436 -0.034 -0.00989098 -0.0384323 -0.0341498 -0.00984337 -0.038431 -0.0342227 -0.00982308 -0.0384297 -0.0342932 -0.00980304 -0.0384284 -0.0343609 -0.0097822 -0.038427 -0.0344243 -0.00975914 -0.0384256 -0.0344836 -0.00973341 -0.0384244 -0.0345382 -0.00970411 -0.0384235 -0.0345876 -0.00967045 -0.0384232 -0.0346319 -0.00963207 -0.0384542 -0.034075 -0.00982984 -0.0384566 -0.034 -0.00985267 -0.0384522 -0.0341491 -0.00980992 -0.0384505 -0.0342214 -0.00979148 -0.0384487 -0.0342911 -0.00977308 -0.0384469 -0.0343576 -0.00975393 -0.0384449 -0.0344193 -0.00973285 -0.0384428 -0.0344766 -0.00970941 -0.038441 -0.0345288 -0.00968278 -0.0384397 -0.0345754 -0.00965209 -0.0384392 -0.0346168 -0.00961683 -0.0384735 -0.0340747 -0.00978956 -0.0384762 -0.034 -0.00980904 -0.0384711 -0.0341485 -0.00977235 -0.0384689 -0.0342204 -0.00975604 -0.0384665 -0.0342894 -0.00973961 -0.038464 -0.0343548 -0.0097224 -0.0384613 -0.0344151 -0.00970347 -0.0384585 -0.0344705 -0.00968259 -0.0384559 -0.0345199 -0.00965919 -0.0384539 -0.0345633 -0.00963229 -0.038453 -0.034601 -0.00960101 -0.0384916 -0.0340746 -0.00974468 -0.0384947 -0.034 -0.00976043 -0.0384887 -0.0341482 -0.00973018 -0.0384859 -0.0342198 -0.00971611 -0.0384829 -0.0342883 -0.00970177 -0.0384797 -0.034353 -0.00968666 -0.0384762 -0.0344122 -0.00967003 -0.0384725 -0.034466 -0.00965198 -0.0384689 -0.0345132 -0.00963231 -0.0384659 -0.0345531 -0.00961063 -0.0384642 -0.0345857 -0.00958568 -0.0385086 -0.0340746 -0.00969503 -0.0385121 -0.034 -0.00970717 -0.0385051 -0.0341481 -0.00968304 -0.0385016 -0.0342196 -0.00967119 -0.0384978 -0.0342879 -0.00965897 -0.0384939 -0.0343523 -0.00964606 -0.0384896 -0.0344112 -0.0096318 -0.038485 -0.0344642 -0.00961669 -0.0384803 -0.0345103 -0.00960093 -0.0384757 -0.0345478 -0.00958559 -0.038472 -0.0345734 -0.00957337 -0.0383 -0.035 -0.00899998 -0.0383234 -0.0349967 -0.00899998 -0.0383233 -0.0349812 -0.00907724 -0.0383 -0.0349966 -0.00907841 -0.0383468 -0.0349876 -0.00899998 -0.0383464 -0.0349662 -0.00907642 -0.0383699 -0.0349723 -0.00899998 -0.0383693 -0.0349487 -0.0090759 -0.0383925 -0.034951 -0.00899998 -0.0383917 -0.0349273 -0.00907555 -0.0384147 -0.034924 -0.00899998 -0.0384137 -0.0349014 -0.00907531 -0.038436 -0.034891 -0.00899998 -0.0384346 -0.0348703 -0.00907507 -0.0384566 -0.0348527 -0.00899998 -0.0384548 -0.0348342 -0.00907485 -0.0384762 -0.0348091 -0.00899998 -0.038474 -0.034793 -0.00907468 -0.0384947 -0.0347605 -0.00899998 -0.0384918 -0.0347468 -0.00907457 -0.0385121 -0.0347072 -0.00899998 -0.0385085 -0.0346956 -0.00907451 -0.0383231 -0.0349648 -0.00915404 -0.0383 -0.0349875 -0.00915637 -0.038346 -0.0349448 -0.00915239 -0.0383687 -0.034925 -0.0091513 -0.0383908 -0.0349033 -0.00915056 -0.0384125 -0.0348784 -0.00914998 -0.0384332 -0.0348491 -0.00914942 -0.038453 -0.0348152 -0.0091489 -0.0384716 -0.0347765 -0.00914846 -0.0384889 -0.0347327 -0.00914817 -0.0385049 -0.0346839 -0.00914805 -0.0383229 -0.0349459 -0.00922988 -0.0383 -0.0349722 -0.00923337 -0.0383457 -0.0349229 -0.00922738 -0.0383681 -0.0349014 -0.00922565 -0.03839 -0.0348795 -0.00922438 -0.0384114 -0.0348555 -0.00922331 -0.0384317 -0.0348278 -0.00922224 -0.0384511 -0.0347959 -0.00922121 -0.0384693 -0.0347596 -0.00922035 -0.038486 -0.0347184 -0.00921975 -0.0385013 -0.0346721 -0.0092195 -0.0383227 -0.0349232 -0.00930425 -0.0383 -0.0349508 -0.0093089 -0.0383454 -0.0348992 -0.00930086 -0.0383676 -0.0348772 -0.0092984 -0.0383893 -0.0348554 -0.00929641 -0.0384104 -0.0348322 -0.00929457 -0.0384302 -0.0348059 -0.00929268 -0.0384492 -0.0347761 -0.00929086 -0.0384668 -0.0347421 -0.00928931 -0.0384829 -0.0347034 -0.00928822 -0.0384977 -0.0346597 -0.00928777 -0.0383226 -0.0348968 -0.00937685 -0.0383 -0.0349239 -0.00938265 -0.0383451 -0.0348731 -0.00937255 -0.0383671 -0.0348515 -0.00936919 -0.0383885 -0.0348303 -0.00936623 -0.0384093 -0.034808 -0.00936333 -0.0384287 -0.0347833 -0.00936028 -0.0384471 -0.0347555 -0.00935729 -0.0384642 -0.0347238 -0.00935473 -0.0384797 -0.0346876 -0.00935296 -0.0384938 -0.0346465 -0.0093522 -0.0383225 -0.0348654 -0.00944689 -0.0383 -0.0348908 -0.00945383 -0.0383448 -0.0348433 -0.00944157 -0.0383667 -0.034823 -0.00943712 -0.0383878 -0.034803 -0.00943285 -0.0384082 -0.0347821 -0.00942844 -0.0384271 -0.0347592 -0.00942372 -0.038445 -0.0347334 -0.00941906 -0.0384614 -0.0347041 -0.00941502 -0.0384762 -0.0346705 -0.00941219 -0.0384895 -0.0346321 -0.009411 -0.0383224 -0.0348298 -0.0095143 -0.0383 -0.0348525 -0.00952237 -0.0383446 -0.0348099 -0.00950784 -0.0383663 -0.0347915 -0.00950204 -0.0383872 -0.0347731 -0.00949616 -0.0384072 -0.0347539 -0.00948992 -0.0384256 -0.0347329 -0.00948317 -0.0384429 -0.0347094 -0.00947641 -0.0384585 -0.0346828 -0.00947038 -0.0384725 -0.0346522 -0.00946599 -0.038485 -0.0346168 -0.00946408 -0.0383223 -0.0347895 -0.0095785 -0.0383 -0.0348089 -0.00958764 -0.0383444 -0.0347723 -0.00957068 -0.038366 -0.034756 -0.00956317 -0.0383866 -0.0347396 -0.0095554 -0.0384064 -0.0347223 -0.00954702 -0.0384244 -0.0347035 -0.00953791 -0.038441 -0.0346826 -0.00952861 -0.0384559 -0.0346592 -0.00951989 -0.0384689 -0.0346324 -0.0095132 -0.0384803 -0.034601 -0.00951017 -0.0383223 -0.0347445 -0.009639 -0.0383 -0.0347602 -0.00964924 -0.0383443 -0.0347301 -0.00962946 -0.0383658 -0.034716 -0.00961991 -0.0383863 -0.0347017 -0.00960993 -0.0384058 -0.0346865 -0.00959919 -0.0384235 -0.03467 -0.00958753 -0.0384397 -0.0346519 -0.00957535 -0.0384539 -0.0346323 -0.00956328 -0.0384659 -0.0346107 -0.00955304 -0.0384757 -0.0345857 -0.00954763 -0.0386 -0.034 -0.00899998 -0.038599 -0.034 -0.00907843 -0.0385943 -0.0340773 -0.00907783 -0.038599 -0.0340785 -0.00899998 -0.0385962 -0.034 -0.00915642 -0.0385898 -0.0340765 -0.00915519 -0.0385916 -0.034 -0.00923344 -0.0385846 -0.0340759 -0.00923152 -0.0385852 -0.034 -0.00930902 -0.0385781 -0.0340756 -0.00930632 -0.0385772 -0.034 -0.00938271 -0.0385704 -0.0340754 -0.00937913 -0.0385672 -0.034 -0.00945401 -0.038561 -0.0340751 -0.00944936 -0.0385557 -0.034 -0.00952252 -0.0385502 -0.0340749 -0.0095166 -0.0385426 -0.034 -0.00958782 -0.0385378 -0.0340747 -0.00958034 -0.038528 -0.034 -0.00964948 -0.0385239 -0.0340746 -0.00963997 -0.0385894 -0.0341541 -0.00907721 -0.0385962 -0.0341565 -0.00899998 -0.0385834 -0.0341525 -0.00915393 -0.0385775 -0.0341514 -0.00922955 -0.0385709 -0.0341506 -0.00930354 -0.0385635 -0.0341501 -0.00937541 -0.0385546 -0.0341495 -0.00944452 -0.0385445 -0.034149 -0.00951043 -0.0385328 -0.0341485 -0.00957255 -0.0385197 -0.0341482 -0.00963024 -0.0385837 -0.03423 -0.00907664 -0.0385916 -0.0342335 -0.00899998 -0.0385768 -0.0342275 -0.00915272 -0.0385704 -0.0342257 -0.00922766 -0.0385638 -0.0342245 -0.00930082 -0.0385566 -0.0342234 -0.00937172 -0.0385482 -0.0342223 -0.00943964 -0.0385387 -0.0342213 -0.00950415 -0.0385278 -0.0342204 -0.00956463 -0.0385154 -0.0342198 -0.00962043 -0.0385769 -0.0343044 -0.00907612 -0.0385852 -0.0343091 -0.00899998 -0.0385697 -0.034301 -0.00915163 -0.0385631 -0.0342985 -0.00922587 -0.0385565 -0.0342965 -0.0092982 -0.0385496 -0.0342947 -0.00936808 -0.0385417 -0.0342928 -0.00943468 -0.0385327 -0.034291 -0.00949766 -0.0385225 -0.0342894 -0.00955637 -0.0385109 -0.0342884 -0.00961026 -0.038569 -0.0343769 -0.00907565 -0.0385772 -0.0343827 -0.00899998 -0.0385619 -0.0343726 -0.00915063 -0.0385554 -0.0343693 -0.00922422 -0.038549 -0.0343663 -0.00929568 -0.0385424 -0.0343634 -0.00936445 -0.0385349 -0.0343603 -0.00942959 -0.0385266 -0.0343573 -0.00949087 -0.0385171 -0.0343548 -0.00954767 -0.0385062 -0.034353 -0.00959947 -0.0385596 -0.0344471 -0.00907527 -0.0385672 -0.034454 -0.00899998 -0.0385529 -0.0344417 -0.00914977 -0.0385468 -0.0344373 -0.00922272 -0.0385408 -0.034433 -0.0092933 -0.0385346 -0.0344286 -0.00936085 -0.0385277 -0.0344239 -0.00942434 -0.0385199 -0.0344192 -0.00948366 -0.0385112 -0.0344152 -0.00953824 -0.038501 -0.0344124 -0.00958766 -0.0385489 -0.0345145 -0.00907495 -0.0385557 -0.0345226 -0.00899998 -0.0385429 -0.034508 -0.00914908 -0.0385374 -0.0345022 -0.00922145 -0.0385318 -0.0344963 -0.00929117 -0.0385261 -0.0344901 -0.00935755 -0.0385198 -0.0344833 -0.00941939 -0.0385128 -0.0344765 -0.00947667 -0.0385048 -0.0344705 -0.00952879 -0.0384955 -0.0344661 -0.00957546 -0.0385368 -0.0345787 -0.00907473 -0.0385426 -0.0345879 -0.00899998 -0.0385316 -0.0345708 -0.00914854 -0.0385267 -0.0345633 -0.00922046 -0.0385218 -0.0345555 -0.00928946 -0.0385166 -0.0345472 -0.00935482 -0.038511 -0.034538 -0.00941521 -0.0385047 -0.0345287 -0.0094705 -0.0384977 -0.03452 -0.00951999 -0.0384896 -0.0345133 -0.00956336 -0.0385233 -0.0346392 -0.00907459 -0.038528 -0.0346495 -0.00899998 -0.0385189 -0.0346297 -0.00914821 -0.0385147 -0.0346201 -0.00921982 -0.0385104 -0.0346101 -0.00928833 -0.0385059 -0.0345994 -0.009353 -0.0385009 -0.0345876 -0.00941233 -0.0384955 -0.0345755 -0.00946608 -0.0384896 -0.0345634 -0.00951327 -0.0384831 -0.0345531 -0.00955311 -0.0383 -0.034 0.01 -0.0383234 -0.034 0.00999668 -0.0383233 -0.0340773 0.00998119 -0.0383 -0.0340784 0.00999667 -0.0383468 -0.034 0.0099876 -0.0383464 -0.0340764 0.00996622 -0.0383699 -0.034 0.00997233 -0.0383693 -0.0340759 0.00994877 -0.0383925 -0.034 0.00995103 -0.0383917 -0.0340756 0.00992731 -0.0384147 -0.034 0.00992399 -0.0384137 -0.0340753 0.00990142 -0.038436 -0.034 0.00989105 -0.0384346 -0.0340751 0.00987031 -0.0384566 -0.034 0.00985274 -0.0384548 -0.0340749 0.00983421 -0.0384762 -0.034 0.00980911 -0.038474 -0.0340747 0.00979305 -0.0384947 -0.034 0.00976049 -0.0384918 -0.0340746 0.00974682 -0.0385121 -0.034 0.00970723 -0.0385085 -0.0340745 0.00969563 -0.0383231 -0.0341541 0.00996479 -0.0383 -0.0341564 0.00998752 -0.038346 -0.0341524 0.00994479 -0.0383687 -0.0341513 0.00992505 -0.0383908 -0.0341506 0.00990334 -0.0384125 -0.03415 0.00987847 -0.0384332 -0.0341495 0.00984913 -0.038453 -0.0341489 0.00981523 -0.0384716 -0.0341485 0.0097765 -0.0384889 -0.0341482 0.00973275 -0.0385049 -0.0341481 0.00968393 -0.0383229 -0.0342299 0.00994587 -0.0383 -0.0342334 0.00997221 -0.0383457 -0.0342274 0.00992288 -0.0383681 -0.0342257 0.00990146 -0.03839 -0.0342244 0.00987954 -0.0384114 -0.0342233 0.00985552 -0.0384317 -0.0342223 0.00982778 -0.0384511 -0.0342212 0.00979597 -0.0384693 -0.0342204 0.00975962 -0.038486 -0.0342198 0.00971839 -0.0385013 -0.0342195 0.00967209 -0.0383227 -0.0343043 0.00992325 -0.0383 -0.0343089 0.00995081 -0.0383454 -0.0343009 0.00989921 -0.0383676 -0.0342984 0.00987725 -0.0383893 -0.0342964 0.00985546 -0.0384104 -0.0342946 0.0098322 -0.0384302 -0.0342927 0.00980597 -0.0384492 -0.0342909 0.00977614 -0.0384668 -0.0342893 0.00974214 -0.0384829 -0.0342883 0.00970344 -0.0384977 -0.0342878 0.00965968 -0.0383226 -0.0343769 0.0098968 -0.0383 -0.0343827 0.00992391 -0.0383451 -0.0343726 0.00987313 -0.0383671 -0.0343692 0.00985157 -0.0383885 -0.0343663 0.00983035 -0.0384093 -0.0343634 0.00980803 -0.0384287 -0.0343603 0.00978334 -0.0384471 -0.0343573 0.0097555 -0.0384642 -0.0343548 0.00972384 -0.0384797 -0.034353 0.00968765 -0.0384938 -0.0343522 0.0096465 -0.0383225 -0.0344469 0.00986543 -0.0383 -0.0344539 0.00989078 -0.0383448 -0.0344416 0.00984332 -0.0383667 -0.0344371 0.00982306 -0.0383878 -0.0344329 0.00980307 -0.0384082 -0.0344285 0.00978212 -0.0384271 -0.0344238 0.0097592 -0.038445 -0.0344191 0.00973345 -0.0384614 -0.0344151 0.00970417 -0.0384762 -0.0344122 0.00967057 -0.0384895 -0.034411 0.00963209 -0.0383224 -0.0345143 0.00982979 -0.0383 -0.0345224 0.0098525 -0.0383446 -0.0345079 0.00980989 -0.0383663 -0.0345021 0.00979148 -0.0383872 -0.0344962 0.00977314 -0.0384072 -0.03449 0.00975389 -0.0384256 -0.0344832 0.00973293 -0.0384429 -0.0344764 0.00970948 -0.0384585 -0.0344704 0.00968285 -0.0384725 -0.034466 0.00965223 -0.038485 -0.0344641 0.00961687 -0.0383223 -0.0345785 0.00978951 -0.0383 -0.0345877 0.00980889 -0.0383444 -0.0345707 0.0097723 -0.038366 -0.0345632 0.00975603 -0.0383866 -0.0345554 0.00973965 -0.0384064 -0.034547 0.00972235 -0.0384244 -0.0345379 0.00970353 -0.038441 -0.0345286 0.00968263 -0.0384559 -0.0345199 0.00965925 -0.0384689 -0.0345132 0.00963242 -0.0384803 -0.0345102 0.00960105 -0.0383223 -0.034639 0.00974454 -0.0383 -0.0346493 0.00976021 -0.0383443 -0.0346295 0.00973008 -0.0383658 -0.0346199 0.00971604 -0.0383863 -0.03461 0.00970174 -0.0384058 -0.0345992 0.00968655 -0.0384235 -0.0345876 0.00967003 -0.0384397 -0.0345754 0.00965197 -0.0384539 -0.0345633 0.00963231 -0.0384659 -0.0345531 0.00961069 -0.0384757 -0.0345477 0.00958571 -0.0383223 -0.0346956 0.00969507 -0.0383 -0.0347071 0.00970714 -0.0383443 -0.0346839 0.0096831 -0.0383657 -0.0346721 0.00967127 -0.0383862 -0.0346597 0.00965909 -0.0384056 -0.0346464 0.00964608 -0.0384232 -0.0346321 0.00963195 -0.0384392 -0.0346169 0.00961682 -0.038453 -0.034601 0.00960105 -0.0384642 -0.0345857 0.00958574 -0.038472 -0.0345734 0.00957343 -0.0386 -0.034 0.00900003 -0.038599 -0.0340785 0.00900003 -0.0385943 -0.0340779 0.00907732 -0.038599 -0.034 0.0090785 -0.0385962 -0.0341565 0.00900003 -0.0385898 -0.0341552 0.0090765 -0.0385916 -0.0342335 0.00900003 -0.0385846 -0.0342316 0.00907598 -0.0385852 -0.0343091 0.00900003 -0.0385781 -0.0343064 0.00907564 -0.0385772 -0.0343827 0.00900003 -0.0385704 -0.0343792 0.00907539 -0.0385672 -0.034454 0.00900003 -0.038561 -0.0344494 0.00907516 -0.0385557 -0.0345226 0.00900003 -0.0385502 -0.0345166 0.00907495 -0.0385426 -0.0345879 0.00900003 -0.0385378 -0.0345804 0.00907477 -0.038528 -0.0346495 0.00900003 -0.0385239 -0.03464 0.00907465 -0.0385121 -0.0347072 0.00900003 -0.0385086 -0.0346951 0.00907461 -0.0385894 -0.0340772 0.00915413 -0.0385962 -0.034 0.00915648 -0.0385834 -0.034154 0.00915249 -0.0385775 -0.0342296 0.00915141 -0.0385709 -0.0343036 0.00915067 -0.0385635 -0.0343754 0.00915009 -0.0385546 -0.0344446 0.00914953 -0.0385445 -0.0345105 0.00914901 -0.0385328 -0.0345726 0.00914857 -0.0385197 -0.0346303 0.00914827 -0.0385051 -0.0346831 0.00914814 -0.0385837 -0.0340767 0.00922999 -0.0385916 -0.034 0.00923351 -0.0385768 -0.0341528 0.00922749 -0.0385704 -0.0342277 0.00922578 -0.0385638 -0.0343009 0.0092245 -0.0385566 -0.0343718 0.00922343 -0.0385482 -0.0344397 0.00922235 -0.0385387 -0.0345042 0.00922132 -0.0385278 -0.0345647 0.00922046 -0.0385154 -0.0346205 0.00921987 -0.0385016 -0.0346712 0.00921962 -0.0385769 -0.0340761 0.00930441 -0.0385852 -0.034 0.00930909 -0.0385697 -0.0341517 0.00930103 -0.0385631 -0.0342259 0.00929856 -0.0385565 -0.0342982 0.00929656 -0.0385496 -0.0343681 0.00929473 -0.0385417 -0.0344347 0.00929284 -0.0385327 -0.0344977 0.00929102 -0.0385225 -0.0345564 0.00928946 -0.0385109 -0.0346103 0.00928839 -0.0384978 -0.034659 0.00928795 -0.038569 -0.0340757 0.00937695 -0.0385772 -0.034 0.00938276 -0.0385619 -0.0341507 0.00937263 -0.0385554 -0.0342243 0.00936928 -0.038549 -0.0342957 0.00936631 -0.0385424 -0.0343645 0.00936343 -0.0385349 -0.0344296 0.00936036 -0.0385266 -0.0344909 0.00935737 -0.0385171 -0.0345477 0.00935482 -0.0385062 -0.0345995 0.00935304 -0.0384939 -0.0346461 0.00935231 -0.0385596 -0.0340753 0.0094471 -0.0385672 -0.034 0.00945408 -0.0385529 -0.0341498 0.00944178 -0.0385468 -0.0342228 0.00943731 -0.0385408 -0.0342933 0.00943303 -0.0385346 -0.0343609 0.00942864 -0.0385277 -0.0344244 0.00942389 -0.0385199 -0.0344837 0.00941924 -0.0385112 -0.0345383 0.0094152 -0.038501 -0.0345877 0.00941239 -0.0384896 -0.0346318 0.00941119 -0.0385489 -0.034075 0.00951449 -0.0385557 -0.034 0.00952259 -0.0385429 -0.0341491 0.00950802 -0.0385374 -0.0342215 0.00950221 -0.0385318 -0.0342912 0.00949631 -0.0385261 -0.0343576 0.0094901 -0.0385198 -0.0344194 0.00948329 -0.0385128 -0.0344767 0.00947654 -0.0385048 -0.0345288 0.00947051 -0.0384955 -0.0345755 0.00946614 -0.038485 -0.0346167 0.00946426 -0.0385368 -0.0340748 0.00957869 -0.0385426 -0.034 0.00958788 -0.0385316 -0.0341486 0.00957086 -0.0385267 -0.0342205 0.00956335 -0.0385218 -0.0342895 0.00955554 -0.0385166 -0.0343549 0.0095472 -0.038511 -0.0344152 0.00953802 -0.0385047 -0.0344705 0.00952873 -0.0384977 -0.03452 0.00952002 -0.0384896 -0.0345634 0.00951333 -0.0384803 -0.034601 0.00951035 -0.0385233 -0.0340746 0.00963926 -0.038528 -0.034 0.00964954 -0.0385189 -0.0341482 0.00962969 -0.0385147 -0.0342198 0.00962012 -0.0385104 -0.0342884 0.0096101 -0.0385059 -0.034353 0.00959942 -0.0385009 -0.0344124 0.00958766 -0.0384955 -0.0344661 0.0095755 -0.0384896 -0.0345133 0.00956342 -0.0384831 -0.0345531 0.00955316 -0.0384757 -0.0345856 0.00954782 -0.0383 -0.035 0.00900003 -0.0383 -0.0349966 0.00907847 -0.0383231 -0.0349812 0.00907787 -0.0383234 -0.0349967 0.00900003 -0.0383 -0.0349875 0.00915644 -0.0383228 -0.0349662 0.0091552 -0.0383 -0.0349722 0.00923343 -0.0383227 -0.0349487 0.00923152 -0.0383 -0.0349508 0.00930895 -0.0383226 -0.0349272 0.00930626 -0.0383 -0.0349239 0.00938272 -0.0383225 -0.0349014 0.00937914 -0.0383 -0.0348908 0.00945388 -0.0383224 -0.0348701 0.00944926 -0.0383 -0.0348525 0.00952243 -0.0383224 -0.0348341 0.00951653 -0.0383 -0.0348089 0.00958771 -0.0383223 -0.0347929 0.00958025 -0.0383 -0.0347602 0.00964929 -0.0383223 -0.0347466 0.00963983 -0.0383461 -0.0349648 0.00907725 -0.0383468 -0.0349876 0.00900003 -0.0383456 -0.0349448 0.00915394 -0.0383453 -0.034925 0.00922955 -0.038345 -0.0349032 0.0093035 -0.0383449 -0.0348785 0.00937544 -0.0383447 -0.034849 0.00944444 -0.0383446 -0.0348151 0.00951038 -0.0383444 -0.0347764 0.00957249 -0.0383443 -0.0347326 0.00963013 -0.0383688 -0.0349459 0.00907666 -0.0383699 -0.0349723 0.00900003 -0.0383681 -0.0349229 0.00915275 -0.0383676 -0.0349014 0.00922766 -0.0383672 -0.0348795 0.00930078 -0.0383669 -0.0348556 0.00937177 -0.0383665 -0.0348277 0.00943957 -0.0383662 -0.0347959 0.00950411 -0.038366 -0.0347595 0.00956457 -0.0383658 -0.0347182 0.00962034 -0.0383911 -0.0349233 0.00907614 -0.0383925 -0.034951 0.00900003 -0.0383901 -0.0348993 0.00915164 -0.0383893 -0.0348773 0.00922587 -0.0383887 -0.0348554 0.00929818 -0.0383882 -0.0348323 0.00936812 -0.0383876 -0.0348059 0.00943462 -0.0383871 -0.0347761 0.00949764 -0.0383866 -0.0347421 0.00955637 -0.0383863 -0.0347033 0.00961022 -0.038413 -0.0348968 0.00907568 -0.0384147 -0.034924 0.00900003 -0.0384117 -0.0348731 0.00915064 -0.0384107 -0.0348515 0.00922422 -0.0384098 -0.0348302 0.00929564 -0.0384089 -0.034808 0.00936446 -0.038408 -0.0347832 0.00942951 -0.0384071 -0.0347554 0.00949082 -0.0384064 -0.0347237 0.0095476 -0.0384058 -0.0346875 0.00959938 -0.0384339 -0.0348656 0.00907529 -0.038436 -0.034891 0.00900003 -0.0384323 -0.0348434 0.0091498 -0.038431 -0.0348231 0.00922273 -0.0384297 -0.0348031 0.00929327 -0.0384284 -0.0347822 0.00936089 -0.038427 -0.0347592 0.0094243 -0.0384256 -0.0347335 0.00948365 -0.0384244 -0.0347042 0.00953824 -0.0384235 -0.0346705 0.00958764 -0.0384542 -0.0348299 0.00907499 -0.0384566 -0.0348527 0.00900003 -0.0384522 -0.03481 0.00914909 -0.0384505 -0.0347915 0.00922145 -0.0384487 -0.0347731 0.00929113 -0.0384469 -0.034754 0.00935758 -0.0384449 -0.0347329 0.00941934 -0.0384428 -0.0347094 0.00947664 -0.038441 -0.0346828 0.00952879 -0.0384397 -0.0346521 0.00957543 -0.0384735 -0.0347896 0.00907476 -0.0384762 -0.0348091 0.00900003 -0.0384711 -0.0347724 0.00914855 -0.0384689 -0.0347561 0.00922046 -0.0384665 -0.0347396 0.00928943 -0.038464 -0.0347224 0.00935485 -0.0384613 -0.0347035 0.00941514 -0.0384585 -0.0346826 0.00947049 -0.0384559 -0.0346592 0.00951997 -0.0384539 -0.0346323 0.00956335 -0.0384916 -0.0347447 0.00907462 -0.0384947 -0.0347605 0.00900003 -0.0384887 -0.0347302 0.00914823 -0.0384859 -0.0347161 0.00921982 -0.0384829 -0.0347018 0.00928829 -0.0384797 -0.0346867 0.00935303 -0.0384762 -0.0346701 0.00941226 -0.0384725 -0.034652 0.00946606 -0.0384689 -0.0346323 0.00951326 -0.0384659 -0.0346107 0.0095531 -0.0329 -0.016 -0.00999997 -0.0328765 -0.0159215 -0.00999689 -0.0328531 -0.0158436 -0.00998766 -0.03283 -0.0157666 -0.00997233 -0.0328073 -0.015691 -0.00995103 -0.0327852 -0.0156173 -0.00992384 -0.0327638 -0.015546 -0.00989098 -0.0327432 -0.0154775 -0.00985261 -0.0327237 -0.0154122 -0.00980899 -0.0327052 -0.0153506 -0.00976038 -0.0326879 -0.0152929 -0.00970708 -0.0326719 -0.0152396 -0.00964942 -0.0326573 -0.015191 -0.00958775 -0.0326442 -0.0151474 -0.00952247 -0.0326327 -0.015109 -0.00945397 -0.0326228 -0.0150761 -0.00938265 -0.0326147 -0.0150489 -0.00930899 -0.0326083 -0.0150276 -0.00923341 -0.0326037 -0.0150123 -0.00915641 -0.0326009 -0.0150031 -0.00907843 -0.0326 -0.015 -0.00899998 -0.0329 -0.015 0.01 -0.0328765 -0.015 0.00999695 -0.0328531 -0.015 0.00998771 -0.03283 -0.015 0.0099724 -0.0328073 -0.015 0.00995108 -0.0327852 -0.015 0.00992391 -0.0327638 -0.015 0.00989104 -0.0327432 -0.015 0.00985267 -0.0327237 -0.015 0.00980904 -0.0327052 -0.015 0.00976043 -0.0326879 -0.015 0.00970714 -0.0326719 -0.015 0.00964948 -0.0326573 -0.015 0.00958782 -0.0326442 -0.015 0.00952252 -0.0326327 -0.015 0.00945402 -0.0326228 -0.015 0.00938272 -0.0326147 -0.015 0.00930905 -0.0326083 -0.015 0.00923347 -0.0326037 -0.015 0.00915647 -0.0326009 -0.015 0.00907849 -0.0326 -0.015 0.00900003 -0.0383 -0.016 -0.00999997 -0.0383235 -0.0159215 -0.00999689 -0.0383469 -0.0158436 -0.00998766 -0.03837 -0.0157666 -0.00997233 -0.0383927 -0.015691 -0.00995103 -0.0384148 -0.0156173 -0.00992384 -0.0384362 -0.015546 -0.00989098 -0.0384567 -0.0154775 -0.00985261 -0.0384763 -0.0154122 -0.00980899 -0.0384948 -0.0153506 -0.00976038 -0.0385121 -0.0152929 -0.00970708 -0.0385281 -0.0152396 -0.00964942 -0.0385427 -0.015191 -0.00958775 -0.0385558 -0.0151474 -0.00952247 -0.0385673 -0.015109 -0.00945397 -0.0385772 -0.0150761 -0.00938265 -0.0385853 -0.0150489 -0.00930899 -0.0385917 -0.0150276 -0.00923341 -0.0385963 -0.0150123 -0.00915641 -0.0385991 -0.0150031 -0.00907843 -0.0386 -0.015 -0.00899998 -0.0383 -0.015 0.01 -0.0383235 -0.015 0.00999695 -0.0383469 -0.015 0.00998771 -0.03837 -0.015 0.0099724 -0.0383927 -0.015 0.00995108 -0.0384148 -0.015 0.00992391 -0.0384362 -0.015 0.00989104 -0.0384567 -0.015 0.00985267 -0.0384763 -0.015 0.00980904 -0.0384948 -0.015 0.00976043 -0.0385121 -0.015 0.00970714 -0.0385281 -0.015 0.00964948 -0.0385427 -0.015 0.00958782 -0.0385558 -0.015 0.00952252 -0.0385673 -0.015 0.00945402 -0.0385772 -0.015 0.00938272 -0.0385853 -0.015 0.00930905 -0.0385917 -0.015 0.00923347 -0.0385963 -0.015 0.00915647 -0.0385991 -0.015 0.00907849 -0.0386 -0.015 0.00900003 -0.0206 -0.025 2.74181e-08 -0.0506 -0.025 2.74181e-08 -0.0506 -0.0245196 -0.00487723 -0.0206 -0.0245196 -0.00487723 -0.0506 -0.023097 -0.00956707 -0.0206 -0.023097 -0.00956707 -0.0506 -0.0207867 -0.0138892 -0.0206 -0.0207867 -0.0138892 -0.0506 -0.0176777 -0.0176777 -0.0206 -0.0176777 -0.0176776 -0.0506 -0.0138893 -0.0207867 -0.0206 -0.0138893 -0.0207867 -0.0506 -0.00956709 -0.023097 -0.0206 -0.00956709 -0.023097 -0.0506 -0.00487726 -0.0245196 -0.0206 -0.00487726 -0.0245196 -0.0506 -1.69136e-09 -0.025 -0.0206 9.31323e-10 -0.025 -0.0506 0.00487726 -0.0245196 -0.0206 0.00487726 -0.0245196 -0.0506 0.00956708 -0.023097 -0.0206 0.00956709 -0.023097 -0.0506 0.0138893 -0.0207867 -0.0206 0.0138893 -0.0207867 -0.0506 0.0176777 -0.0176777 -0.0206 0.0176777 -0.0176776 -0.0506 0.0207867 -0.0138892 -0.0206 0.0207867 -0.0138892 -0.0506 0.023097 -0.00956707 -0.0206 0.023097 -0.00956707 -0.0506 0.0245196 -0.00487723 -0.0206 0.0245196 -0.00487723 -0.0506 0.025 2.74181e-08 -0.0206 0.025 2.74181e-08 -0.0506 0.0245196 0.00487728 -0.0206 0.0245196 0.00487728 -0.0506 0.023097 0.00956711 -0.0206 0.023097 0.00956711 -0.0506 0.0207867 0.0138893 -0.0206 0.0207867 0.0138893 -0.0506 0.0176777 0.0176777 -0.0206 0.0176777 0.0176777 -0.0506 0.0138893 0.0207868 -0.0206 0.0138893 0.0207868 -0.0506 0.00956708 0.023097 -0.0206 0.00956709 0.023097 -0.0506 0.00487726 0.0245197 -0.0206 0.00487726 0.0245197 -0.0506 -1.69136e-09 0.025 -0.0206 9.31323e-10 0.025 -0.0506 -0.00487726 0.0245197 -0.0206 -0.00487726 0.0245197 -0.0506 -0.00956709 0.023097 -0.0206 -0.00956709 0.023097 -0.0506 -0.0138893 0.0207868 -0.0206 -0.0138893 0.0207868 -0.0506 -0.0176777 0.0176777 -0.0206 -0.0176777 0.0176777 -0.0506 -0.0207867 0.0138893 -0.0206 -0.0207867 0.0138893 -0.0506 -0.023097 0.00956711 -0.0206 -0.023097 0.00956711 -0.0506 -0.0245196 0.00487728 -0.0206 -0.0245196 0.00487728 -0.0329 0.034 -0.00999997 -0.0329 0.0340784 -0.0099966 -0.0328769 0.0340778 -0.00998113 -0.0328766 0.034 -0.00999663 -0.0329 0.0341564 -0.00998747 -0.0328772 0.0341552 -0.00996616 -0.0329 0.0342334 -0.00997216 -0.0328773 0.0342315 -0.00994868 -0.0329 0.0343089 -0.00995076 -0.0328774 0.0343062 -0.00992715 -0.0329 0.0343827 -0.00992384 -0.0328775 0.0343791 -0.00990136 -0.0329 0.0344539 -0.00989072 -0.0328776 0.0344492 -0.00987008 -0.0329 0.0345224 -0.00985245 -0.0328776 0.0345165 -0.00983402 -0.0329 0.0345877 -0.00980884 -0.0328777 0.0345802 -0.00979284 -0.0329 0.0346493 -0.00976016 -0.0328777 0.0346398 -0.00974656 -0.0329 0.0347071 -0.00970708 -0.0328777 0.034695 -0.00969553 -0.0328539 0.0340772 -0.00996474 -0.0328532 0.034 -0.00998755 -0.0328544 0.0341539 -0.00994475 -0.0328547 0.0342295 -0.009925 -0.032855 0.0343035 -0.00990321 -0.0328551 0.0343754 -0.00987845 -0.0328553 0.0344444 -0.00984895 -0.0328554 0.0345103 -0.00981508 -0.0328556 0.0345725 -0.00977633 -0.0328557 0.0346301 -0.00973252 -0.0328557 0.0346831 -0.00968387 -0.0328312 0.0340766 -0.00994585 -0.0328301 0.034 -0.00997226 -0.0328319 0.0341527 -0.00992284 -0.0328325 0.0342276 -0.00990142 -0.0328328 0.0343008 -0.00987944 -0.0328331 0.0343717 -0.00985553 -0.0328335 0.0344395 -0.00982765 -0.0328338 0.0345041 -0.00979584 -0.032834 0.0345645 -0.00975949 -0.0328342 0.0346203 -0.00971819 -0.0328343 0.0346712 -0.00967202 -0.0328089 0.0340761 -0.0099233 -0.0328075 0.034 -0.00995096 -0.0328099 0.0341516 -0.00989924 -0.0328107 0.0342259 -0.00987725 -0.0328113 0.0342981 -0.00985542 -0.0328118 0.0343681 -0.00983228 -0.0328124 0.0344346 -0.00980589 -0.0328129 0.0344976 -0.00977609 -0.0328134 0.0345563 -0.00974206 -0.0328137 0.0346102 -0.00970329 -0.0328138 0.0346591 -0.00965966 -0.032787 0.0340756 -0.00989671 -0.0327853 0.034 -0.00992394 -0.0327883 0.0341506 -0.00987304 -0.0327893 0.0342242 -0.00985145 -0.0327902 0.0342956 -0.00983018 -0.0327911 0.0343644 -0.00980798 -0.032792 0.0344295 -0.00978315 -0.0327929 0.0344908 -0.00975535 -0.0327936 0.0345476 -0.00972368 -0.0327942 0.0345993 -0.00968743 -0.0327944 0.0346461 -0.0096464 -0.0327661 0.0340753 -0.00986553 -0.032764 0.034 -0.00989098 -0.0327677 0.0341498 -0.00984337 -0.032769 0.0342227 -0.00982308 -0.0327703 0.0342932 -0.00980304 -0.0327716 0.0343609 -0.0097822 -0.032773 0.0344243 -0.00975914 -0.0327744 0.0344836 -0.00973341 -0.0327756 0.0345382 -0.00970411 -0.0327765 0.0345876 -0.00967045 -0.0327768 0.0346319 -0.00963207 -0.0327458 0.034075 -0.00982984 -0.0327434 0.034 -0.00985267 -0.0327478 0.0341491 -0.00980992 -0.0327495 0.0342214 -0.00979148 -0.0327513 0.0342911 -0.00977308 -0.0327531 0.0343576 -0.00975393 -0.0327552 0.0344193 -0.00973285 -0.0327572 0.0344766 -0.00970941 -0.032759 0.0345288 -0.00968278 -0.0327603 0.0345754 -0.00965209 -0.0327608 0.0346168 -0.00961683 -0.0327265 0.0340747 -0.00978956 -0.0327238 0.034 -0.00980904 -0.0327289 0.0341485 -0.00977235 -0.0327311 0.0342204 -0.00975604 -0.0327335 0.0342894 -0.00973961 -0.032736 0.0343548 -0.0097224 -0.0327387 0.0344151 -0.00970347 -0.0327415 0.0344705 -0.00968259 -0.0327441 0.03452 -0.00965919 -0.0327461 0.0345633 -0.00963229 -0.032747 0.034601 -0.00960101 -0.0327084 0.0340746 -0.00974468 -0.0327053 0.034 -0.00976043 -0.0327113 0.0341482 -0.00973018 -0.0327141 0.0342198 -0.00971611 -0.0327171 0.0342883 -0.00970177 -0.0327203 0.034353 -0.00968666 -0.0327238 0.0344122 -0.00967003 -0.0327275 0.034466 -0.00965198 -0.0327311 0.0345132 -0.00963231 -0.0327342 0.0345531 -0.00961063 -0.0327358 0.0345857 -0.00958568 -0.0326914 0.0340746 -0.00969503 -0.0326879 0.034 -0.00970717 -0.0326949 0.0341481 -0.00968304 -0.0326984 0.0342196 -0.00967119 -0.0327022 0.0342879 -0.00965898 -0.0327061 0.0343523 -0.00964606 -0.0327104 0.0344112 -0.0096318 -0.032715 0.0344642 -0.00961669 -0.0327197 0.0345103 -0.00960093 -0.0327243 0.0345478 -0.00958559 -0.032728 0.0345734 -0.00957337 -0.0329 0.035 -0.00899998 -0.0328766 0.0349967 -0.00899998 -0.0328768 0.0349812 -0.00907724 -0.0329 0.0349966 -0.00907841 -0.0328532 0.0349876 -0.00899998 -0.0328536 0.0349662 -0.00907642 -0.0328301 0.0349723 -0.00899998 -0.0328307 0.0349487 -0.0090759 -0.0328075 0.034951 -0.00899998 -0.0328083 0.0349273 -0.00907555 -0.0327853 0.034924 -0.00899998 -0.0327863 0.0349014 -0.00907531 -0.032764 0.034891 -0.00899998 -0.0327654 0.0348703 -0.00907507 -0.0327434 0.0348527 -0.00899998 -0.0327452 0.0348342 -0.00907485 -0.0327238 0.0348091 -0.00899998 -0.032726 0.034793 -0.00907468 -0.0327053 0.0347605 -0.00899998 -0.0327082 0.0347468 -0.00907457 -0.0326879 0.0347072 -0.00899998 -0.0326915 0.0346956 -0.00907451 -0.0328769 0.0349648 -0.00915404 -0.0329 0.0349875 -0.00915637 -0.032854 0.0349448 -0.00915239 -0.0328313 0.034925 -0.0091513 -0.0328092 0.0349033 -0.00915056 -0.0327874 0.0348784 -0.00914998 -0.0327668 0.0348491 -0.00914942 -0.032747 0.0348152 -0.0091489 -0.0327284 0.0347765 -0.00914846 -0.0327111 0.0347327 -0.00914817 -0.0326951 0.0346839 -0.00914805 -0.0328771 0.0349458 -0.00922988 -0.0329 0.0349722 -0.00923337 -0.0328543 0.0349229 -0.00922738 -0.0328319 0.0349014 -0.00922565 -0.03281 0.0348795 -0.00922438 -0.0327886 0.0348555 -0.00922331 -0.0327683 0.0348278 -0.00922224 -0.0327489 0.0347959 -0.00922121 -0.0327307 0.0347596 -0.00922035 -0.032714 0.0347184 -0.00921975 -0.0326987 0.0346721 -0.0092195 -0.0328773 0.0349232 -0.00930425 -0.0329 0.0349508 -0.0093089 -0.0328546 0.0348992 -0.00930086 -0.0328324 0.0348772 -0.0092984 -0.0328107 0.0348554 -0.00929641 -0.0327896 0.0348322 -0.00929457 -0.0327698 0.0348059 -0.00929268 -0.0327508 0.0347761 -0.00929086 -0.0327332 0.0347421 -0.00928931 -0.0327171 0.0347034 -0.00928822 -0.0327023 0.0346597 -0.00928777 -0.0328774 0.0348968 -0.00937685 -0.0329 0.0349239 -0.00938265 -0.0328549 0.0348731 -0.00937255 -0.0328329 0.0348515 -0.00936919 -0.0328115 0.0348303 -0.00936623 -0.0327907 0.034808 -0.00936333 -0.0327713 0.0347833 -0.00936028 -0.0327529 0.0347555 -0.00935729 -0.0327358 0.0347238 -0.00935473 -0.0327203 0.0346876 -0.00935296 -0.0327062 0.0346465 -0.0093522 -0.0328775 0.0348654 -0.00944689 -0.0329 0.0348907 -0.00945383 -0.0328552 0.0348433 -0.00944157 -0.0328333 0.034823 -0.00943712 -0.0328122 0.034803 -0.00943285 -0.0327918 0.0347821 -0.00942844 -0.0327729 0.0347592 -0.00942372 -0.032755 0.0347334 -0.00941906 -0.0327386 0.0347041 -0.00941502 -0.0327238 0.0346705 -0.00941219 -0.0327105 0.0346321 -0.009411 -0.0328776 0.0348297 -0.0095143 -0.0329 0.0348525 -0.00952237 -0.0328554 0.0348099 -0.00950784 -0.0328337 0.0347914 -0.00950204 -0.0328129 0.0347731 -0.00949616 -0.0327928 0.0347539 -0.00948992 -0.0327744 0.0347329 -0.00948317 -0.0327571 0.0347094 -0.00947641 -0.0327415 0.0346828 -0.00947038 -0.0327275 0.0346522 -0.00946599 -0.032715 0.0346168 -0.00946408 -0.0328777 0.0347895 -0.0095785 -0.0329 0.0348089 -0.00958764 -0.0328556 0.0347723 -0.00957068 -0.032834 0.034756 -0.00956317 -0.0328134 0.0347396 -0.0095554 -0.0327936 0.0347223 -0.00954702 -0.0327756 0.0347035 -0.00953791 -0.032759 0.0346826 -0.00952861 -0.0327441 0.0346592 -0.00951989 -0.0327311 0.0346324 -0.0095132 -0.0327197 0.034601 -0.00951017 -0.0328777 0.0347445 -0.009639 -0.0329 0.0347602 -0.00964924 -0.0328557 0.0347301 -0.00962946 -0.0328342 0.034716 -0.00961991 -0.0328137 0.0347017 -0.00960993 -0.0327942 0.0346865 -0.00959919 -0.0327765 0.03467 -0.00958752 -0.0327603 0.0346519 -0.00957535 -0.0327461 0.0346323 -0.00956328 -0.0327342 0.0346107 -0.00955304 -0.0327243 0.0345857 -0.00954763 -0.0326 0.034 -0.00899998 -0.032601 0.034 -0.00907843 -0.0326057 0.0340773 -0.00907783 -0.032601 0.0340785 -0.00899998 -0.0326038 0.034 -0.00915642 -0.0326102 0.0340765 -0.00915519 -0.0326084 0.034 -0.00923344 -0.0326154 0.0340759 -0.00923152 -0.0326148 0.034 -0.00930902 -0.0326219 0.0340756 -0.00930632 -0.0326228 0.034 -0.00938271 -0.0326296 0.0340754 -0.00937913 -0.0326328 0.034 -0.00945401 -0.032639 0.0340751 -0.00944936 -0.0326443 0.034 -0.00952252 -0.0326498 0.0340749 -0.0095166 -0.0326574 0.034 -0.00958782 -0.0326622 0.0340747 -0.00958034 -0.032672 0.034 -0.00964948 -0.0326761 0.0340746 -0.00963997 -0.0326106 0.0341541 -0.00907721 -0.0326038 0.0341565 -0.00899998 -0.0326166 0.0341525 -0.00915393 -0.0326225 0.0341514 -0.00922955 -0.0326291 0.0341506 -0.00930354 -0.0326365 0.0341501 -0.00937541 -0.0326454 0.0341495 -0.00944452 -0.0326555 0.034149 -0.00951043 -0.0326672 0.0341485 -0.00957255 -0.0326803 0.0341482 -0.00963024 -0.0326163 0.03423 -0.00907664 -0.0326084 0.0342335 -0.00899998 -0.0326232 0.0342275 -0.00915272 -0.0326296 0.0342257 -0.00922766 -0.0326362 0.0342245 -0.00930082 -0.0326434 0.0342234 -0.00937172 -0.0326518 0.0342223 -0.00943964 -0.0326613 0.0342213 -0.00950415 -0.0326722 0.0342204 -0.00956463 -0.0326846 0.0342198 -0.00962043 -0.0326231 0.0343044 -0.00907612 -0.0326148 0.0343091 -0.00899998 -0.0326303 0.034301 -0.00915163 -0.0326369 0.0342985 -0.00922587 -0.0326435 0.0342965 -0.0092982 -0.0326504 0.0342947 -0.00936806 -0.0326583 0.0342928 -0.00943468 -0.0326673 0.034291 -0.00949766 -0.0326775 0.0342894 -0.00955637 -0.0326891 0.0342884 -0.00961026 -0.032631 0.0343769 -0.00907565 -0.0326228 0.0343827 -0.00899998 -0.0326381 0.0343726 -0.00915063 -0.0326446 0.0343693 -0.00922422 -0.032651 0.0343663 -0.00929568 -0.0326576 0.0343634 -0.00936445 -0.0326651 0.0343603 -0.00942959 -0.0326734 0.0343573 -0.00949087 -0.0326829 0.0343548 -0.00954767 -0.0326938 0.034353 -0.00959947 -0.0326404 0.0344471 -0.00907527 -0.0326328 0.034454 -0.00899998 -0.0326471 0.0344417 -0.00914977 -0.0326532 0.0344373 -0.00922273 -0.0326592 0.034433 -0.0092933 -0.0326654 0.0344286 -0.00936085 -0.0326723 0.0344239 -0.00942434 -0.0326801 0.0344192 -0.00948366 -0.0326888 0.0344152 -0.00953824 -0.032699 0.0344124 -0.00958766 -0.0326511 0.0345145 -0.00907495 -0.0326443 0.0345226 -0.00899998 -0.0326571 0.034508 -0.00914908 -0.0326626 0.0345022 -0.00922145 -0.0326682 0.0344963 -0.00929117 -0.0326739 0.0344901 -0.00935755 -0.0326802 0.0344833 -0.00941939 -0.0326872 0.0344765 -0.00947667 -0.0326952 0.0344705 -0.00952879 -0.0327045 0.0344661 -0.00957546 -0.0326632 0.0345787 -0.00907473 -0.0326574 0.0345878 -0.00899998 -0.0326684 0.0345708 -0.00914854 -0.0326733 0.0345633 -0.00922046 -0.0326782 0.0345555 -0.00928946 -0.0326834 0.0345472 -0.00935482 -0.032689 0.034538 -0.00941521 -0.0326953 0.0345287 -0.0094705 -0.0327023 0.03452 -0.00951999 -0.0327104 0.0345133 -0.00956336 -0.0326767 0.0346392 -0.00907459 -0.032672 0.0346495 -0.00899998 -0.0326811 0.0346297 -0.00914821 -0.0326853 0.0346201 -0.00921982 -0.0326896 0.0346101 -0.00928833 -0.0326941 0.0345994 -0.009353 -0.0326991 0.0345876 -0.00941233 -0.0327045 0.0345755 -0.00946608 -0.0327104 0.0345634 -0.00951327 -0.0327169 0.0345531 -0.00955311 -0.0329 0.035 0.00900003 -0.0329 0.0349966 0.00907847 -0.0328769 0.0349812 0.00907787 -0.0328766 0.0349967 0.00900003 -0.0329 0.0349875 0.00915644 -0.0328772 0.0349662 0.0091552 -0.0329 0.0349722 0.00923343 -0.0328773 0.0349487 0.00923152 -0.0329 0.0349508 0.00930895 -0.0328774 0.0349272 0.00930628 -0.0329 0.0349239 0.00938272 -0.0328775 0.0349014 0.00937914 -0.0329 0.0348907 0.0094539 -0.0328776 0.0348701 0.00944926 -0.0329 0.0348525 0.00952243 -0.0328776 0.0348341 0.00951653 -0.0329 0.0348089 0.00958771 -0.0328777 0.0347929 0.00958025 -0.0329 0.0347602 0.00964929 -0.0328777 0.0347466 0.00963983 -0.0329 0.0347071 0.00970714 -0.0328777 0.0346956 0.00969507 -0.0328539 0.0349648 0.00907725 -0.0328532 0.0349876 0.00900003 -0.0328544 0.0349448 0.00915394 -0.0328547 0.034925 0.00922955 -0.032855 0.0349032 0.0093035 -0.0328551 0.0348785 0.00937544 -0.0328553 0.034849 0.00944444 -0.0328554 0.0348151 0.00951038 -0.0328556 0.0347764 0.00957248 -0.0328557 0.0347326 0.00963013 -0.0328557 0.0346839 0.0096831 -0.0328312 0.0349459 0.00907666 -0.0328301 0.0349723 0.00900003 -0.0328319 0.0349229 0.00915275 -0.0328325 0.0349014 0.00922766 -0.0328328 0.0348795 0.00930078 -0.0328331 0.0348556 0.00937177 -0.0328335 0.0348277 0.00943957 -0.0328338 0.0347959 0.00950411 -0.032834 0.0347595 0.00956457 -0.0328342 0.0347182 0.00962034 -0.0328343 0.0346721 0.00967127 -0.0328089 0.0349233 0.00907614 -0.0328075 0.034951 0.00900003 -0.0328099 0.0348993 0.00915164 -0.0328107 0.0348773 0.00922587 -0.0328113 0.0348554 0.00929818 -0.0328118 0.0348323 0.00936812 -0.0328124 0.0348059 0.00943462 -0.0328129 0.0347761 0.00949764 -0.0328134 0.0347421 0.00955637 -0.0328137 0.0347033 0.00961022 -0.0328138 0.0346597 0.00965909 -0.032787 0.0348967 0.00907568 -0.0327853 0.034924 0.00900003 -0.0327883 0.0348731 0.00915064 -0.0327893 0.0348515 0.00922422 -0.0327902 0.0348302 0.00929564 -0.0327911 0.034808 0.00936446 -0.032792 0.0347832 0.00942951 -0.0327929 0.0347554 0.00949082 -0.0327936 0.0347237 0.0095476 -0.0327942 0.0346875 0.00959938 -0.0327944 0.0346464 0.00964608 -0.0327661 0.0348656 0.00907529 -0.032764 0.034891 0.00900003 -0.0327677 0.0348434 0.0091498 -0.032769 0.0348231 0.00922273 -0.0327703 0.0348031 0.00929327 -0.0327716 0.0347822 0.00936089 -0.032773 0.0347592 0.0094243 -0.0327744 0.0347334 0.00948365 -0.0327756 0.0347041 0.00953824 -0.0327765 0.0346705 0.00958766 -0.0327768 0.0346321 0.00963194 -0.0327458 0.0348299 0.00907499 -0.0327434 0.0348527 0.00900003 -0.0327478 0.03481 0.00914909 -0.0327495 0.0347915 0.00922145 -0.0327513 0.0347731 0.00929113 -0.0327531 0.034754 0.00935758 -0.0327552 0.0347329 0.00941934 -0.0327572 0.0347094 0.00947664 -0.032759 0.0346828 0.00952879 -0.0327603 0.0346521 0.00957543 -0.0327608 0.0346169 0.00961682 -0.0327265 0.0347896 0.00907476 -0.0327238 0.0348091 0.00900003 -0.0327289 0.0347724 0.00914855 -0.0327311 0.0347561 0.00922046 -0.0327335 0.0347396 0.00928943 -0.032736 0.0347224 0.00935485 -0.0327387 0.0347035 0.00941514 -0.0327415 0.0346826 0.00947049 -0.0327441 0.0346592 0.00951997 -0.0327461 0.0346323 0.00956335 -0.032747 0.034601 0.00960105 -0.0327084 0.0347447 0.00907462 -0.0327053 0.0347605 0.00900003 -0.0327113 0.0347302 0.00914823 -0.0327141 0.0347161 0.00921982 -0.0327171 0.0347018 0.00928829 -0.0327203 0.0346867 0.00935303 -0.0327238 0.0346701 0.00941226 -0.0327275 0.034652 0.00946606 -0.0327311 0.0346323 0.00951326 -0.0327342 0.0346107 0.0095531 -0.0327358 0.0345857 0.00958574 -0.0326914 0.0346951 0.00907461 -0.0326879 0.0347072 0.00900003 -0.0326949 0.0346831 0.00914816 -0.0326984 0.0346712 0.00921962 -0.0327022 0.034659 0.00928795 -0.0327061 0.0346461 0.00935231 -0.0327104 0.0346318 0.00941119 -0.032715 0.0346167 0.00946426 -0.0327197 0.034601 0.00951035 -0.0327243 0.0345856 0.00954782 -0.032728 0.0345734 0.00957343 -0.0329 0.034 0.01 -0.0328766 0.034 0.00999668 -0.0328768 0.0340773 0.00998119 -0.0329 0.0340784 0.00999667 -0.0328532 0.034 0.0099876 -0.0328536 0.0340764 0.00996622 -0.0328301 0.034 0.00997233 -0.0328307 0.0340759 0.00994877 -0.0328075 0.034 0.00995103 -0.0328083 0.0340756 0.00992731 -0.0327853 0.034 0.00992399 -0.0327863 0.0340753 0.00990142 -0.032764 0.034 0.00989105 -0.0327654 0.0340751 0.00987031 -0.0327434 0.034 0.00985274 -0.0327452 0.0340749 0.00983421 -0.0327238 0.034 0.00980911 -0.032726 0.0340747 0.00979305 -0.0327053 0.034 0.00976049 -0.0327082 0.0340746 0.00974682 -0.0326879 0.034 0.00970723 -0.0326915 0.0340745 0.00969563 -0.0328769 0.0341541 0.00996479 -0.0329 0.0341564 0.00998752 -0.032854 0.0341524 0.00994479 -0.0328313 0.0341513 0.00992505 -0.0328092 0.0341506 0.00990334 -0.0327874 0.03415 0.00987847 -0.0327668 0.0341495 0.00984913 -0.032747 0.0341489 0.00981523 -0.0327284 0.0341485 0.0097765 -0.0327111 0.0341482 0.00973275 -0.0326951 0.0341481 0.00968393 -0.0328771 0.0342299 0.00994587 -0.0329 0.0342334 0.00997221 -0.0328543 0.0342274 0.00992288 -0.0328319 0.0342257 0.00990146 -0.03281 0.0342244 0.00987954 -0.0327886 0.0342233 0.00985552 -0.0327683 0.0342223 0.00982778 -0.0327489 0.0342212 0.00979597 -0.0327307 0.0342204 0.00975962 -0.032714 0.0342198 0.00971839 -0.0326987 0.0342195 0.00967209 -0.0328773 0.0343043 0.00992325 -0.0329 0.0343089 0.00995081 -0.0328546 0.0343009 0.00989921 -0.0328324 0.0342984 0.00987725 -0.0328107 0.0342964 0.00985546 -0.0327896 0.0342946 0.0098322 -0.0327698 0.0342927 0.00980597 -0.0327508 0.0342909 0.00977614 -0.0327332 0.0342893 0.00974214 -0.0327171 0.0342883 0.00970344 -0.0327023 0.0342878 0.00965968 -0.0328774 0.0343769 0.0098968 -0.0329 0.0343827 0.00992391 -0.0328549 0.0343726 0.00987313 -0.0328329 0.0343692 0.00985157 -0.0328115 0.0343663 0.00983035 -0.0327907 0.0343634 0.00980803 -0.0327713 0.0343603 0.00978334 -0.0327529 0.0343573 0.0097555 -0.0327358 0.0343548 0.00972384 -0.0327203 0.034353 0.00968765 -0.0327062 0.0343522 0.0096465 -0.0328775 0.0344469 0.00986543 -0.0329 0.0344539 0.00989078 -0.0328552 0.0344416 0.00984332 -0.0328333 0.0344371 0.00982306 -0.0328122 0.0344329 0.00980307 -0.0327918 0.0344285 0.00978212 -0.0327729 0.0344237 0.0097592 -0.032755 0.0344191 0.00973345 -0.0327386 0.0344151 0.00970417 -0.0327238 0.0344122 0.00967057 -0.0327105 0.034411 0.00963209 -0.0328776 0.0345143 0.00982979 -0.0329 0.0345224 0.0098525 -0.0328554 0.0345079 0.00980989 -0.0328337 0.0345021 0.00979148 -0.0328129 0.0344962 0.00977314 -0.0327928 0.03449 0.00975389 -0.0327744 0.0344832 0.00973293 -0.0327571 0.0344764 0.00970948 -0.0327415 0.0344704 0.00968285 -0.0327275 0.034466 0.00965223 -0.032715 0.0344641 0.00961687 -0.0328777 0.0345785 0.00978951 -0.0329 0.0345877 0.00980889 -0.0328556 0.0345707 0.0097723 -0.032834 0.0345632 0.00975603 -0.0328134 0.0345554 0.00973965 -0.0327936 0.034547 0.00972235 -0.0327756 0.0345379 0.00970353 -0.032759 0.0345286 0.00968263 -0.0327441 0.0345199 0.00965925 -0.0327311 0.0345132 0.00963242 -0.0327197 0.0345102 0.00960105 -0.0328777 0.034639 0.00974454 -0.0329 0.0346493 0.00976021 -0.0328557 0.0346295 0.00973008 -0.0328342 0.0346199 0.00971604 -0.0328137 0.03461 0.00970174 -0.0327942 0.0345992 0.00968655 -0.0327765 0.0345876 0.00967003 -0.0327603 0.0345754 0.00965197 -0.0327461 0.0345633 0.00963231 -0.0327342 0.0345531 0.00961069 -0.0327243 0.0345477 0.00958571 -0.0326 0.034 0.00900003 -0.032601 0.0340785 0.00900003 -0.0326057 0.0340779 0.00907732 -0.032601 0.034 0.0090785 -0.0326038 0.0341565 0.00900003 -0.0326102 0.0341552 0.0090765 -0.0326084 0.0342335 0.00900003 -0.0326154 0.0342316 0.00907598 -0.0326148 0.0343091 0.00900003 -0.0326219 0.0343064 0.00907564 -0.0326228 0.0343827 0.00900003 -0.0326296 0.0343792 0.00907539 -0.0326328 0.034454 0.00900003 -0.032639 0.0344494 0.00907516 -0.0326443 0.0345226 0.00900003 -0.0326498 0.0345166 0.00907495 -0.0326574 0.0345878 0.00900003 -0.0326622 0.0345804 0.00907477 -0.032672 0.0346495 0.00900003 -0.0326761 0.03464 0.00907465 -0.0326106 0.0340772 0.00915413 -0.0326038 0.034 0.00915648 -0.0326166 0.0341539 0.00915249 -0.0326225 0.0342296 0.00915141 -0.0326291 0.0343036 0.00915067 -0.0326365 0.0343754 0.00915009 -0.0326454 0.0344445 0.00914953 -0.0326555 0.0345105 0.00914901 -0.0326672 0.0345726 0.00914857 -0.0326803 0.0346303 0.00914827 -0.0326163 0.0340767 0.00922999 -0.0326084 0.034 0.00923351 -0.0326232 0.0341528 0.00922749 -0.0326296 0.0342277 0.00922578 -0.0326362 0.0343009 0.0092245 -0.0326434 0.0343718 0.00922343 -0.0326518 0.0344397 0.00922235 -0.0326613 0.0345042 0.00922132 -0.0326722 0.0345646 0.00922046 -0.0326846 0.0346205 0.00921987 -0.0326231 0.0340761 0.00930441 -0.0326148 0.034 0.00930909 -0.0326303 0.0341517 0.00930103 -0.0326369 0.0342259 0.00929856 -0.0326435 0.0342982 0.00929656 -0.0326504 0.0343681 0.00929473 -0.0326583 0.0344347 0.00929284 -0.0326673 0.0344977 0.00929102 -0.0326775 0.0345564 0.00928946 -0.0326891 0.0346103 0.00928839 -0.032631 0.0340757 0.00937695 -0.0326228 0.034 0.00938276 -0.0326381 0.0341507 0.00937263 -0.0326446 0.0342242 0.00936928 -0.032651 0.0342957 0.00936631 -0.0326576 0.0343645 0.00936343 -0.0326651 0.0344296 0.00936036 -0.0326734 0.0344909 0.00935737 -0.0326829 0.0345477 0.00935482 -0.0326938 0.0345995 0.00935304 -0.0326404 0.0340753 0.0094471 -0.0326328 0.034 0.00945408 -0.0326471 0.0341498 0.00944178 -0.0326532 0.0342228 0.00943731 -0.0326592 0.0342933 0.00943303 -0.0326654 0.0343609 0.00942864 -0.0326723 0.0344244 0.00942389 -0.0326801 0.0344837 0.00941924 -0.0326888 0.0345383 0.0094152 -0.032699 0.0345877 0.00941239 -0.0326511 0.034075 0.00951449 -0.0326443 0.034 0.00952259 -0.0326571 0.0341491 0.00950802 -0.0326626 0.0342215 0.00950221 -0.0326682 0.0342912 0.00949631 -0.0326739 0.0343576 0.0094901 -0.0326802 0.0344194 0.00948329 -0.0326872 0.0344767 0.00947654 -0.0326952 0.0345288 0.00947051 -0.0327045 0.0345755 0.00946614 -0.0326632 0.0340748 0.00957869 -0.0326574 0.034 0.00958788 -0.0326684 0.0341486 0.00957086 -0.0326733 0.0342205 0.00956335 -0.0326782 0.0342895 0.00955554 -0.0326834 0.0343549 0.0095472 -0.032689 0.0344152 0.00953802 -0.0326953 0.0344705 0.00952873 -0.0327023 0.03452 0.00952002 -0.0327104 0.0345634 0.00951333 -0.0326767 0.0340746 0.00963926 -0.032672 0.034 0.00964954 -0.0326811 0.0341482 0.00962969 -0.0326853 0.0342198 0.00962012 -0.0326896 0.0342884 0.00961011 -0.0326941 0.034353 0.00959942 -0.0326991 0.0344124 0.00958766 -0.0327045 0.0344661 0.0095755 -0.0327104 0.0345133 0.00956342 -0.0327169 0.0345531 0.00955316 -0.0383 0.034 -0.00999997 -0.0383234 0.034 -0.00999663 -0.0383233 0.0340773 -0.00998113 -0.0383 0.0340784 -0.0099966 -0.0383468 0.034 -0.00998755 -0.0383464 0.0340764 -0.00996616 -0.0383699 0.034 -0.00997226 -0.0383693 0.0340759 -0.00994871 -0.0383925 0.034 -0.00995096 -0.0383917 0.0340756 -0.00992726 -0.0384147 0.034 -0.00992394 -0.0384137 0.0340753 -0.00990135 -0.038436 0.034 -0.00989098 -0.0384346 0.0340751 -0.00987024 -0.0384566 0.034 -0.00985267 -0.0384548 0.0340749 -0.00983415 -0.0384762 0.034 -0.00980904 -0.038474 0.0340747 -0.00979298 -0.0384947 0.034 -0.00976043 -0.0384918 0.0340746 -0.00974676 -0.0385121 0.034 -0.00970717 -0.0385085 0.0340745 -0.00969557 -0.0383231 0.0341541 -0.00996472 -0.0383 0.0341564 -0.00998747 -0.038346 0.0341524 -0.00994474 -0.0383687 0.0341513 -0.009925 -0.0383909 0.0341506 -0.00990328 -0.0384126 0.03415 -0.00987841 -0.0384332 0.0341495 -0.00984907 -0.038453 0.0341489 -0.00981517 -0.0384716 0.0341485 -0.00977643 -0.0384889 0.0341482 -0.0097327 -0.0385049 0.0341481 -0.00968388 -0.0383229 0.0342299 -0.00994582 -0.0383 0.0342334 -0.00997216 -0.0383457 0.0342274 -0.00992282 -0.0383681 0.0342257 -0.0099014 -0.03839 0.0342244 -0.00987948 -0.0384115 0.0342233 -0.00985545 -0.0384317 0.0342223 -0.00982773 -0.0384511 0.0342212 -0.0097959 -0.0384693 0.0342204 -0.00975955 -0.038486 0.0342198 -0.00971833 -0.0385013 0.0342195 -0.00967202 -0.0383227 0.0343043 -0.0099232 -0.0383 0.0343089 -0.00995076 -0.0383454 0.0343009 -0.00989915 -0.0383676 0.0342984 -0.00987719 -0.0383893 0.0342964 -0.00985539 -0.0384104 0.0342946 -0.00983214 -0.0384302 0.0342927 -0.00980592 -0.0384492 0.0342909 -0.00977607 -0.0384668 0.0342893 -0.00974209 -0.0384829 0.0342883 -0.00970337 -0.0384977 0.0342878 -0.00965963 -0.0383226 0.0343769 -0.00989674 -0.0383 0.0343827 -0.00992384 -0.0383451 0.0343726 -0.00987308 -0.0383671 0.0343692 -0.0098515 -0.0383885 0.0343663 -0.00983029 -0.0384093 0.0343634 -0.00980798 -0.0384287 0.0343603 -0.00978328 -0.0384471 0.0343573 -0.00975544 -0.0384642 0.0343548 -0.00972379 -0.0384797 0.034353 -0.0096876 -0.0384938 0.0343522 -0.00964643 -0.0383225 0.0344469 -0.00986537 -0.0383 0.0344539 -0.00989072 -0.0383448 0.0344416 -0.00984325 -0.0383667 0.0344371 -0.009823 -0.0383878 0.0344329 -0.009803 -0.0384082 0.0344285 -0.00978206 -0.0384271 0.0344237 -0.00975913 -0.038445 0.0344191 -0.0097334 -0.0384614 0.0344151 -0.00970411 -0.0384762 0.0344122 -0.00967051 -0.0384895 0.034411 -0.00963203 -0.0383224 0.0345143 -0.00982972 -0.0383 0.0345224 -0.00985245 -0.0383446 0.0345079 -0.00980984 -0.0383663 0.0345021 -0.00979143 -0.0383872 0.0344962 -0.00977308 -0.0384072 0.03449 -0.00975384 -0.0384257 0.0344832 -0.00973286 -0.0384429 0.0344764 -0.00970941 -0.0384585 0.0344704 -0.0096828 -0.0384725 0.034466 -0.00965217 -0.038485 0.0344641 -0.00961682 -0.0383223 0.0345785 -0.00978944 -0.0383 0.0345877 -0.00980884 -0.0383444 0.0345707 -0.00977225 -0.038366 0.0345632 -0.00975598 -0.0383867 0.0345554 -0.00973958 -0.0384064 0.034547 -0.00972229 -0.0384244 0.0345379 -0.00970347 -0.0384411 0.0345286 -0.00968258 -0.0384559 0.0345199 -0.00965919 -0.0384689 0.0345132 -0.00963235 -0.0384803 0.0345102 -0.009601 -0.0383223 0.034639 -0.00974449 -0.0383 0.0346493 -0.00976016 -0.0383443 0.0346295 -0.00973003 -0.0383658 0.0346199 -0.00971597 -0.0383863 0.03461 -0.00970167 -0.0384058 0.0345992 -0.0096865 -0.0384235 0.0345876 -0.00966997 -0.0384397 0.0345754 -0.0096519 -0.0384539 0.0345633 -0.00963225 -0.0384659 0.0345531 -0.00961063 -0.0384757 0.0345477 -0.00958566 -0.0383223 0.0346956 -0.009695 -0.0383 0.0347071 -0.00970708 -0.0383443 0.0346839 -0.00968304 -0.0383657 0.0346721 -0.0096712 -0.0383862 0.0346597 -0.00965903 -0.0384056 0.0346464 -0.00964603 -0.0384232 0.0346321 -0.00963188 -0.0384392 0.0346169 -0.00961675 -0.038453 0.034601 -0.009601 -0.0384642 0.0345857 -0.00958568 -0.038472 0.0345734 -0.00957337 -0.0386 0.034 -0.00899998 -0.038599 0.0340785 -0.00899998 -0.0385943 0.0340779 -0.00907727 -0.038599 0.034 -0.00907843 -0.0385963 0.0341565 -0.00899998 -0.0385898 0.0341552 -0.00907645 -0.0385917 0.0342335 -0.00899998 -0.0385846 0.0342316 -0.00907591 -0.0385852 0.0343091 -0.00899998 -0.0385781 0.0343064 -0.00907558 -0.0385772 0.0343827 -0.00899998 -0.0385704 0.0343792 -0.00907534 -0.0385672 0.034454 -0.00899998 -0.038561 0.0344494 -0.0090751 -0.0385557 0.0345226 -0.00899998 -0.0385502 0.0345166 -0.00907488 -0.0385426 0.0345878 -0.00899998 -0.0385378 0.0345804 -0.0090747 -0.038528 0.0346495 -0.00899998 -0.0385239 0.03464 -0.00907459 -0.0385121 0.0347072 -0.00899998 -0.0385086 0.0346951 -0.00907454 -0.0385894 0.0340772 -0.00915408 -0.0385963 0.034 -0.00915642 -0.0385834 0.0341539 -0.00915243 -0.0385775 0.0342296 -0.00915134 -0.0385709 0.0343036 -0.0091506 -0.0385635 0.0343754 -0.00915002 -0.0385546 0.0344445 -0.00914947 -0.0385445 0.0345105 -0.00914894 -0.0385328 0.0345726 -0.00914851 -0.0385197 0.0346303 -0.00914821 -0.0385051 0.0346831 -0.00914809 -0.0385837 0.0340767 -0.00922993 -0.0385917 0.034 -0.00923344 -0.0385768 0.0341528 -0.00922744 -0.0385704 0.0342277 -0.00922571 -0.0385638 0.0343009 -0.00922445 -0.0385566 0.0343718 -0.00922338 -0.0385482 0.0344397 -0.0092223 -0.0385387 0.0345042 -0.00922127 -0.0385278 0.0345646 -0.0092204 -0.0385154 0.0346205 -0.00921982 -0.0385016 0.0346712 -0.00921957 -0.0385769 0.0340761 -0.00930436 -0.0385852 0.034 -0.00930902 -0.0385697 0.0341517 -0.00930097 -0.0385631 0.0342259 -0.0092985 -0.0385566 0.0342982 -0.0092965 -0.0385496 0.0343681 -0.00929468 -0.0385417 0.0344347 -0.00929277 -0.0385328 0.0344977 -0.00929095 -0.0385225 0.0345564 -0.0092894 -0.0385109 0.0346103 -0.00928833 -0.0384979 0.034659 -0.00928788 -0.038569 0.0340757 -0.00937689 -0.0385772 0.034 -0.00938271 -0.0385619 0.0341507 -0.00937258 -0.0385554 0.0342242 -0.00936922 -0.038549 0.0342957 -0.00936626 -0.0385424 0.0343645 -0.00936338 -0.0385349 0.0344296 -0.00936029 -0.0385266 0.0344909 -0.00935732 -0.0385171 0.0345477 -0.00935475 -0.0385062 0.0345995 -0.00935298 -0.0384939 0.0346461 -0.00935224 -0.0385596 0.0340753 -0.00944704 -0.0385672 0.034 -0.00945401 -0.0385529 0.0341498 -0.00944171 -0.0385468 0.0342228 -0.00943725 -0.0385408 0.0342933 -0.00943298 -0.0385346 0.0343609 -0.00942859 -0.0385277 0.0344244 -0.00942383 -0.0385199 0.0344837 -0.00941917 -0.0385112 0.0345383 -0.00941514 -0.038501 0.0345877 -0.00941232 -0.0384896 0.0346318 -0.00941114 -0.0385489 0.034075 -0.00951442 -0.0385557 0.034 -0.00952252 -0.0385429 0.0341491 -0.00950795 -0.0385374 0.0342215 -0.00950214 -0.0385319 0.0342912 -0.00949626 -0.0385261 0.0343576 -0.00949005 -0.0385198 0.0344194 -0.00948323 -0.0385128 0.0344767 -0.00947649 -0.0385048 0.0345288 -0.00947046 -0.0384956 0.0345755 -0.00946608 -0.038485 0.0346167 -0.00946419 -0.0385368 0.0340748 -0.00957864 -0.0385426 0.034 -0.00958782 -0.0385316 0.0341486 -0.00957079 -0.0385267 0.0342205 -0.00956328 -0.0385218 0.0342895 -0.00955547 -0.0385167 0.0343549 -0.00954713 -0.038511 0.0344152 -0.00953796 -0.0385047 0.0344705 -0.00952868 -0.0384977 0.03452 -0.00951996 -0.0384896 0.0345634 -0.00951327 -0.0384803 0.034601 -0.00951028 -0.0385233 0.0340746 -0.00963919 -0.038528 0.034 -0.00964948 -0.0385189 0.0341482 -0.00962962 -0.0385147 0.0342198 -0.00962006 -0.0385104 0.0342884 -0.00961004 -0.0385059 0.034353 -0.00959935 -0.0385009 0.0344124 -0.0095876 -0.0384955 0.0344661 -0.00957544 -0.0384896 0.0345133 -0.00956336 -0.0384831 0.0345531 -0.00955311 -0.0384757 0.0345856 -0.00954776 -0.0383 0.035 -0.00899998 -0.0383 0.0349966 -0.00907841 -0.0383231 0.0349812 -0.0090778 -0.0383234 0.0349967 -0.00899998 -0.0383 0.0349875 -0.00915637 -0.0383228 0.0349662 -0.00915514 -0.0383 0.0349722 -0.00923337 -0.0383227 0.0349487 -0.00923145 -0.0383 0.0349508 -0.0093089 -0.0383226 0.0349272 -0.00930621 -0.0383 0.0349239 -0.00938265 -0.0383225 0.0349014 -0.00937909 -0.0383 0.0348907 -0.00945383 -0.0383224 0.0348701 -0.00944921 -0.0383 0.0348525 -0.00952237 -0.0383224 0.0348341 -0.00951648 -0.0383 0.0348089 -0.00958764 -0.0383223 0.0347929 -0.0095802 -0.0383 0.0347602 -0.00964922 -0.0383223 0.0347466 -0.00963978 -0.0383461 0.0349648 -0.00907719 -0.0383468 0.0349876 -0.00899998 -0.0383456 0.0349448 -0.00915387 -0.0383453 0.034925 -0.00922949 -0.0383451 0.0349032 -0.00930344 -0.0383449 0.0348785 -0.00937539 -0.0383447 0.034849 -0.00944438 -0.0383446 0.0348151 -0.00951032 -0.0383444 0.0347764 -0.00957243 -0.0383443 0.0347326 -0.00963007 -0.0383688 0.0349459 -0.00907661 -0.0383699 0.0349723 -0.00899998 -0.0383681 0.0349229 -0.00915268 -0.0383676 0.0349014 -0.0092276 -0.0383672 0.0348795 -0.00930073 -0.0383669 0.0348556 -0.0093717 -0.0383665 0.0348277 -0.00943952 -0.0383662 0.0347959 -0.00950406 -0.038366 0.0347595 -0.00956452 -0.0383658 0.0347182 -0.00962028 -0.0383911 0.0349233 -0.00907609 -0.0383925 0.034951 -0.00899998 -0.0383901 0.0348993 -0.00915158 -0.0383893 0.0348773 -0.00922582 -0.0383887 0.0348554 -0.00929811 -0.0383882 0.0348323 -0.00936806 -0.0383876 0.0348059 -0.00943457 -0.0383871 0.0347761 -0.00949759 -0.0383866 0.0347421 -0.0095563 -0.0383863 0.0347033 -0.00961015 -0.038413 0.0348967 -0.00907562 -0.0384147 0.034924 -0.00899998 -0.0384117 0.0348731 -0.00915058 -0.0384107 0.0348515 -0.00922416 -0.0384098 0.0348302 -0.00929557 -0.0384089 0.034808 -0.0093644 -0.038408 0.0347832 -0.00942945 -0.0384071 0.0347554 -0.00949075 -0.0384064 0.0347237 -0.00954754 -0.0384058 0.0346875 -0.00959931 -0.0384339 0.0348656 -0.00907524 -0.038436 0.034891 -0.00899998 -0.0384323 0.0348434 -0.00914973 -0.038431 0.0348231 -0.00922268 -0.0384297 0.0348031 -0.00929321 -0.0384284 0.0347822 -0.00936084 -0.038427 0.0347592 -0.00942424 -0.0384256 0.0347334 -0.00948359 -0.0384244 0.0347041 -0.00953818 -0.0384235 0.0346705 -0.00958759 -0.0384542 0.0348299 -0.00907492 -0.0384566 0.0348527 -0.00899998 -0.0384523 0.03481 -0.00914903 -0.0384505 0.0347915 -0.00922139 -0.0384488 0.0347731 -0.00929107 -0.0384469 0.034754 -0.00935752 -0.0384449 0.0347329 -0.00941927 -0.0384428 0.0347094 -0.00947659 -0.038441 0.0346828 -0.00952872 -0.0384397 0.0346521 -0.00957537 -0.0384735 0.0347896 -0.0090747 -0.0384762 0.0348091 -0.00899998 -0.0384711 0.0347724 -0.0091485 -0.0384689 0.0347561 -0.00922039 -0.0384665 0.0347396 -0.00928936 -0.038464 0.0347224 -0.00935479 -0.0384613 0.0347035 -0.00941509 -0.0384585 0.0346826 -0.00947042 -0.0384559 0.0346592 -0.00951992 -0.0384539 0.0346323 -0.0095633 -0.0384916 0.0347447 -0.00907457 -0.0384947 0.0347605 -0.00899998 -0.0384887 0.0347302 -0.00914817 -0.0384859 0.0347161 -0.00921976 -0.0384829 0.0347018 -0.00928824 -0.0384797 0.0346867 -0.00935296 -0.0384762 0.0346701 -0.00941221 -0.0384725 0.034652 -0.009466 -0.0384689 0.0346323 -0.0095132 -0.0384659 0.0346107 -0.00955304 -0.0383 0.034 0.01 -0.0383 0.0340784 0.00999667 -0.0383231 0.0340778 0.0099812 -0.0383234 0.034 0.00999668 -0.0383 0.0341564 0.00998752 -0.0383228 0.0341552 0.00996622 -0.0383 0.0342334 0.00997221 -0.0383227 0.0342315 0.00994874 -0.0383 0.0343089 0.00995081 -0.0383226 0.0343062 0.0099272 -0.0383 0.0343827 0.00992391 -0.0383225 0.0343791 0.00990143 -0.0383 0.0344539 0.00989078 -0.0383224 0.0344492 0.00987013 -0.0383 0.0345224 0.0098525 -0.0383224 0.0345165 0.00983408 -0.0383 0.0345877 0.00980889 -0.0383223 0.0345802 0.00979291 -0.0383 0.0346493 0.00976021 -0.0383223 0.0346398 0.00974661 -0.0383 0.0347071 0.00970714 -0.0383223 0.034695 0.00969559 -0.0383461 0.0340772 0.00996481 -0.0383468 0.034 0.0099876 -0.0383456 0.0341539 0.0099448 -0.0383453 0.0342295 0.00992505 -0.0383451 0.0343035 0.00990328 -0.0383449 0.0343754 0.00987852 -0.0383447 0.0344444 0.00984901 -0.0383446 0.0345103 0.00981514 -0.0383444 0.0345725 0.0097764 -0.0383443 0.0346301 0.00973259 -0.0383443 0.0346831 0.00968392 -0.0383688 0.0340766 0.00994592 -0.0383699 0.034 0.00997233 -0.0383681 0.0341527 0.00992291 -0.0383676 0.0342276 0.00990147 -0.0383672 0.0343008 0.00987951 -0.0383669 0.0343717 0.00985559 -0.0383665 0.0344395 0.0098277 -0.0383662 0.0345041 0.00979591 -0.038366 0.0345645 0.00975955 -0.0383658 0.0346203 0.00971825 -0.0383657 0.0346712 0.00967209 -0.0383911 0.0340761 0.00992336 -0.0383925 0.034 0.00995103 -0.0383901 0.0341516 0.0098993 -0.0383893 0.0342259 0.00987732 -0.0383887 0.0342981 0.00985548 -0.0383882 0.0343681 0.00983234 -0.0383876 0.0344346 0.00980595 -0.0383871 0.0344976 0.00977614 -0.0383866 0.0345563 0.00974213 -0.0383863 0.0346102 0.00970335 -0.0383862 0.0346591 0.00965971 -0.038413 0.0340756 0.00989678 -0.0384147 0.034 0.00992399 -0.0384117 0.0341506 0.00987309 -0.0384107 0.0342242 0.0098515 -0.0384098 0.0342956 0.00983024 -0.0384089 0.0343644 0.00980804 -0.038408 0.0344295 0.00978322 -0.0384071 0.0344908 0.0097554 -0.0384064 0.0345476 0.00972373 -0.0384058 0.0345993 0.0096875 -0.0384056 0.0346461 0.00964647 -0.0384339 0.0340753 0.00986558 -0.038436 0.034 0.00989105 -0.0384323 0.0341498 0.00984344 -0.038431 0.0342227 0.00982315 -0.0384297 0.0342932 0.00980311 -0.0384284 0.0343609 0.00978226 -0.038427 0.0344243 0.0097592 -0.0384256 0.0344836 0.00973348 -0.0384244 0.0345382 0.00970418 -0.0384235 0.0345876 0.00967051 -0.0384232 0.0346319 0.00963213 -0.0384542 0.034075 0.0098299 -0.0384566 0.034 0.00985274 -0.0384523 0.0341491 0.00980999 -0.0384505 0.0342214 0.00979154 -0.0384488 0.0342911 0.00977315 -0.0384469 0.0343576 0.009754 -0.0384449 0.0344193 0.0097329 -0.0384428 0.0344766 0.00970948 -0.038441 0.0345288 0.00968284 -0.0384397 0.0345754 0.00965214 -0.0384392 0.0346168 0.00961688 -0.0384735 0.0340747 0.00978963 -0.0384762 0.034 0.00980911 -0.0384711 0.0341485 0.0097724 -0.0384689 0.0342204 0.00975611 -0.0384665 0.0342894 0.00973968 -0.038464 0.0343548 0.00972246 -0.0384613 0.0344151 0.00970353 -0.0384585 0.0344705 0.00968266 -0.0384559 0.03452 0.00965925 -0.0384539 0.0345633 0.00963235 -0.038453 0.034601 0.00960108 -0.0384916 0.0340746 0.00974473 -0.0384947 0.034 0.00976049 -0.0384887 0.0341482 0.00973024 -0.0384859 0.0342198 0.00971618 -0.0384829 0.0342883 0.00970184 -0.0384797 0.034353 0.00968672 -0.0384762 0.0344122 0.00967009 -0.0384725 0.034466 0.00965203 -0.0384689 0.0345132 0.00963236 -0.0384659 0.0345531 0.00961069 -0.0384642 0.0345857 0.00958575 -0.0385086 0.0340746 0.00969509 -0.0385121 0.034 0.00970723 -0.0385051 0.0341481 0.00968311 -0.0385016 0.0342196 0.00967125 -0.0384979 0.0342879 0.00965904 -0.0384939 0.0343523 0.00964611 -0.0384896 0.0344112 0.00963185 -0.038485 0.0344642 0.00961675 -0.0384803 0.0345103 0.00960098 -0.0384757 0.0345478 0.00958564 -0.038472 0.0345734 0.00957343 -0.0383 0.035 0.00900003 -0.0383234 0.0349967 0.00900003 -0.0383233 0.0349812 0.0090773 -0.0383 0.0349966 0.00907847 -0.0383468 0.0349876 0.00900003 -0.0383464 0.0349662 0.00907647 -0.0383699 0.0349723 0.00900003 -0.0383693 0.0349487 0.00907595 -0.0383925 0.034951 0.00900003 -0.0383917 0.0349273 0.00907561 -0.0384147 0.034924 0.00900003 -0.0384137 0.0349014 0.00907536 -0.038436 0.034891 0.00900003 -0.0384346 0.0348703 0.00907513 -0.0384566 0.0348527 0.00900003 -0.0384548 0.0348342 0.00907492 -0.0384762 0.0348091 0.00900003 -0.038474 0.034793 0.00907475 -0.0384947 0.0347605 0.00900003 -0.0384918 0.0347468 0.00907462 -0.0385121 0.0347072 0.00900003 -0.0385085 0.0346956 0.00907457 -0.0383231 0.0349648 0.00915409 -0.0383 0.0349875 0.00915644 -0.038346 0.0349448 0.00915245 -0.0383687 0.034925 0.00915135 -0.0383909 0.0349033 0.00915061 -0.0384126 0.0348784 0.00915004 -0.0384332 0.0348491 0.00914949 -0.038453 0.0348152 0.00914897 -0.0384716 0.0347765 0.00914853 -0.0384889 0.0347327 0.00914823 -0.0385049 0.0346839 0.0091481 -0.0383229 0.0349458 0.00922993 -0.0383 0.0349722 0.00923343 -0.0383457 0.0349229 0.00922744 -0.0383681 0.0349014 0.00922571 -0.03839 0.0348795 0.00922445 -0.0384115 0.0348555 0.00922337 -0.0384317 0.0348278 0.0092223 -0.0384511 0.0347959 0.00922127 -0.0384693 0.0347596 0.0092204 -0.038486 0.0347184 0.00921982 -0.0385013 0.0346721 0.00921957 -0.0383227 0.0349232 0.0093043 -0.0383 0.0349508 0.00930895 -0.0383454 0.0348992 0.00930093 -0.0383676 0.0348772 0.00929845 -0.0383893 0.0348554 0.00929646 -0.0384104 0.0348322 0.00929463 -0.0384302 0.0348059 0.00929275 -0.0384492 0.0347761 0.00929091 -0.0384668 0.0347421 0.00928936 -0.0384829 0.0347034 0.00928829 -0.0384977 0.0346597 0.00928784 -0.0383226 0.0348968 0.00937692 -0.0383 0.0349239 0.00938272 -0.0383451 0.0348731 0.0093726 -0.0383671 0.0348515 0.00936926 -0.0383885 0.0348303 0.0093663 -0.0384093 0.034808 0.00936339 -0.0384287 0.0347833 0.00936033 -0.0384471 0.0347555 0.00935734 -0.0384642 0.0347238 0.00935478 -0.0384797 0.0346876 0.00935301 -0.0384938 0.0346465 0.00935226 -0.0383225 0.0348654 0.00944695 -0.0383 0.0348907 0.0094539 -0.0383448 0.0348433 0.00944163 -0.0383667 0.034823 0.00943717 -0.0383878 0.034803 0.00943291 -0.0384082 0.0347821 0.00942851 -0.0384271 0.0347592 0.00942378 -0.038445 0.0347334 0.00941912 -0.0384614 0.0347041 0.00941509 -0.0384762 0.0346705 0.00941226 -0.0384895 0.0346321 0.00941106 -0.0383224 0.0348297 0.00951437 -0.0383 0.0348525 0.00952243 -0.0383446 0.0348099 0.0095079 -0.0383663 0.0347914 0.0095021 -0.0383872 0.0347731 0.00949623 -0.0384072 0.0347539 0.00948999 -0.0384257 0.0347329 0.00948322 -0.0384429 0.0347094 0.00947646 -0.0384585 0.0346828 0.00947043 -0.0384725 0.0346522 0.00946606 -0.038485 0.0346168 0.00946414 -0.0383223 0.0347895 0.00957855 -0.0383 0.0348089 0.00958771 -0.0383444 0.0347723 0.00957074 -0.038366 0.034756 0.00956324 -0.0383867 0.0347396 0.00955545 -0.0384064 0.0347223 0.00954708 -0.0384244 0.0347035 0.00953797 -0.0384411 0.0346826 0.00952867 -0.0384559 0.0346592 0.00951995 -0.0384689 0.0346324 0.00951326 -0.0384803 0.034601 0.00951023 -0.0383223 0.0347445 0.00963905 -0.0383 0.0347602 0.00964929 -0.0383443 0.0347301 0.00962951 -0.0383658 0.034716 0.00961997 -0.0383863 0.0347017 0.00960999 -0.0384058 0.0346865 0.00959925 -0.0384235 0.03467 0.00958759 -0.0384397 0.0346519 0.0095754 -0.0384539 0.0346323 0.00956334 -0.0384659 0.0346107 0.0095531 -0.0384757 0.0345857 0.00954769 -0.0386 0.034 0.00900003 -0.038599 0.034 0.0090785 -0.0385943 0.0340773 0.0090779 -0.038599 0.0340785 0.00900003 -0.0385963 0.034 0.00915648 -0.0385898 0.0340765 0.00915524 -0.0385917 0.034 0.00923351 -0.0385846 0.0340759 0.00923158 -0.0385852 0.034 0.00930909 -0.0385781 0.0340756 0.00930639 -0.0385772 0.034 0.00938277 -0.0385704 0.0340754 0.00937918 -0.0385672 0.034 0.00945408 -0.038561 0.0340751 0.00944943 -0.0385557 0.034 0.00952259 -0.0385502 0.0340749 0.00951667 -0.0385426 0.034 0.00958788 -0.0385378 0.0340747 0.00958039 -0.038528 0.034 0.00964954 -0.0385239 0.0340746 0.00964002 -0.0385894 0.0341541 0.00907728 -0.0385963 0.0341565 0.00900003 -0.0385834 0.0341525 0.00915398 -0.0385775 0.0341514 0.0092296 -0.0385709 0.0341506 0.00930359 -0.0385635 0.0341501 0.00937547 -0.0385546 0.0341495 0.00944459 -0.0385445 0.034149 0.0095105 -0.0385328 0.0341485 0.0095726 -0.0385197 0.0341482 0.00963029 -0.0385837 0.03423 0.00907669 -0.0385917 0.0342335 0.00900003 -0.0385768 0.0342275 0.00915279 -0.0385704 0.0342257 0.00922771 -0.0385638 0.0342245 0.00930089 -0.0385566 0.0342234 0.00937178 -0.0385482 0.0342223 0.00943971 -0.0385387 0.0342213 0.00950421 -0.0385278 0.0342204 0.00956468 -0.0385154 0.0342198 0.00962049 -0.0385769 0.0343044 0.00907617 -0.0385852 0.0343091 0.00900003 -0.0385697 0.034301 0.00915168 -0.0385631 0.0342985 0.00922593 -0.0385566 0.0342965 0.00929826 -0.0385496 0.0342947 0.00936813 -0.0385417 0.0342928 0.00943475 -0.0385328 0.034291 0.00949773 -0.0385225 0.0342894 0.00955644 -0.0385109 0.0342884 0.00961032 -0.038569 0.0343769 0.0090757 -0.0385772 0.0343827 0.00900003 -0.0385619 0.0343726 0.00915069 -0.0385554 0.0343693 0.00922427 -0.038549 0.0343663 0.00929575 -0.0385424 0.0343634 0.0093645 -0.0385349 0.0343603 0.00942965 -0.0385266 0.0343573 0.00949092 -0.0385171 0.0343548 0.00954772 -0.0385062 0.034353 0.00959954 -0.0385596 0.0344471 0.00907532 -0.0385672 0.034454 0.00900003 -0.0385529 0.0344417 0.00914984 -0.0385468 0.0344373 0.00922279 -0.0385408 0.034433 0.00929336 -0.0385346 0.0344286 0.00936091 -0.0385277 0.0344239 0.00942441 -0.0385199 0.0344192 0.00948371 -0.0385112 0.0344152 0.00953829 -0.038501 0.0344124 0.00958772 -0.0385489 0.0345145 0.00907502 -0.0385557 0.0345226 0.00900003 -0.0385429 0.034508 0.00914913 -0.0385374 0.0345022 0.00922151 -0.0385319 0.0344963 0.00929124 -0.0385261 0.0344901 0.0093576 -0.0385198 0.0344833 0.00941945 -0.0385128 0.0344765 0.00947672 -0.0385048 0.0344705 0.00952886 -0.0384956 0.0344661 0.00957552 -0.0385368 0.0345787 0.00907479 -0.0385426 0.0345878 0.00900003 -0.0385316 0.0345708 0.00914861 -0.0385267 0.0345633 0.00922051 -0.0385218 0.0345555 0.00928953 -0.0385167 0.0345472 0.00935488 -0.038511 0.034538 0.00941527 -0.0385047 0.0345287 0.00947057 -0.0384977 0.03452 0.00952004 -0.0384896 0.0345133 0.00956343 -0.0385233 0.0346392 0.00907465 -0.038528 0.0346495 0.00900003 -0.0385189 0.0346297 0.00914828 -0.0385147 0.0346201 0.00921988 -0.0385104 0.0346101 0.0092884 -0.0385059 0.0345994 0.00935305 -0.0385009 0.0345876 0.00941239 -0.0384955 0.0345755 0.00946615 -0.0384896 0.0345634 0.00951334 -0.0384831 0.0345531 0.00955316 -0.0329 0.015 -0.00999997 -0.0328765 0.015 -0.00999689 -0.0328531 0.015 -0.00998766 -0.03283 0.015 -0.00997233 -0.0328073 0.015 -0.00995103 -0.0327852 0.015 -0.00992384 -0.0327638 0.015 -0.00989098 -0.0327433 0.015 -0.00985261 -0.0327237 0.015 -0.00980899 -0.0327052 0.015 -0.00976038 -0.0326879 0.015 -0.00970708 -0.0326719 0.015 -0.00964942 -0.0326573 0.015 -0.00958775 -0.0326442 0.015 -0.00952247 -0.0326327 0.015 -0.00945397 -0.0326228 0.015 -0.00938265 -0.0326147 0.015 -0.00930899 -0.0326083 0.015 -0.00923341 -0.0326037 0.015 -0.00915641 -0.0326009 0.015 -0.00907843 -0.0326 0.015 -0.00899998 -0.0329 0.016 0.01 -0.0328765 0.0159215 0.00999695 -0.0328531 0.0158436 0.00998771 -0.03283 0.0157666 0.0099724 -0.0328073 0.015691 0.00995108 -0.0327852 0.0156173 0.00992391 -0.0327638 0.015546 0.00989104 -0.0327433 0.0154775 0.00985267 -0.0327237 0.0154122 0.00980904 -0.0327052 0.0153505 0.00976043 -0.0326879 0.0152929 0.00970714 -0.0326719 0.0152396 0.00964948 -0.0326573 0.015191 0.00958782 -0.0326442 0.0151474 0.00952252 -0.0326327 0.015109 0.00945402 -0.0326228 0.0150761 0.00938272 -0.0326147 0.0150489 0.00930905 -0.0326083 0.0150276 0.00923347 -0.0326037 0.0150123 0.00915647 -0.0326009 0.0150031 0.00907849 -0.0326 0.015 0.00900003 -0.0383 0.016 0.01 -0.0383235 0.0159215 0.00999695 -0.0383469 0.0158436 0.00998771 -0.03837 0.0157666 0.0099724 -0.0383927 0.015691 0.00995108 -0.0384148 0.0156173 0.00992391 -0.0384362 0.015546 0.00989104 -0.0384568 0.0154775 0.00985267 -0.0384763 0.0154122 0.00980904 -0.0384948 0.0153505 0.00976043 -0.0385121 0.0152929 0.00970714 -0.0385281 0.0152396 0.00964948 -0.0385427 0.015191 0.00958782 -0.0385558 0.0151474 0.00952252 -0.0385673 0.015109 0.00945402 -0.0385772 0.0150761 0.00938272 -0.0385853 0.0150489 0.00930905 -0.0385917 0.0150276 0.00923347 -0.0385963 0.0150123 0.00915647 -0.0385991 0.0150031 0.00907849 -0.0386 0.015 0.00900003 -0.0383 0.015 -0.00999997 -0.0383235 0.015 -0.00999689 -0.0383469 0.015 -0.00998766 -0.03837 0.015 -0.00997233 -0.0383927 0.015 -0.00995103 -0.0384148 0.015 -0.00992384 -0.0384362 0.015 -0.00989098 -0.0384568 0.015 -0.00985261 -0.0384763 0.015 -0.00980899 -0.0384948 0.015 -0.00976038 -0.0385121 0.015 -0.00970708 -0.0385281 0.015 -0.00964942 -0.0385427 0.015 -0.00958775 -0.0385558 0.015 -0.00952247 -0.0385673 0.015 -0.00945397 -0.0385772 0.015 -0.00938265 -0.0385853 0.015 -0.00930899 -0.0385917 0.015 -0.00923341 -0.0385963 0.015 -0.00915641 -0.0385991 0.015 -0.00907843 -0.0386 0.015 -0.00899998 -0.1043 -0.00150001 -0.267 -0.1043 -0.00150001 -0.242 -0.104593 -0.00147118 -0.242 -0.104593 -0.00147118 -0.267 -0.104874 -0.00138583 -0.242 -0.104874 -0.00138583 -0.267 -0.105133 -0.00124721 -0.242 -0.105133 -0.00124721 -0.267 -0.105361 -0.00106067 -0.242 -0.105361 -0.00106067 -0.267 -0.105547 -0.000833362 -0.242 -0.105547 -0.000833362 -0.267 -0.105686 -0.000574032 -0.242 -0.105686 -0.000574032 -0.267 -0.105771 -0.000292642 -0.242 -0.105771 -0.000292642 -0.267 -0.1058 -6.5171e-09 -0.242 -0.1058 -6.5171e-09 -0.267 -0.105771 0.000292629 -0.242 -0.105771 0.000292629 -0.267 -0.105686 0.000574019 -0.242 -0.105686 0.000574019 -0.267 -0.105547 0.000833349 -0.242 -0.105547 0.000833349 -0.267 -0.105361 0.00106065 -0.242 -0.105361 0.00106065 -0.267 -0.105133 0.0012472 -0.242 -0.105133 0.0012472 -0.267 -0.104874 0.00138581 -0.242 -0.104874 0.00138581 -0.267 -0.104593 0.00147117 -0.242 -0.104593 0.00147117 -0.267 -0.1043 0.00149999 -0.242 -0.1043 0.00149999 -0.267 -0.104007 0.00147117 -0.242 -0.104007 0.00147117 -0.267 -0.103726 0.00138581 -0.242 -0.103726 0.00138581 -0.267 -0.103467 0.0012472 -0.242 -0.103467 0.0012472 -0.267 -0.103239 0.00106065 -0.242 -0.103239 0.00106065 -0.267 -0.103053 0.000833349 -0.242 -0.103053 0.000833349 -0.267 -0.102914 0.000574019 -0.242 -0.102914 0.000574019 -0.267 -0.102829 0.000292629 -0.242 -0.102829 0.000292629 -0.267 -0.1028 -6.25483e-09 -0.242 -0.1028 -6.25483e-09 -0.267 -0.102829 -0.000292642 -0.242 -0.102829 -0.000292642 -0.267 -0.102914 -0.000574031 -0.242 -0.102914 -0.000574031 -0.267 -0.103053 -0.000833362 -0.242 -0.103053 -0.000833362 -0.267 -0.103239 -0.00106067 -0.242 -0.103239 -0.00106067 -0.267 -0.103467 -0.00124721 -0.242 -0.103467 -0.00124721 -0.267 -0.103726 -0.00138583 -0.242 -0.103726 -0.00138583 -0.267 -0.104007 -0.00147118 -0.242 -0.104007 -0.00147118 -0.267 -0.1043 -0.00450001 -0.242 -0.1043 -0.00450001 -0.23 -0.105178 -0.00441354 -0.23 -0.105178 -0.00441354 -0.242 -0.106022 -0.00415746 -0.23 -0.106022 -0.00415746 -0.242 -0.1068 -0.00374162 -0.23 -0.1068 -0.00374162 -0.242 -0.107482 -0.00318199 -0.23 -0.107482 -0.00318199 -0.242 -0.108042 -0.00250007 -0.23 -0.108042 -0.00250007 -0.242 -0.108457 -0.00172208 -0.23 -0.108457 -0.00172208 -0.242 -0.108714 -0.000877913 -0.23 -0.108714 -0.000877913 -0.242 -0.1088 -6.77937e-09 -0.23 -0.1088 -6.77937e-09 -0.242 -0.108714 0.0008779 -0.23 -0.108714 0.0008779 -0.242 -0.108457 0.00172207 -0.23 -0.108457 0.00172207 -0.242 -0.108042 0.00250006 -0.23 -0.108042 0.00250006 -0.242 -0.107482 0.00318197 -0.23 -0.107482 0.00318197 -0.242 -0.1068 0.00374161 -0.23 -0.1068 0.00374161 -0.242 -0.106022 0.00415745 -0.23 -0.106022 0.00415745 -0.242 -0.105178 0.00441353 -0.23 -0.105178 0.00441353 -0.242 -0.1043 0.00449999 -0.23 -0.1043 0.00449999 -0.242 -0.103422 0.00441353 -0.23 -0.103422 0.00441353 -0.242 -0.102578 0.00415745 -0.23 -0.102578 0.00415745 -0.242 -0.1018 0.00374161 -0.23 -0.1018 0.00374161 -0.242 -0.101118 0.00318197 -0.23 -0.101118 0.00318197 -0.242 -0.100558 0.00250006 -0.23 -0.100558 0.00250006 -0.242 -0.100143 0.00172207 -0.23 -0.100143 0.00172207 -0.242 -0.0998865 0.000877901 -0.23 -0.0998865 0.000877901 -0.242 -0.0998 -5.99256e-09 -0.23 -0.0998 -5.99256e-09 -0.242 -0.0998865 -0.000877913 -0.23 -0.0998865 -0.000877913 -0.242 -0.100143 -0.00172208 -0.23 -0.100143 -0.00172208 -0.242 -0.100558 -0.00250007 -0.23 -0.100558 -0.00250007 -0.242 -0.101118 -0.00318199 -0.23 -0.101118 -0.00318199 -0.242 -0.1018 -0.00374162 -0.23 -0.1018 -0.00374162 -0.242 -0.102578 -0.00415746 -0.23 -0.102578 -0.00415746 -0.242 -0.103422 -0.00441354 -0.23 -0.103422 -0.00441354 -0.242 -0.1043 -0.00600001 -0.23 -0.1043 -0.00600001 -0.217 -0.105471 -0.00588472 -0.217 -0.105471 -0.00588472 -0.23 -0.106596 -0.00554328 -0.217 -0.106596 -0.00554328 -0.23 -0.107633 -0.00498882 -0.217 -0.107633 -0.00498882 -0.23 -0.108543 -0.00424265 -0.217 -0.108543 -0.00424265 -0.23 -0.109289 -0.00333343 -0.217 -0.109289 -0.00333343 -0.23 -0.109843 -0.00229611 -0.217 -0.109843 -0.00229611 -0.23 -0.110185 -0.00117055 -0.217 -0.110185 -0.00117055 -0.23 -0.1103 -6.9105e-09 -0.217 -0.1103 -6.9105e-09 -0.23 -0.110185 0.00117054 -0.217 -0.110185 0.00117054 -0.23 -0.109843 0.00229609 -0.217 -0.109843 0.00229609 -0.23 -0.109289 0.00333341 -0.217 -0.109289 0.00333341 -0.23 -0.108543 0.00424263 -0.217 -0.108543 0.00424263 -0.23 -0.107633 0.00498881 -0.217 -0.107633 0.00498881 -0.23 -0.106596 0.00554327 -0.217 -0.106596 0.00554327 -0.23 -0.105471 0.00588471 -0.217 -0.105471 0.00588471 -0.23 -0.1043 0.00599999 -0.217 -0.1043 0.00599999 -0.23 -0.103129 0.00588471 -0.217 -0.103129 0.00588471 -0.23 -0.102004 0.00554327 -0.217 -0.102004 0.00554327 -0.23 -0.100967 0.00498881 -0.217 -0.100967 0.00498881 -0.23 -0.100057 0.00424263 -0.217 -0.100057 0.00424263 -0.23 -0.0993112 0.00333342 -0.217 -0.0993112 0.00333342 -0.23 -0.0987567 0.0022961 -0.217 -0.0987567 0.0022961 -0.23 -0.0984153 0.00117054 -0.217 -0.0984153 0.00117054 -0.23 -0.0983 -5.86143e-09 -0.217 -0.0983 -5.86143e-09 -0.23 -0.0984153 -0.00117055 -0.217 -0.0984153 -0.00117055 -0.23 -0.0987567 -0.00229611 -0.217 -0.0987567 -0.00229611 -0.23 -0.0993112 -0.00333343 -0.217 -0.0993112 -0.00333343 -0.23 -0.100057 -0.00424265 -0.217 -0.100057 -0.00424265 -0.23 -0.100967 -0.00498882 -0.217 -0.100967 -0.00498882 -0.23 -0.102004 -0.00554328 -0.217 -0.102004 -0.00554328 -0.23 -0.103129 -0.00588472 -0.217 -0.103129 -0.00588472 -0.23 -9.99998e-05 0.0151756 0.0159322 -9.99998e-05 0.0173241 0.0173241 -9.99998e-05 0.0141421 0.0162091 -9.99998e-05 0.0104385 0.0166757 -9.99998e-05 0.0131086 0.0159322 -9.99998e-05 0.0105458 0.0158604 -9.99998e-05 0.012352 0.0151756 -9.99998e-05 0.0104385 0.0150451 -9.99998e-05 0.0101238 0.0142854 -9.99998e-05 0.0120751 0.0141421 -9.99998e-05 0.0096232 0.013633 -9.99998e-05 0.0089708 0.0131324 -9.99998e-05 0.012352 0.0131086 -9.99998e-05 0.0082111 0.0128177 -9.99998e-05 0.0073958 0.0127104 -9.99998e-05 0.0131086 0.012352 -9.99998e-05 -0.0131086 0.012352 -9.99998e-05 -0.0141421 0.0120751 -9.99998e-05 -0.0151756 0.012352 -0.000100002 -0.02 0.0099 -9.99998e-05 -0.002759 0.0102968 -9.99998e-05 4.37114e-12 0.01066 -9.99998e-05 0.0141421 0.0120751 -9.99998e-05 0.001575 0.014772 -9.99998e-05 0.0043531 0.0150451 -9.99998e-05 0.0022274 0.0152726 -9.99998e-05 0.0042458 0.0158604 -9.99998e-05 0.002728 0.015925 -9.99998e-05 0.0043531 0.0166757 -9.99998e-05 0.0030427 0.0166847 -9.99998e-05 0.0046678 0.0174354 -9.99998e-05 0.00315 0.0175 -9.99998e-05 0.0051684 0.0180878 -9.99998e-05 0.0030427 0.0183153 -9.99998e-05 0.0058208 0.0185884 -9.99998e-05 0.002728 0.019075 -9.99998e-05 0.0065805 0.0189031 -9.99998e-05 0.0073958 0.0190104 -9.99998e-05 -0.001575 0.014772 -9.99998e-05 -0.0043531 0.0150451 -9.99998e-05 -0.0008153 0.0144573 -9.99998e-05 -0.0046678 0.0142854 -9.99998e-05 4.37114e-12 0.01435 -9.99998e-05 0.0046678 0.0142854 -9.99998e-05 0.0008153 0.0144573 -9.99998e-05 -0.0073958 0.0127104 -9.99998e-05 0.0065805 0.0128177 -9.99998e-05 -0.0065805 0.0128177 -9.99998e-05 0.0058208 0.0131324 -9.99998e-05 -0.0058208 0.0131324 -9.99998e-05 0.0051684 0.013633 -9.99998e-05 -0.0051684 0.013633 -9.99998e-05 4.37114e-12 0.0245 -9.99998e-05 -0.0063411 0.0236652 -9.99998e-05 0.0063411 0.0236652 -9.99998e-05 -0.01225 0.0212176 -9.99998e-05 0.01225 0.0212176 -9.99998e-05 4.37114e-12 0.02065 -9.99998e-05 0.0008153 0.0205427 -9.99998e-05 -0.0173241 0.0173241 -9.99998e-05 -0.0101238 0.0174354 -9.99998e-05 -0.0096232 0.0180878 -9.99998e-05 -0.0089708 0.0185884 -9.99998e-05 -0.0082111 0.0189031 -9.99998e-05 -0.0073958 0.0190104 -9.99998e-05 -0.002728 0.019075 -9.99998e-05 -0.0022274 0.0197274 -9.99998e-05 -0.001575 0.020228 -9.99998e-05 -0.0008153 0.0205427 -0.000100002 -0.02 0.0138368 -9.99998e-05 -0.0162091 0.0141421 -9.99998e-05 -0.0159322 0.0151756 -9.99998e-05 -0.0151756 0.0159322 -9.99998e-05 -0.0141421 0.0162091 -9.99998e-05 -0.0104385 0.0166757 -9.99998e-05 -0.0159322 0.0131086 -0.000100002 -0.0200536 0.0097 -0.000100002 -0.0202 0.0095536 -0.000100002 -0.0204 0.0095 -9.99998e-05 -0.00533 0.0092318 -9.99998e-05 0.001575 0.020228 -9.99998e-05 0.0022274 0.0197274 -9.99998e-05 0.0082111 0.0189031 -9.99998e-05 0.0089708 0.0185884 -9.99998e-05 0.0096232 0.0180878 -9.99998e-05 0.0101238 0.0174354 -9.99998e-05 0.0159322 0.0151756 -9.99998e-05 0.0162091 0.0141421 -9.99998e-05 0.0159322 0.0131086 -9.99998e-05 0.0212176 0.01225 -9.99998e-05 0.0151756 0.012352 -9.99998e-05 0.002759 0.0102968 -9.99998e-05 0.00533 0.0092318 -9.99998e-05 0.0075378 0.0075378 -9.99998e-05 0.0236652 0.0063411 -9.99998e-05 0.0092318 0.00533 -9.99998e-05 0.0102968 0.002759 -9.99998e-05 0.0184 0.0025 -9.99998e-05 0.01965 0.0021651 -9.99998e-05 0.0205651 0.00125 -9.99998e-05 0.0209 0 -9.99998e-05 0.0245 0 -9.99998e-05 0.0205651 -0.00125 -9.99998e-05 0.01965 -0.0021651 -9.99998e-05 0.0236 -0.0036 -9.99998e-05 0.0184 -0.0025 -9.99998e-05 0.0102968 -0.002759 -9.99998e-05 0.01715 -0.0021651 -9.99998e-05 0.01066 0 -9.99998e-05 0.0162349 -0.00125 -9.99998e-05 0.0159 0 -9.99998e-05 -0.0065805 0.0189031 -9.99998e-05 -0.0058208 0.0185884 -9.99998e-05 -0.0030427 0.0183153 -9.99998e-05 -0.0051684 0.0180878 -9.99998e-05 -0.00315 0.0175 -9.99998e-05 -0.0046678 0.0174354 -9.99998e-05 -0.0030427 0.0166847 -9.99998e-05 -0.0043531 0.0166757 -9.99998e-05 -0.002728 0.015925 -9.99998e-05 -0.0042458 0.0158604 -9.99998e-05 -0.0022274 0.0152726 -9.99998e-05 -0.0101238 0.0142854 -9.99998e-05 -0.0104385 0.0150451 -9.99998e-05 -0.012352 0.0151756 -9.99998e-05 -0.0105458 0.0158604 -9.99998e-05 -0.0131086 0.0159322 -9.99998e-05 -0.0120751 0.0141421 -9.99998e-05 -0.012352 0.0131086 -9.99998e-05 -0.0089708 0.0131324 -9.99998e-05 -0.0096232 0.013633 -9.99998e-05 -0.0082111 0.0128177 -9.99998e-05 0.0162349 0.00125 -9.99998e-05 0.01715 0.0021651 -9.99998e-05 -0.01066 0 -9.99998e-05 -0.0102968 0.002759 -0.000100002 -0.024 0.0037979 -9.99998e-05 -0.0092318 0.00533 -0.000100002 -0.0236652 0.0063411 -9.99998e-05 -0.0075378 0.0075378 -0.000100002 -0.0223567 0.0095 -9.99998e-05 -0.0102968 -0.002759 -9.99998e-05 -0.0169797 -0.0032405 -9.99998e-05 -0.0158266 -0.0038281 -9.99998e-05 -0.0151218 -0.0049134 -9.99998e-05 -0.0092318 -0.00533 -0.000100002 -0.0199448 -0.0051661 -0.000100002 -0.0193573 -0.0040131 -0.000100002 -0.024 -0.0037979 -0.000100002 -0.018272 -0.0033083 -0.000100002 -0.0236652 -0.0063411 -0.000100002 -0.0223567 -0.0095 -0.000100002 -0.0180192 -0.0081313 -0.000100002 -0.0191723 -0.0075438 -0.000100002 -0.0198771 -0.0064585 -9.99998e-05 -0.00533 -0.0092318 -9.99998e-05 -0.0075378 -0.0075378 -9.99998e-05 -0.0167269 -0.0080636 -0.000100002 -0.0204 -0.0095 -0.000100002 -0.0202 -0.0095536 -0.000100002 -0.0200536 -0.0097 -0.000100002 -0.02 -0.0099 -9.99998e-05 -0.002759 -0.0102968 -9.99998e-05 4.37114e-12 -0.01066 -9.99998e-05 -0.0141421 -0.0120751 -9.99998e-05 0.0141421 -0.0120751 -9.99998e-05 -0.0131086 -0.012352 -9.99998e-05 0.0131086 -0.012352 -9.99998e-05 -0.0073958 -0.0127104 -9.99998e-05 0.0073958 -0.0127104 -9.99998e-05 -0.0065805 -0.0128177 -9.99998e-05 0.0065805 -0.0128177 -9.99998e-05 -0.0058208 -0.0131324 -9.99998e-05 0.0058208 -0.0131324 -9.99998e-05 -0.0051684 -0.013633 -9.99998e-05 0.0051684 -0.013633 -9.99998e-05 -0.0046678 -0.0142854 -9.99998e-05 0.0046678 -0.0142854 -9.99998e-05 4.37114e-12 -0.01435 -9.99998e-05 0.0008153 -0.0144573 -9.99998e-05 -0.0159322 -0.0151756 -9.99998e-05 -0.0162091 -0.0141421 -0.000100002 -0.02 -0.0138368 -9.99998e-05 -0.0159322 -0.0131086 -9.99998e-05 -0.0151756 -0.012352 -9.99998e-05 -0.0151756 -0.0159322 -9.99998e-05 -0.0173241 -0.0173241 -9.99998e-05 -0.0141421 -0.0162091 -9.99998e-05 -0.0104385 -0.0166757 -9.99998e-05 -0.0105458 -0.0158604 -9.99998e-05 -0.01225 -0.0212176 -9.99998e-05 -0.0008153 -0.0205427 -9.99998e-05 -0.001575 -0.020228 -9.99998e-05 -0.0082111 -0.0189031 -9.99998e-05 -0.0089708 -0.0185884 -9.99998e-05 -0.0096232 -0.0180878 -9.99998e-05 -0.0101238 -0.0174354 -9.99998e-05 -0.0051684 -0.0180878 -9.99998e-05 -0.0058208 -0.0185884 -9.99998e-05 -0.0030427 -0.0183153 -9.99998e-05 -0.0065805 -0.0189031 -9.99998e-05 -0.002728 -0.019075 -9.99998e-05 -0.0073958 -0.0190104 -9.99998e-05 -0.0022274 -0.0197274 -9.99998e-05 4.37114e-12 -0.02065 -9.99998e-05 0.01225 -0.0212176 -9.99998e-05 0.0008153 -0.0205427 -9.99998e-05 0.0173241 -0.0173241 -9.99998e-05 0.001575 -0.020228 -9.99998e-05 0.0082111 -0.0189031 -9.99998e-05 0.0022274 -0.0197274 -9.99998e-05 0.0073958 -0.0190104 -9.99998e-05 0.002728 -0.019075 -9.99998e-05 0.0065805 -0.0189031 -9.99998e-05 0.0030427 -0.0183153 -9.99998e-05 0.0058208 -0.0185884 -9.99998e-05 0.0051684 -0.0180878 -9.99998e-05 -0.00315 -0.0175 -9.99998e-05 -0.0046678 -0.0174354 -9.99998e-05 -0.0030427 -0.0166847 -9.99998e-05 -0.0043531 -0.0166757 -9.99998e-05 -0.002728 -0.015925 -9.99998e-05 -0.0042458 -0.0158604 -9.99998e-05 -0.0022274 -0.0152726 -9.99998e-05 -0.0043531 -0.0150451 -9.99998e-05 -0.001575 -0.014772 -9.99998e-05 -0.0008153 -0.0144573 -9.99998e-05 -0.0096232 -0.013633 -9.99998e-05 -0.0089708 -0.0131324 -9.99998e-05 -0.012352 -0.0131086 -9.99998e-05 -0.0082111 -0.0128177 -9.99998e-05 -0.0120751 -0.0141421 -9.99998e-05 -0.012352 -0.0151756 -9.99998e-05 -0.0104385 -0.0150451 -9.99998e-05 -0.0101238 -0.0142854 -9.99998e-05 -0.0131086 -0.0159322 -9.99998e-05 0.0092318 -0.00533 -9.99998e-05 0.022 -0.0052 -9.99998e-05 0.0222144 -0.0044 -9.99998e-05 0.0228 -0.0038144 -9.99998e-05 0.0075378 -0.0075378 -9.99998e-05 0.0234876 -0.0067699 -9.99998e-05 0.0228 -0.0065856 -9.99998e-05 0.0222144 -0.006 -9.99998e-05 0.00533 -0.0092318 -9.99998e-05 0.002759 -0.0102968 -9.99998e-05 0.0212176 -0.01225 -9.99998e-05 0.0151756 -0.012352 -9.99998e-05 0.0159322 -0.0131086 -9.99998e-05 0.0162091 -0.0141421 -9.99998e-05 0.0159322 -0.0151756 -9.99998e-05 0.0151756 -0.0159322 -9.99998e-05 0.0141421 -0.0162091 -9.99998e-05 0.0104385 -0.0166757 -9.99998e-05 0.0101238 -0.0174354 -9.99998e-05 0.0096232 -0.0180878 -9.99998e-05 0.0089708 -0.0185884 -9.99998e-05 -0.0063411 -0.0236652 -9.99998e-05 4.37114e-12 -0.0245 -9.99998e-05 0.0063411 -0.0236652 -9.99998e-05 -0.0156416 -0.0073587 -9.99998e-05 -0.0150541 -0.0062057 -9.99998e-05 0.0082111 -0.0128177 -9.99998e-05 0.0089708 -0.0131324 -9.99998e-05 0.012352 -0.0131086 -9.99998e-05 0.0096232 -0.013633 -9.99998e-05 0.0101238 -0.0142854 -9.99998e-05 0.0120751 -0.0141421 -9.99998e-05 0.0131086 -0.0159322 -9.99998e-05 0.0105458 -0.0158604 -9.99998e-05 0.012352 -0.0151756 -9.99998e-05 0.0104385 -0.0150451 -9.99998e-05 0.00315 -0.0175 -9.99998e-05 0.0046678 -0.0174354 -9.99998e-05 0.0030427 -0.0166847 -9.99998e-05 0.0043531 -0.0166757 -9.99998e-05 0.002728 -0.015925 -9.99998e-05 0.0042458 -0.0158604 -9.99998e-05 0.0022274 -0.0152726 -9.99998e-05 0.0043531 -0.0150451 -9.99998e-05 0.001575 -0.014772 -9.99998e-05 0.0240115 -0.0037103 0.001199 0.0184 -0.0025 0.001199 0.01965 -0.0021651 0.002399 0.0194 -0.0017321 0.002399 0.0184 -0.002 0.0024309 0.019373 -0.0016852 0.0024309 0.0184 -0.0019459 0.0027834 0.0189474 -0.0009481 0.0027834 0.0184 -0.0010948 0.0029037 0.0184907 -0.0001571 0.0029037 0.0184 -0.0001814 0.002899 0.0184 0 0.001199 0.0205651 -0.00125 0.002399 0.0201321 -0.001 0.0024309 0.0200852 -0.000973 0.0027834 0.0193481 -0.0005474 0.0029037 0.0185571 -9.07e-05 0.001199 0.0209 0 0.002399 0.0204 0 0.0024309 0.0203459 0 0.0027834 0.0194948 0 0.0029037 0.0185814 0 0.001199 0.0205651 0.00125 0.002399 0.0201321 0.001 0.0024309 0.0200852 0.000973 0.0027834 0.0193481 0.0005474 0.0029037 0.0185571 9.07e-05 0.001199 0.01965 0.0021651 0.002399 0.0194 0.0017321 0.0024309 0.019373 0.0016852 0.0027834 0.0189474 0.0009481 0.0029037 0.0184907 0.0001571 0.001199 0.0184 0.0025 0.002399 0.0184 0.002 0.0024309 0.0184 0.0019459 0.0027834 0.0184 0.0010948 0.0029037 0.0184 0.0001814 0.001199 0.01715 0.0021651 0.002399 0.0174 0.0017321 0.0024309 0.017427 0.0016852 0.0027834 0.0178526 0.0009481 0.0029037 0.0183093 0.0001571 0.001199 0.0162349 0.00125 0.002399 0.0166679 0.001 0.0024309 0.0167148 0.000973 0.0027834 0.0174519 0.0005474 0.0029037 0.0182429 9.07e-05 0.001199 0.0159 0 0.002399 0.0164 0 0.0024309 0.0164541 0 0.0027834 0.0173052 0 0.0029037 0.0182186 0 0.001199 0.0162349 -0.00125 0.002399 0.0166679 -0.001 0.0024309 0.0167148 -0.000973 0.0027834 0.0174519 -0.0005474 0.0029037 0.0182429 -9.07e-05 0.001199 -0.0167269 -0.0080636 0.001199 -0.0156416 -0.0073587 0.002399 -0.0168814 -0.007588 0.002399 -0.0160132 -0.0070242 0.0027671 -0.0166841 -0.00642 0.0027671 -0.0171604 -0.0067293 0.0029 -0.017434 -0.0057448 0.0029 -0.0174722 -0.0057697 0.002899 -0.0174994 -0.0056859 0.001199 -0.0150541 -0.0062057 0.002399 -0.0155431 -0.0061017 0.0027671 -0.0164263 -0.005914 0.0029 -0.0174133 -0.0057042 0.001199 -0.0151218 -0.0049134 0.002399 -0.0155973 -0.0050679 0.0027671 -0.016456 -0.0053469 0.0029 -0.0174157 -0.0056587 0.001199 -0.0158266 -0.0038281 0.002399 -0.0161612 -0.0041996 0.0027671 -0.0167653 -0.0048706 0.0029 -0.0174405 -0.0056205 0.001199 -0.0169797 -0.0032405 0.002399 -0.0170836 -0.0037296 0.0027671 -0.0172713 -0.0046128 0.0029 -0.0174811 -0.0055998 0.001199 -0.018272 -0.0033083 0.002399 -0.0181175 -0.0037838 0.0027671 -0.0178385 -0.0046425 0.0029 -0.0175267 -0.0056022 0.001199 -0.0193573 -0.0040131 0.002399 -0.0189857 -0.0043477 0.0027671 -0.0183148 -0.0049518 0.0029 -0.0175649 -0.005627 0.001199 -0.0199448 -0.0051661 0.002399 -0.0194557 -0.0052701 0.0027671 -0.0185726 -0.0054578 0.0029 -0.0175856 -0.0056676 0.001199 -0.0198771 -0.0064585 0.002399 -0.0194016 -0.0063039 0.0027671 -0.0185429 -0.0060249 0.0029 -0.0175832 -0.0057131 0.001199 -0.0191723 -0.0075438 0.002399 -0.0188377 -0.0071722 0.0027671 -0.0182336 -0.0065012 0.0029 -0.0175584 -0.0057514 0.001199 -0.0180192 -0.0081313 0.002399 -0.0179153 -0.0076422 0.0027671 -0.0177275 -0.0067591 0.0029 -0.0175177 -0.005772 0.001199 0.01715 -0.0021651 0.002399 0.0174 -0.0017321 0.0024309 0.017427 -0.0016852 0.0027834 0.0178526 -0.0009481 0.0029037 0.0183093 -0.0001571 -0.0207 0.0131086 -0.012352 -0.0207 0.012352 -0.0131086 -0.0207 9.04826e-10 -0.0125 -0.0207 -0.0131086 -0.012352 -0.0207 -0.0032352 -0.0120741 -0.0207 -0.0141421 -0.0120751 -0.0207 -0.02 -0.0099 -0.0207 -0.0151756 -0.012352 -0.0207 -0.0159322 -0.0131086 -0.0207 9.04826e-10 -0.0245 -0.0207 -0.0063411 -0.0236652 -0.0207 0.0063411 -0.0236652 -0.0207 -0.01225 -0.0212176 -0.0207 0.01225 -0.0212176 -0.0207 -0.0173241 -0.0173241 -0.0207 0.0173241 -0.0173241 -0.0207 -0.0141421 -0.0162091 -0.0207 0.0141421 -0.0162091 -0.0207 -0.0131086 -0.0159322 -0.0207 0.0131086 -0.0159322 -0.0207 -0.012352 -0.0151756 -0.0207 0.012352 -0.0151756 -0.0207 -0.0120751 -0.0141421 -0.0207 0.0120751 -0.0141421 -0.0207 -0.012352 -0.0131086 -0.0207 -0.0202 -0.0095536 -0.0207 -0.0204 -0.0095 -0.0207 -0.0088388 -0.0088388 -0.0207 -0.0236652 -0.0063411 -0.0207 -0.0108253 -0.00625 -0.0207 -0.024 -0.0037979 -0.0207 -0.0120741 -0.0032352 -0.0207 -0.02 -0.0015 -0.0207 -0.0125 0 -0.0207 -0.01925 -0.001299 -0.0207 -0.018701 -0.00075 -0.0207 -0.00625 -0.0108253 -0.0207 -0.0200536 -0.0097 -0.0207 -0.02 -0.0138368 -0.0207 -0.0162091 -0.0141421 -0.0207 -0.0159322 -0.0151756 -0.0207 -0.0151756 -0.0159322 -0.0207 0.0032352 -0.0120741 -0.0207 0.00625 -0.0108253 -0.0207 0.0236652 -0.0063411 -0.0207 0.0141421 -0.0120751 -0.0207 -0.01925 0.001299 -0.0207 -0.02 0.0015 -0.0207 -0.0120741 0.0032352 -0.0207 -0.024 0.0037979 -0.0207 -0.0108253 0.00625 -0.0207 -0.0236652 0.0063411 -0.0207 -0.0088388 0.0088388 -0.0207 -0.0223567 0.0095 -0.0207 -0.0204 0.0095 -0.0207 -0.0185 0 -0.0207 -0.018701 0.00075 -0.0207 9.04826e-10 0.0245 -0.0207 0.0063411 0.0236652 -0.0207 -0.0063411 0.0236652 -0.0207 0.01225 0.0212176 -0.0207 -0.01225 0.0212176 -0.0207 0.0173241 0.0173241 -0.0207 -0.0173241 0.0173241 -0.0207 0.0141421 0.0162091 -0.0207 -0.0141421 0.0162091 -0.0207 0.0131086 0.0159322 -0.0207 -0.0131086 0.0159322 -0.0207 0.012352 0.0151756 -0.0207 -0.012352 0.0151756 -0.0207 0.0120751 0.0141421 -0.0207 -0.0120751 0.0141421 -0.0207 0.012352 0.0131086 -0.0207 -0.012352 0.0131086 -0.0207 9.04826e-10 0.0125 -0.0207 -0.0131086 0.012352 -0.0207 -0.0141421 0.0120751 -0.0207 0.00625 0.0108253 -0.0207 0.0032352 0.0120741 -0.0207 0.0141421 0.0120751 -0.0207 0.0131086 0.012352 -0.0207 0.0212176 0.01225 -0.0207 0.0159322 0.0131086 -0.0207 0.0162091 0.0141421 -0.0207 0.0159322 0.0151756 -0.0207 0.0151756 0.0159322 -0.0207 0.0236652 0.0063411 -0.0207 0.0088388 0.0088388 -0.0207 0.0151756 0.012352 -0.0207 0.0245 0 -0.0207 0.0125 0 -0.0207 0.0120741 0.0032352 -0.0207 0.0108253 0.00625 -0.0207 0.0088388 -0.0088388 -0.0207 0.0108253 -0.00625 -0.0207 0.0120741 -0.0032352 -0.0207 0.0212176 -0.01225 -0.0207 0.0151756 -0.0159322 -0.0207 0.0159322 -0.0151756 -0.0207 0.0162091 -0.0141421 -0.0207 0.0159322 -0.0131086 -0.0207 0.0151756 -0.012352 -0.0207 -0.0151756 0.0159322 -0.0207 -0.0159322 0.0151756 -0.0207 -0.0162091 0.0141421 -0.0207 -0.02 0.0138368 -0.0207 -0.0032352 0.0120741 -0.0207 -0.00625 0.0108253 -0.0207 -0.02 0.0099 -0.0207 -0.0151756 0.012352 -0.0207 -0.0159322 0.0131086 -0.0207 -0.0202 0.0095536 -0.0207 -0.0200536 0.0097 -0.0207 -0.02075 0.001299 -0.0207 -0.021299 0.00075 -0.0207 -0.0215 0 -0.0207 -0.021299 -0.00075 -0.0207 -0.02075 -0.001299 -0.0207 -0.0223567 -0.0095 -0.0071 0.0034941 0.01304 -0.0071 0.00675 0.0116913 -0.0071 0.0032352 0.0120741 -0.0071 3.10351e-10 0.0125 -0.0071 -0.0034941 0.01304 -0.0071 3.10351e-10 0.0135 -0.0071 0.0125 0 -0.0071 0.0120741 0.0032352 -0.0071 0.01304 0.0034941 -0.0071 0.0108253 0.00625 -0.0071 0.0116913 0.00675 -0.0071 0.0088388 0.0088388 -0.0071 0.0095459 0.0095459 -0.0071 0.00625 0.0108253 -0.0071 3.10351e-10 -0.0125 -0.0071 0.0032352 -0.0120741 -0.0071 0.00675 -0.0116913 -0.0071 0.00625 -0.0108253 -0.0071 0.0095459 -0.0095459 -0.0071 0.0088388 -0.0088388 -0.0071 0.0116913 -0.00675 -0.0071 0.0108253 -0.00625 -0.0071 0.01304 -0.0034941 -0.0071 0.0120741 -0.0032352 -0.0071 0.0135 0 -0.0071 0.0034941 -0.01304 -0.0071 3.10351e-10 -0.0135 -0.0071 -0.0034941 -0.01304 -0.0071 -0.00675 -0.0116913 -0.0071 -0.0125 0 -0.0071 -0.0135 0 -0.0071 -0.0120741 0.0032352 -0.0071 -0.01304 0.0034941 -0.0071 -0.0108253 0.00625 -0.0071 -0.0116913 0.00675 -0.0071 -0.0088388 0.0088388 -0.0071 -0.0095459 0.0095459 -0.0071 -0.00625 0.0108253 -0.0071 -0.00675 0.0116913 -0.0071 -0.0032352 0.0120741 -0.0071 -0.0032352 -0.0120741 -0.0071 -0.00625 -0.0108253 -0.0071 -0.0095459 -0.0095459 -0.0071 -0.0088388 -0.0088388 -0.0071 -0.0116913 -0.00675 -0.0071 -0.0108253 -0.00625 -0.0071 -0.01304 -0.0034941 -0.0071 -0.0120741 -0.0032352 -0.0021 9.17939e-11 -0.0125 -0.0021 -0.0032352 -0.0120741 -0.000600001 -0.0064705 -0.0241481 -0.000600001 2.62268e-11 -0.025 -0.00185 -0.0061834 -0.0165604 -0.00185 -0.0064059 -0.0168503 -0.00185 -0.0012124 -0.0182 -0.00185 -0.0013523 -0.0178623 -0.00185 -0.0009899 -0.01849 -0.00185 -0.0007 -0.0187124 -0.00185 -0.0003623 -0.0188523 -0.0056895 -0.0022 -0.024 -0.0056895 -0.0022 -0.0247104 -0.0063887 -0.0031113 -0.0245904 -0.0063887 -0.0031113 -0.024 -0.0052499 -0.0011388 -0.0248501 -0.0052499 -0.0011388 -0.024 -0.00185 8.08661e-11 -0.0189 -0.0051 2.22928e-10 -0.024 -0.0051 2.22928e-10 -0.025 -0.00185 -0.0060435 -0.0162227 -0.0079545 -0.0013523 -0.0171377 -0.00185 -0.0013523 -0.0171377 -0.00185 -0.0014 -0.0175 -0.0079912 -0.0014 -0.0175 -0.0079545 -0.0013523 -0.0178623 -0.0078472 -0.0012124 -0.0182 -0.0076919 -0.0009899 -0.01849 -0.0077099 -0.0010335 -0.0184332 -0.0075718 -0.0007 -0.0187124 -0.0074807 -0.0003623 -0.0188523 -0.0075034 -0.000535 -0.0187808 -0.007433 3.24907e-10 -0.0189 -0.00185 -0.0059958 -0.0158604 -0.00185 -0.0003623 -0.0161477 -0.0074807 -0.0003623 -0.0161477 -0.007433 3.24907e-10 -0.0161 -0.00185 8.08661e-11 -0.0161 -0.00185 -0.0007 -0.0162876 -0.0075718 -0.0007 -0.0162876 -0.0075034 -0.000535 -0.0162192 -0.00185 -0.0009899 -0.01651 -0.0076919 -0.0009899 -0.01651 -0.00185 -0.0012124 -0.0168 -0.0078472 -0.0012124 -0.0168 -0.0077099 -0.0010335 -0.0165668 -0.00185 -0.0060435 -0.0154981 -0.0011 4.80825e-11 -0.00966 -0.0011 -0.0025002 -0.0093308 -0.0021 9.17939e-11 0.0125 -0.0021 0.0032352 0.0120741 -0.0021 -0.0032352 0.0120741 -0.0021 0.00625 0.0108253 -0.0021 -0.00625 0.0108253 -0.0021 9.17939e-11 0.00966 -0.0021 -0.0025002 0.0093308 -0.0021 0.0068307 0.0068307 -0.0021 0.00483 0.0083658 -0.0021 0.0088388 0.0088388 -0.0021 0.0025002 0.0093308 -0.0021 0.00966 0 -0.0021 0.0093308 0.0025002 -0.0021 0.0120741 0.0032352 -0.0021 0.0083658 0.00483 -0.0021 0.0108253 0.00625 -0.0021 0.00483 -0.0083658 -0.0021 0.0068307 -0.0068307 -0.0021 0.0108253 -0.00625 -0.0021 0.0083658 -0.00483 -0.0021 0.0120741 -0.0032352 -0.0021 0.0093308 -0.0025002 -0.0021 0.0125 0 -0.0021 0.0088388 -0.0088388 -0.0021 0.00625 -0.0108253 -0.0021 9.17939e-11 -0.00966 -0.0021 0.0025002 -0.0093308 -0.0021 -0.0088388 0.0088388 -0.0021 -0.00483 0.0083658 -0.0021 -0.0068307 0.0068307 -0.0021 -0.0108253 0.00625 -0.0021 -0.00966 0 -0.0021 -0.0125 0 -0.0021 -0.0093308 0.0025002 -0.0021 -0.0120741 0.0032352 -0.0021 -0.0083658 0.00483 -0.0021 -0.0068307 -0.0068307 -0.0021 -0.0108253 -0.00625 -0.0021 -0.0083658 -0.00483 -0.0021 -0.0120741 -0.0032352 -0.0021 -0.0093308 -0.0025002 -0.0021 -0.00483 -0.0083658 -0.0021 -0.0025002 -0.0093308 -0.0021 -0.0088388 -0.0088388 -0.0021 0.0032352 -0.0120741 -0.0021 -0.00625 -0.0108253 -0.007866 3.43834e-10 -0.0135 -0.0080097 -0.0003993 -0.0134474 -0.0081 -0.0005364 -0.0134294 -0.0081 -0.0034941 -0.01304 -0.0202 -0.0064705 -0.0241481 -0.0202 8.8297e-10 -0.025 -0.0137501 -0.0011388 -0.0248501 -0.0133105 -0.0022 -0.0247104 -0.0126113 -0.0031113 -0.0245904 -0.0117 -0.0038105 -0.0244983 -0.0106388 -0.0042501 -0.0244405 -0.0095 -0.0044 -0.0244207 -0.0095 -0.0064094 -0.0241562 -0.0099466 -0.0064705 -0.0241481 -0.0090534 -0.0064705 -0.0241481 -0.0083612 -0.0042501 -0.0244405 -0.0073 -0.0038105 -0.0244983 -0.0139 6.07588e-10 -0.025 -0.011567 5.0561e-10 -0.01375 -0.0095 4.15258e-10 -0.0125566 -0.0114966 -0.000535 -0.01375 -0.0112901 -0.0010335 -0.01375 -0.0109616 -0.0014616 -0.01375 -0.0105335 -0.0017901 -0.01375 -0.0080384 -0.0014616 -0.01375 -0.0084665 -0.0017901 -0.01375 -0.0077099 -0.0010335 -0.01375 -0.0075034 -0.000535 -0.01375 -0.0081 -0.0003751 -0.0133934 -0.007433 3.24907e-10 -0.01375 -0.0112901 -0.0010335 -0.024 -0.0109616 -0.0014616 -0.024 -0.0105335 -0.0017901 -0.024 -0.010035 -0.0019966 -0.01375 -0.010035 -0.0019966 -0.024 -0.0095 -0.002067 -0.01375 -0.0095 -0.002067 -0.024 -0.008965 -0.0019966 -0.01375 -0.008965 -0.0019966 -0.024 -0.0084665 -0.0017901 -0.024 -0.0080384 -0.0014616 -0.024 -0.0077099 -0.0010335 -0.024 -0.0073 -0.0066893 -0.0233618 -0.0083612 -0.006291 -0.0235475 -0.0083612 -0.0065548 -0.0241132 -0.0073 -0.0069612 -0.0239449 -0.0075034 -0.000535 -0.024 -0.0095 -0.0061551 -0.0236109 -0.0114966 -0.000535 -0.024 -0.0106388 -0.006291 -0.0235475 -0.0106388 -0.0065548 -0.0241132 -0.0117 -0.0066893 -0.0233618 -0.0117 -0.0069612 -0.0239449 -0.0083612 -0.0042501 -0.024 -0.0095 -0.0044 -0.024 -0.0073 -0.0038105 -0.024 -0.0126113 -0.0031113 -0.024 -0.0117 -0.0038105 -0.024 -0.0106388 -0.0042501 -0.024 -0.011567 5.0561e-10 -0.024 -0.0137501 -0.0011388 -0.024 -0.0133105 -0.0022 -0.024 -0.007433 3.24907e-10 -0.024 -0.0139 6.07588e-10 -0.024 -0.0081 -0.0032352 -0.0120741 -0.0081 3.54062e-10 -0.0125 -0.0081 -0.0034941 0.01304 -0.0081 -0.005412 0.0122456 -0.0081 3.54062e-10 0.0125 -0.0081 0.0034941 0.01304 -0.0081 0.0003751 0.0133934 -0.0081 3.54062e-10 0.0133649 -0.0081 -0.0003751 0.0133934 -0.0081 -0.0005364 0.0134294 -0.0081 -0.0056483 0.0121127 -0.0081 -0.0060003 0.01198 -0.0081 -0.0032352 0.0120741 -0.0081 -0.0120741 -0.0032352 -0.0081 -0.0125 0 -0.0081 -0.0135 0 -0.0081 -0.0120741 0.0032352 -0.0081 -0.01304 0.0034941 -0.0081 -0.0108253 0.00625 -0.0081 -0.0116913 0.00675 -0.0081 -0.0088388 0.0088388 -0.0081 -0.0095459 0.0095459 -0.0081 -0.00625 0.0108253 -0.0081 -0.00675 0.0116913 -0.0081 -0.0061131 0.0119551 -0.0081 -0.00675 -0.0116913 -0.0081 -0.00625 -0.0108253 -0.0081 -0.0095459 -0.0095459 -0.0081 -0.0088388 -0.0088388 -0.0081 -0.0116913 -0.00675 -0.0081 -0.0108253 -0.00625 -0.0081 -0.01304 -0.0034941 -0.0081 -0.0061131 -0.0119551 -0.0081 -0.0060003 -0.01198 -0.0081 -0.0056483 -0.0121127 -0.0081 -0.005412 -0.0122456 -0.0081 0.005412 -0.0122456 -0.0081 0.0032352 -0.0120741 -0.0081 3.54062e-10 -0.0133649 -0.0081 0.0034941 -0.01304 -0.0081 0.0003751 -0.0133934 -0.0081 0.0005364 -0.0134294 -0.0081 0.0061131 0.0119551 -0.0081 0.0060003 0.01198 -0.0081 0.0032352 0.0120741 -0.0081 0.0056483 0.0121127 -0.0081 0.005412 0.0122456 -0.0081 0.00675 0.0116913 -0.0081 0.00625 0.0108253 -0.0081 0.0095459 0.0095459 -0.0081 0.0088388 0.0088388 -0.0081 0.0116913 0.00675 -0.0081 0.0108253 0.00625 -0.0081 0.01304 0.0034941 -0.0081 0.0120741 0.0032352 -0.0081 0.0135 0 -0.0081 0.0125 0 -0.0081 0.0120741 -0.0032352 -0.0081 0.0061131 -0.0119551 -0.0081 0.00675 -0.0116913 -0.0081 0.00625 -0.0108253 -0.0081 0.0095459 -0.0095459 -0.0081 0.0088388 -0.0088388 -0.0081 0.0116913 -0.00675 -0.0081 0.0108253 -0.00625 -0.0081 0.01304 -0.0034941 -0.0081 0.0056483 -0.0121127 -0.0081 0.0060003 -0.01198 -0.0081 0.0005364 0.0134294 -0.000600001 -0.0125 -0.0216506 -0.00185 -0.0070335 -0.0172127 -0.0076546 -0.0070335 -0.0172127 -0.0075269 -0.0073958 -0.0172604 -0.00185 -0.0073958 -0.0172604 -0.0056895 -0.008149 -0.0226811 -0.0063887 -0.0073231 -0.0230663 -0.0063887 -0.0076079 -0.023677 -0.0056895 -0.0084506 -0.023328 -0.00185 -0.0066958 -0.0170728 -0.0079264 -0.0064059 -0.0168503 -0.0079871 -0.0061834 -0.0165604 -0.0079748 -0.0060435 -0.0162227 -0.00185 -0.0061834 -0.0151604 -0.00185 -0.0064059 -0.0148705 -0.007496 -0.0064059 -0.0148705 -0.0075034 -0.0063673 -0.0149207 -0.0076145 -0.0061834 -0.0151604 -0.00185 -0.0066958 -0.014648 -0.0074491 -0.0066958 -0.014648 -0.00185 -0.0070335 -0.0145081 -0.007465 -0.0070335 -0.0145081 -0.007433 -0.0068087 -0.0146012 -0.00185 -0.0073958 -0.0144604 -0.0075269 -0.0073958 -0.0144604 -0.0075034 -0.0073369 -0.0144682 -0.00185 -0.0077581 -0.0145081 -0.0076546 -0.0077581 -0.0145081 -0.00185 -0.0080958 -0.014648 -0.0077969 -0.0080958 -0.014648 -0.0077099 -0.0079409 -0.0145838 -0.00185 -0.0083857 -0.0148705 -0.0079263 -0.0083857 -0.0148705 -0.00185 -0.0086082 -0.0151604 -0.007987 -0.0086082 -0.0151604 -0.00185 -0.0087481 -0.0154981 -0.0079748 -0.0087481 -0.0154981 -0.00185 -0.0087958 -0.0158604 -0.0078905 -0.0087958 -0.0158604 -0.00185 -0.0087481 -0.0162227 -0.0077398 -0.0087481 -0.0162227 -0.00185 -0.0086082 -0.0165604 -0.0076144 -0.0086082 -0.0165604 -0.0077099 -0.0087279 -0.0162715 -0.00185 -0.0083857 -0.0168503 -0.007496 -0.0083857 -0.0168503 -0.0075034 -0.0084243 -0.0168001 -0.00185 -0.0080958 -0.0170728 -0.0074491 -0.0080958 -0.0170728 -0.0056895 -0.0121367 -0.0208216 -0.0052499 -0.0111749 -0.0212701 -0.0052499 -0.0115382 -0.022049 -0.0056807 -0.0125 -0.0216506 -0.0056895 -0.0125172 -0.0216375 -0.0051 -0.0101428 -0.0217514 -0.0051 -0.010485 -0.0224853 -0.00185 -0.0077581 -0.0172127 -0.007465 -0.0077581 -0.0172127 -0.007433 -0.007983 -0.0171196 -0.0052499 -0.0091107 -0.0222327 -0.0052499 -0.0094319 -0.0229215 -0.0011 -0.00483 -0.0083658 -0.008044 -0.0056619 -0.012142 -0.0080655 -0.0060174 -0.0119948 -0.0126113 -0.0076079 -0.023677 -0.0133105 -0.0084506 -0.023328 -0.0137501 -0.0094319 -0.0229215 -0.0139 -0.010485 -0.0224853 -0.0137501 -0.0115382 -0.022049 -0.0133193 -0.0125 -0.0216506 -0.0202 -0.0125 -0.0216506 -0.0084665 -0.0041886 -0.0132183 -0.0084665 -0.0085205 -0.0225079 -0.0080384 -0.0088182 -0.0223691 -0.0080384 -0.0044864 -0.0130794 -0.008965 -0.0040015 -0.0133055 -0.008965 -0.0083333 -0.0225952 -0.0095 -0.0039377 -0.0133353 -0.0095 -0.0082695 -0.0226249 -0.010035 -0.0040015 -0.0133055 -0.010035 -0.0083333 -0.0225952 -0.0105335 -0.0041886 -0.0132183 -0.0105335 -0.0085205 -0.0225079 -0.0109616 -0.0044864 -0.0130794 -0.0109616 -0.0088182 -0.0223691 -0.0126113 -0.0073231 -0.0230663 -0.0133105 -0.008149 -0.0226811 -0.0077099 -0.0068508 -0.017137 -0.0077969 -0.0066958 -0.0170728 -0.0078905 -0.0059958 -0.0158604 -0.0077398 -0.0060435 -0.0154981 -0.0077099 -0.0060637 -0.0154492 -0.0077099 -0.0048743 -0.0128985 -0.0075034 -0.0053261 -0.0126878 -0.007433 -0.005811 -0.0124617 -0.0095 -0.0053067 -0.0113802 -0.0112901 -0.0048743 -0.0128985 -0.0114966 -0.0053261 -0.0126878 -0.011567 -0.005811 -0.0124617 -0.0114966 -0.0062959 -0.0122356 -0.0112901 -0.0067477 -0.012025 -0.0077099 -0.0067477 -0.012025 -0.0075034 -0.0062959 -0.0122356 -0.0109616 -0.0071357 -0.011844 -0.0109616 -0.0114675 -0.0211337 -0.0112901 -0.0110795 -0.0213146 -0.0105335 -0.0074334 -0.0117052 -0.0084665 -0.0074334 -0.0117052 -0.0080384 -0.0071357 -0.011844 -0.0080384 -0.0114675 -0.0211337 -0.0077099 -0.0110795 -0.0213146 -0.0105335 -0.0117652 -0.0209949 -0.0084665 -0.0117652 -0.0209949 -0.0114966 -0.0106277 -0.0215253 -0.0075034 -0.0106277 -0.0215253 -0.011567 -0.0073958 -0.0158604 -0.011567 -0.0073958 -0.0158603 -0.011567 -0.0101428 -0.0217514 -0.010035 -0.0076205 -0.011618 -0.010035 -0.0119523 -0.0209076 -0.0095 -0.0076843 -0.0115882 -0.0095 -0.0120162 -0.0208778 -0.008965 -0.0076205 -0.011618 -0.008965 -0.0119523 -0.0209076 -0.007433 -0.0101428 -0.0217514 -0.0139 -0.0101428 -0.0217514 -0.0137501 -0.0111749 -0.0212701 -0.0133105 -0.0121367 -0.0208216 -0.0133105 -0.0125172 -0.0216375 -0.0075034 -0.0074548 -0.0172526 -0.0075034 -0.009658 -0.0219775 -0.0077099 -0.0092062 -0.0221882 -0.0112901 -0.0092062 -0.0221882 -0.0114966 -0.009658 -0.0219775 -0.0137501 -0.0091107 -0.0222327 -0.000600001 -0.0176777 -0.0176777 -0.0202 -0.0176777 -0.0176777 -0.0095 -0.0143049 -0.0202657 -0.0083612 -0.0141831 -0.0203592 -0.0073 -0.0138259 -0.0206333 -0.0063887 -0.0132577 -0.0210693 -0.0126113 -0.0132577 -0.0210693 -0.0117 -0.0138259 -0.0206333 -0.0106388 -0.0141831 -0.0203592 -0.0074852 -0.0123958 -0.0130648 -0.0070352 -0.0128459 -0.0126147 -0.0070352 -0.0100438 -0.0126147 -0.0074852 -0.0100438 -0.0130648 -0.0070352 -0.0100438 -0.0113853 -0.0074852 -0.0100438 -0.0109352 -0.0081 -0.009334 -0.012 -0.0068705 -0.0100438 -0.012 -0.0095 -0.0141306 -0.0198919 -0.0106388 -0.0139947 -0.0199552 -0.0083612 -0.0139947 -0.0199552 -0.0117 -0.0135963 -0.020141 -0.0073 -0.0135963 -0.020141 -0.0126113 -0.0129626 -0.0204365 -0.0063887 -0.0129626 -0.0204365 -0.0011 -0.0068307 -0.0068307 -0.0081 -0.0100438 -0.0132295 -0.0087147 -0.0100438 -0.0130648 -0.0087147 -0.0123958 -0.0130648 -0.0085512 -0.012352 -0.0131086 -0.0081 -0.0123196 -0.0132295 -0.0091648 -0.0100438 -0.0126147 -0.0091648 -0.0128459 -0.0126147 -0.0093295 -0.0100438 -0.012 -0.0076488 -0.012352 -0.0131086 -0.0091648 -0.0100438 -0.0113853 -0.0087147 -0.0100438 -0.0109352 -0.0081 -0.0100438 -0.0107705 -0.0069648 -0.0131086 -0.012352 -0.000600001 -0.02 -0.0146511 -0.0202 -0.02 -0.0146511 -0.0068906 -0.0141421 -0.0120751 -0.0068705 -0.02 -0.012 -0.0069648 -0.0151756 -0.012352 -0.0070352 -0.0154383 -0.0126147 -0.0070352 -0.02 -0.0126147 -0.0074852 -0.0158884 -0.0130648 -0.0074852 -0.02 -0.0130648 -0.0070352 -0.02 -0.0113853 -0.0074852 -0.02 -0.0109352 -0.0011 -0.0083658 -0.00483 -0.0092352 -0.0131086 -0.012352 -0.0093094 -0.0141421 -0.0120751 -0.0085512 -0.0159322 -0.0131086 -0.0081 -0.0159646 -0.0132295 -0.0076488 -0.0159322 -0.0131086 -0.0087147 -0.02 -0.0130648 -0.0081 -0.02 -0.0132295 -0.0087147 -0.0158884 -0.0130648 -0.0091648 -0.0154383 -0.0126147 -0.0091648 -0.02 -0.0126147 -0.0092352 -0.0151756 -0.012352 -0.0093295 -0.02 -0.012 -0.0081 -0.02 -0.0107705 -0.0091648 -0.02 -0.0113853 -0.0087147 -0.02 -0.0109352 -0.000600001 -0.024 -0.0068281 -0.000600001 -0.0228933 -0.0095 -0.000446601 -0.024 -0.0064308 -0.0202 -0.024 -0.0068281 -0.0202 -0.0228933 -0.0095 -0.000446601 -0.024 0.0064308 -0.000600001 -0.024 0.0068281 -0.0202 -0.024 0.0068281 -0.0203534 -0.024 0.0064308 -0.0203534 -0.024 -0.0064308 -0.0011 -0.0093308 -0.0025002 -0.0011 -0.00966 0 -0.0157 -0.0185 0 -0.0157 -0.018701 -0.00075 -0.0157 -0.01925 -0.001299 -0.0157 -0.02 -0.0015 -0.0157 -0.02075 -0.001299 -0.0157 -0.021299 -0.00075 -0.0157 -0.0215 0 -0.0157 -0.021299 0.00075 -0.0157 -0.02075 0.001299 -0.0157 -0.02 0.0015 -0.0157 -0.01925 0.001299 -0.0157 -0.018701 0.00075 -0.0011 -0.0093308 0.0025002 -0.000600001 -0.0228933 0.0095 -0.0202 -0.0228933 0.0095 -0.0011 -0.0083658 0.00483 -0.000600001 -0.0176777 0.0176777 -0.000600001 -0.02 0.0146511 -0.0202 -0.0176777 0.0176777 -0.0202 -0.02 0.0146511 -0.0068705 -0.02 0.012 -0.0068705 -0.0100438 0.012 -0.0070352 -0.0100438 0.0113853 -0.0070352 -0.02 0.0113853 -0.0074852 -0.02 0.0109352 -0.0074852 -0.0100438 0.0109352 -0.0070352 -0.0100438 0.0126147 -0.0070352 -0.0128459 0.0126147 -0.0074852 -0.0123958 0.0130648 -0.0074852 -0.0100438 0.0130648 -0.0068906 -0.0141421 0.0120751 -0.0069648 -0.0131086 0.012352 -0.0070352 -0.02 0.0126147 -0.0069648 -0.0151756 0.012352 -0.0070352 -0.0154383 0.0126147 -0.0074852 -0.02 0.0130648 -0.0074852 -0.0158884 0.0130648 -0.0076488 -0.0159322 0.0131086 -0.0011 -0.0068307 0.0068307 -0.0081 -0.02 0.0132295 -0.0087147 -0.02 0.0109352 -0.0091648 -0.02 0.0113853 -0.0093295 -0.02 0.012 -0.0091648 -0.02 0.0126147 -0.0087147 -0.02 0.0130648 -0.0081 -0.02 0.0107705 -0.0081 -0.0100438 0.0107705 -0.0087147 -0.0100438 0.0109352 -0.0091648 -0.0100438 0.0113853 -0.0093295 -0.0100438 0.012 -0.0093094 -0.0141421 0.0120751 -0.0092352 -0.0151756 0.012352 -0.0091648 -0.0154383 0.0126147 -0.0091648 -0.0100438 0.0126147 -0.0092352 -0.0131086 0.012352 -0.0091648 -0.0128459 0.0126147 -0.0081 -0.0159646 0.0132295 -0.0087147 -0.0158884 0.0130648 -0.0085512 -0.0159322 0.0131086 -0.000600001 -0.0125 0.0216506 -0.00185 -0.0073958 0.0144604 -0.00185 -0.0070335 0.0145081 -0.00185 -0.0086082 0.0165604 -0.00185 -0.0083857 0.0168503 -0.0052499 -0.0111749 0.0212701 -0.0056895 -0.0121367 0.0208216 -0.0056895 -0.0125172 0.0216375 -0.0056807 -0.0125 0.0216506 -0.0052499 -0.0115382 0.022049 -0.0063887 -0.0129626 0.0204365 -0.0063887 -0.0132577 0.0210693 -0.0073 -0.0135963 0.020141 -0.0073 -0.0138259 0.0206333 -0.00185 -0.0087481 0.0162227 -0.00185 -0.0087958 0.0158604 -0.00185 -0.0087481 0.0154981 -0.00185 -0.0086082 0.0151604 -0.0076488 -0.012352 0.0131086 -0.00185 -0.0083857 0.0148705 -0.00185 -0.0080958 0.014648 -0.0081 -0.009334 0.012 -0.00185 -0.0077581 0.0145081 -0.0011 -0.00483 0.0083658 -0.0095 -0.0143049 0.0202657 -0.0106388 -0.0141831 0.0203592 -0.0117 -0.0138259 0.0206333 -0.0126113 -0.0132577 0.0210693 -0.0133105 -0.0125172 0.0216375 -0.0133193 -0.0125 0.0216506 -0.0202 -0.0125 0.0216506 -0.0083612 -0.0141831 0.0203592 -0.0095 -0.0053067 0.0113802 -0.0080384 -0.0071357 0.011844 -0.0077099 -0.0067477 0.012025 -0.0084665 -0.0074334 0.0117052 -0.0081 -0.0123196 0.0132295 -0.0081 -0.0100438 0.0132295 -0.0087147 -0.0100438 0.0130648 -0.0085512 -0.012352 0.0131086 -0.0087147 -0.0123958 0.0130648 -0.0083612 -0.0139947 0.0199552 -0.008965 -0.0076205 0.011618 -0.008965 -0.0119523 0.0209076 -0.0095 -0.0076843 0.0115882 -0.0095 -0.0120162 0.0208778 -0.0095 -0.0141306 0.0198919 -0.010035 -0.0076205 0.011618 -0.010035 -0.0119523 0.0209076 -0.0106388 -0.0139947 0.0199552 -0.0117 -0.0135963 0.020141 -0.0105335 -0.0074334 0.0117052 -0.0126113 -0.0129626 0.0204365 -0.0109616 -0.0071357 0.011844 -0.0133105 -0.0121367 0.0208216 -0.0112901 -0.0067477 0.012025 -0.0137501 -0.0111749 0.0212701 -0.0137501 -0.0115382 0.022049 -0.000600001 -0.0064705 0.0241481 -0.0090534 -0.0064705 0.0241481 -0.0083612 -0.0065548 0.0241132 -0.0073 -0.0069612 0.0239449 -0.0063887 -0.0076079 0.023677 -0.0056895 -0.0084506 0.023328 -0.0052499 -0.0094319 0.0229215 -0.0051 -0.010485 0.0224853 -0.00185 -0.0066958 0.014648 -0.0074491 -0.0066958 0.014648 -0.007433 -0.0068087 0.0146012 -0.007465 -0.0070335 0.0145081 -0.00185 -0.0064059 0.0148705 -0.007496 -0.0064059 0.0148705 -0.00185 -0.0061834 0.0151604 -0.0076145 -0.0061834 0.0151604 -0.0075034 -0.0063673 0.0149207 -0.00185 -0.0060435 0.0154981 -0.0077398 -0.0060435 0.0154981 -0.0077099 -0.0060637 0.0154492 -0.00185 -0.0059958 0.0158604 -0.0078905 -0.0059958 0.0158604 -0.00185 -0.0060435 0.0162227 -0.0079748 -0.0060435 0.0162227 -0.00185 -0.0061834 0.0165604 -0.0079871 -0.0061834 0.0165604 -0.00185 -0.0064059 0.0168503 -0.0079264 -0.0064059 0.0168503 -0.00185 -0.0066958 0.0170728 -0.0077969 -0.0066958 0.0170728 -0.00185 -0.0070335 0.0172127 -0.0076546 -0.0070335 0.0172127 -0.0077099 -0.0068508 0.017137 -0.00185 -0.0073958 0.0172604 -0.0075269 -0.0073958 0.0172604 -0.0063887 -0.0073231 0.0230663 -0.0073 -0.0066893 0.0233618 -0.0056895 -0.008149 0.0226811 -0.00185 -0.0077581 0.0172127 -0.007465 -0.0077581 0.0172127 -0.0075034 -0.0074548 0.0172526 -0.0052499 -0.0091107 0.0222327 -0.00185 -0.0080958 0.0170728 -0.0074491 -0.0080958 0.0170728 -0.007433 -0.007983 0.0171196 -0.0051 -0.0101428 0.0217514 -0.007496 -0.0083857 0.0168503 -0.0076144 -0.0086082 0.0165604 -0.0075034 -0.0084243 0.0168001 -0.0079748 -0.0087481 0.0154981 -0.007987 -0.0086082 0.0151604 -0.0079263 -0.0083857 0.0148705 -0.0075269 -0.0073958 0.0144604 -0.0076546 -0.0077581 0.0145081 -0.0011 -0.0025002 0.0093308 -0.0080655 -0.0060174 0.0119948 -0.008044 -0.0056619 0.012142 -0.0139 -0.010485 0.0224853 -0.0137501 -0.0094319 0.0229215 -0.0133105 -0.0084506 0.023328 -0.0126113 -0.0076079 0.023677 -0.0117 -0.0069612 0.0239449 -0.0202 -0.0064705 0.0241481 -0.0106388 -0.0065548 0.0241132 -0.0099466 -0.0064705 0.0241481 -0.0075034 -0.0073369 0.0144682 -0.0075034 -0.0062959 0.0122356 -0.007433 -0.005811 0.0124617 -0.0114966 -0.0062959 0.0122356 -0.011567 -0.005811 0.0124617 -0.0114966 -0.0053261 0.0126878 -0.0075034 -0.0053261 0.0126878 -0.0112901 -0.0048743 0.0128985 -0.0109616 -0.0044864 0.0130794 -0.0109616 -0.0088182 0.0223691 -0.0112901 -0.0092062 0.0221882 -0.0105335 -0.0041886 0.0132183 -0.010035 -0.0040015 0.0133055 -0.0095 -0.0039377 0.0133353 -0.008965 -0.0040015 0.0133055 -0.0084665 -0.0041886 0.0132183 -0.0080384 -0.0044864 0.0130794 -0.0080384 -0.0088182 0.0223691 -0.0077099 -0.0092062 0.0221882 -0.0077099 -0.0048743 0.0128985 -0.0105335 -0.0085205 0.0225079 -0.010035 -0.0083333 0.0225952 -0.0095 -0.0082695 0.0226249 -0.008965 -0.0083333 0.0225952 -0.0084665 -0.0085205 0.0225079 -0.0114966 -0.009658 0.0219775 -0.0075034 -0.009658 0.0219775 -0.0133105 -0.008149 0.0226811 -0.0126113 -0.0073231 0.0230663 -0.0117 -0.0066893 0.0233618 -0.0106388 -0.006291 0.0235475 -0.0095 -0.0061551 0.0236109 -0.0095 -0.0064094 0.0241562 -0.0083612 -0.006291 0.0235475 -0.011567 -0.0101428 0.0217514 -0.011567 -0.0073958 0.0158604 -0.011567 -0.0073958 0.0158603 -0.0137501 -0.0091107 0.0222327 -0.007433 -0.0101428 0.0217514 -0.0139 -0.0101428 0.0217514 -0.0075034 -0.0106277 0.0215253 -0.0077099 -0.0087279 0.0162715 -0.0077099 -0.0110795 0.0213146 -0.0080384 -0.0114675 0.0211337 -0.0084665 -0.0117652 0.0209949 -0.0105335 -0.0117652 0.0209949 -0.0109616 -0.0114675 0.0211337 -0.0112901 -0.0110795 0.0213146 -0.0114966 -0.0106277 0.0215253 -0.0077398 -0.0087481 0.0162227 -0.0078905 -0.0087958 0.0158604 -0.0077969 -0.0080958 0.014648 -0.0077099 -0.0079409 0.0145838 -0.000600001 2.62268e-11 0.025 -0.00185 -0.0009899 0.01651 -0.00185 -0.0012124 0.0168 -0.00185 -0.0007 0.0162876 -0.00185 -0.0003623 0.0161477 -0.00185 8.08661e-11 0.0161 -0.00185 -0.0014 0.0175 -0.00185 -0.0013523 0.0171377 -0.0079545 -0.0013523 0.0171377 -0.0079912 -0.0014 0.0175 -0.0076919 -0.0009899 0.01651 -0.0075718 -0.0007 0.0162876 -0.0075034 -0.000535 0.0162192 -0.0074807 -0.0003623 0.0161477 -0.007433 3.24907e-10 0.0161 -0.007433 3.24907e-10 0.0189 -0.00185 8.08661e-11 0.0189 -0.00185 -0.0003623 0.0188523 -0.0074807 -0.0003623 0.0188523 -0.00185 -0.0007 0.0187124 -0.0075718 -0.0007 0.0187124 -0.0075034 -0.000535 0.0187808 -0.00185 -0.0009899 0.01849 -0.0076919 -0.0009899 0.01849 -0.00185 -0.0012124 0.0182 -0.00185 -0.0013523 0.0178623 -0.0079545 -0.0013523 0.0178623 -0.0051 2.22928e-10 0.025 -0.0051 2.22928e-10 0.024 -0.0052499 -0.0011388 0.024 -0.0052499 -0.0011388 0.0248501 -0.0056895 -0.0022 0.024 -0.0056895 -0.0022 0.0247104 -0.0063887 -0.0031113 0.024 -0.0063887 -0.0031113 0.0245904 -0.0073 -0.0038105 0.024 -0.0073 -0.0038105 0.0244983 -0.0011 4.80825e-11 0.00966 -0.0080097 -0.0003993 0.0134474 -0.007866 3.43834e-10 0.0135 -0.0083612 -0.0042501 0.0244405 -0.0095 -0.0044 0.0244207 -0.0106388 -0.0042501 0.0244405 -0.0117 -0.0038105 0.0244983 -0.0126113 -0.0031113 0.0245904 -0.0133105 -0.0022 0.0247104 -0.0137501 -0.0011388 0.0248501 -0.0139 6.07588e-10 0.025 -0.0202 8.8297e-10 0.025 -0.0075034 -0.000535 0.024 -0.007433 3.24907e-10 0.024 -0.0077099 -0.0010335 0.024 -0.0077099 -0.0010335 0.0184332 -0.0080384 -0.0014616 0.024 -0.0078472 -0.0012124 0.0182 -0.0080384 -0.0014616 0.01375 -0.0077099 -0.0010335 0.01375 -0.0078472 -0.0012124 0.0168 -0.0077099 -0.0010335 0.0165668 -0.0084665 -0.0017901 0.01375 -0.0084665 -0.0017901 0.024 -0.0105335 -0.0017901 0.024 -0.0105335 -0.0017901 0.01375 -0.0109616 -0.0014616 0.01375 -0.0109616 -0.0014616 0.024 -0.0112901 -0.0010335 0.01375 -0.0112901 -0.0010335 0.024 -0.0133105 -0.0022 0.024 -0.0137501 -0.0011388 0.024 -0.0139 6.07588e-10 0.024 -0.008965 -0.0019966 0.01375 -0.008965 -0.0019966 0.024 -0.0083612 -0.0042501 0.024 -0.0095 -0.002067 0.01375 -0.0095 -0.002067 0.024 -0.010035 -0.0019966 0.01375 -0.010035 -0.0019966 0.024 -0.0106388 -0.0042501 0.024 -0.0117 -0.0038105 0.024 -0.0126113 -0.0031113 0.024 -0.0095 -0.0044 0.024 -0.0075034 -0.000535 0.01375 -0.0114966 -0.000535 0.01375 -0.0114966 -0.000535 0.024 -0.007433 3.24907e-10 0.01375 -0.0095 4.15258e-10 0.0125566 -0.011567 5.0561e-10 0.01375 -0.011567 5.0561e-10 0.024 -0.000599999 0.0064705 0.0241481 -0.00185 0.0061834 0.0165604 -0.00185 0.0064059 0.0168503 -0.00185 0.0012124 0.0182 -0.00185 0.0013523 0.0178623 -0.00185 0.0009899 0.01849 -0.00185 0.0007 0.0187124 -0.00185 0.0003623 0.0188523 -0.0063887 0.0031113 0.0245904 -0.0063887 0.0031113 0.024 -0.0056895 0.0022 0.024 -0.0056895 0.0022 0.0247104 -0.0052499 0.0011388 0.024 -0.0052499 0.0011388 0.0248501 -0.00185 0.0060435 0.0162227 -0.0079912 0.0014 0.0175 -0.00185 0.0014 0.0175 -0.0079545 0.0013523 0.0178623 -0.0078472 0.0012124 0.0182 -0.0076919 0.0009899 0.01849 -0.0077099 0.0010335 0.0184332 -0.0075718 0.0007 0.0187124 -0.0074807 0.0003623 0.0188523 -0.0075034 0.000535 0.0187808 -0.00185 0.0013523 0.0171377 -0.0079545 0.0013523 0.0171377 -0.00185 0.0059958 0.0158604 -0.00185 0.0003623 0.0161477 -0.0074807 0.0003623 0.0161477 -0.00185 0.0007 0.0162876 -0.0075718 0.0007 0.0162876 -0.0075034 0.000535 0.0162192 -0.00185 0.0009899 0.01651 -0.0076919 0.0009899 0.01651 -0.00185 0.0012124 0.0168 -0.0078472 0.0012124 0.0168 -0.0077099 0.0010335 0.0165668 -0.00185 0.0060435 0.0154981 -0.0011 0.0025002 0.0093308 -0.0080097 0.0003993 0.0134474 -0.0095 0.0064094 0.0241562 -0.0073 0.0038105 0.0244983 -0.0099466 0.0064705 0.0241481 -0.0117 0.0038105 0.0244983 -0.0106388 0.0042501 0.0244405 -0.0095 0.0044 0.0244207 -0.0083612 0.0042501 0.0244405 -0.0137501 0.0011388 0.0248501 -0.0133105 0.0022 0.0247104 -0.0126113 0.0031113 0.0245904 -0.0202 0.0064705 0.0241481 -0.0090534 0.0064705 0.0241481 -0.0073 0.0066893 0.0233618 -0.0083612 0.006291 0.0235475 -0.0083612 0.0065548 0.0241132 -0.0073 0.0069612 0.0239449 -0.0077099 0.0010335 0.024 -0.0075034 0.000535 0.024 -0.0095 0.0061551 0.0236109 -0.0106388 0.006291 0.0235475 -0.0106388 0.0065548 0.0241132 -0.0117 0.0066893 0.0233618 -0.0117 0.0069612 0.0239449 -0.0095 0.0044 0.024 -0.0083612 0.0042501 0.024 -0.0073 0.0038105 0.024 -0.0117 0.0038105 0.024 -0.0126113 0.0031113 0.024 -0.0106388 0.0042501 0.024 -0.0084665 0.0017901 0.024 -0.0080384 0.0014616 0.024 -0.0109616 0.0014616 0.024 -0.0105335 0.0017901 0.024 -0.0137501 0.0011388 0.024 -0.010035 0.0019966 0.024 -0.0133105 0.0022 0.024 -0.0095 0.002067 0.024 -0.008965 0.0019966 0.024 -0.0114966 0.000535001 0.024 -0.0112901 0.0010335 0.024 -0.0114966 0.000535001 0.01375 -0.0112901 0.0010335 0.01375 -0.0109616 0.0014616 0.01375 -0.0105335 0.0017901 0.01375 -0.0080384 0.0014616 0.01375 -0.0084665 0.0017901 0.01375 -0.0077099 0.0010335 0.01375 -0.0075034 0.000535 0.01375 -0.010035 0.0019966 0.01375 -0.0095 0.002067 0.01375 -0.008965 0.0019966 0.01375 -0.000599999 0.0125 0.0216506 -0.00185 0.0077581 0.0145081 -0.0076546 0.0077581 0.0145081 -0.0075269 0.0073958 0.0144604 -0.00185 0.0073958 0.0144604 -0.00185 0.0080958 0.014648 -0.0077969 0.0080958 0.014648 -0.0077099 0.0079409 0.0145838 -0.00185 0.0083857 0.0148705 -0.0079263 0.0083857 0.0148705 -0.00185 0.0086082 0.0151604 -0.007987 0.0086082 0.0151604 -0.00185 0.0087481 0.0154981 -0.0079748 0.0087481 0.0154981 -0.00185 0.0087958 0.0158604 -0.0078905 0.0087958 0.0158604 -0.00185 0.0087481 0.0162227 -0.0077398 0.0087481 0.0162227 -0.00185 0.0086082 0.0165604 -0.0076144 0.0086082 0.0165604 -0.0077099 0.0087279 0.0162715 -0.00185 0.0083857 0.0168503 -0.007496 0.0083857 0.0168503 -0.0075034 0.0084243 0.0168001 -0.00185 0.0080958 0.0170728 -0.0074491 0.0080958 0.0170728 -0.0056895 0.0121367 0.0208216 -0.0052499 0.0111749 0.0212701 -0.0052499 0.0115382 0.022049 -0.0056807 0.0125 0.0216506 -0.0056895 0.0125172 0.0216375 -0.0051 0.0101428 0.0217514 -0.0051 0.010485 0.0224853 -0.00185 0.0077581 0.0172127 -0.007465 0.0077581 0.0172127 -0.007433 0.007983 0.0171196 -0.0052499 0.0091107 0.0222327 -0.0052499 0.0094319 0.0229215 -0.0056895 0.0084506 0.023328 -0.0056895 0.008149 0.0226811 -0.00185 0.0073958 0.0172604 -0.0063887 0.0073231 0.0230663 -0.0063887 0.0076079 0.023677 -0.0075269 0.0073958 0.0172604 -0.00185 0.0070335 0.0172127 -0.0076546 0.0070335 0.0172127 -0.00185 0.0066958 0.0170728 -0.0079264 0.0064059 0.0168503 -0.0079871 0.0061834 0.0165604 -0.0079748 0.0060435 0.0162227 -0.00185 0.0061834 0.0151604 -0.00185 0.0064059 0.0148705 -0.007496 0.0064059 0.0148705 -0.0075034 0.0063673 0.0149207 -0.0076145 0.0061834 0.0151604 -0.00185 0.0066958 0.014648 -0.0074491 0.0066958 0.014648 -0.007433 0.0068087 0.0146012 -0.00185 0.0070335 0.0145081 -0.007465 0.0070335 0.0145081 -0.0075034 0.0073369 0.0144682 -0.0011 0.00483 0.0083658 -0.008044 0.0056619 0.012142 -0.0080655 0.0060174 0.0119948 -0.0126113 0.0076079 0.023677 -0.0133105 0.0084506 0.023328 -0.0137501 0.0094319 0.0229215 -0.0139 0.010485 0.0224853 -0.0137501 0.0115382 0.022049 -0.0133193 0.0125 0.0216506 -0.0202 0.0125 0.0216506 -0.0112901 0.0110795 0.0213146 -0.0112901 0.0067477 0.012025 -0.0109616 0.0071357 0.011844 -0.0109616 0.0114675 0.0211337 -0.0080384 0.0114675 0.0211337 -0.0080384 0.0071357 0.011844 -0.0077099 0.0110795 0.0213146 -0.0077099 0.0067477 0.012025 -0.0105335 0.0074334 0.0117052 -0.0105335 0.0117652 0.0209949 -0.0084665 0.0117652 0.0209949 -0.0084665 0.0074334 0.0117052 -0.0075034 0.0106277 0.0215253 -0.010035 0.0076205 0.011618 -0.010035 0.0119523 0.0209076 -0.0095 0.0076843 0.0115882 -0.0095 0.0120162 0.0208778 -0.008965 0.0076205 0.011618 -0.008965 0.0119523 0.0209076 -0.007433 0.0101428 0.0217514 -0.0139 0.0101428 0.0217514 -0.0137501 0.0111749 0.0212701 -0.0133105 0.0121367 0.0208216 -0.0133105 0.0125172 0.0216375 -0.0075034 0.0074548 0.0172526 -0.0075034 0.009658 0.0219775 -0.0077099 0.0068508 0.017137 -0.0077099 0.0092062 0.0221882 -0.0080384 0.0088182 0.0223691 -0.0077969 0.0066958 0.0170728 -0.0080384 0.0044864 0.0130794 -0.0078905 0.0059958 0.0158604 -0.0077398 0.0060435 0.0154981 -0.0077099 0.0060637 0.0154492 -0.0077099 0.0048743 0.0128985 -0.0109616 0.0088182 0.0223691 -0.0109616 0.0044864 0.0130794 -0.0112901 0.0048743 0.0128985 -0.0112901 0.0092062 0.0221882 -0.0133105 0.008149 0.0226811 -0.0137501 0.0091107 0.0222327 -0.0084665 0.0041886 0.0132183 -0.0084665 0.0085205 0.0225079 -0.008965 0.0040015 0.0133055 -0.008965 0.0083333 0.0225952 -0.0095 0.0039377 0.0133353 -0.0095 0.0082695 0.0226249 -0.010035 0.0040015 0.0133055 -0.010035 0.0083333 0.0225952 -0.0105335 0.0041886 0.0132183 -0.0105335 0.0085205 0.0225079 -0.0126113 0.0073231 0.0230663 -0.0075034 0.0053261 0.0126878 -0.0114966 0.0053261 0.0126878 -0.0114966 0.009658 0.0219775 -0.007433 0.005811 0.0124617 -0.0095 0.0053067 0.0113802 -0.011567 0.0073958 0.0158603 -0.011567 0.0073958 0.0158604 -0.011567 0.0101428 0.0217514 -0.011567 0.005811 0.0124617 -0.0114966 0.0106277 0.0215253 -0.0114966 0.0062959 0.0122356 -0.0075034 0.0062959 0.0122356 -0.000599999 0.0176777 0.0176777 -0.0083612 0.0141831 0.0203592 -0.0073 0.0138259 0.0206333 -0.0063887 0.0132577 0.0210693 -0.0126113 0.0132577 0.0210693 -0.0117 0.0138259 0.0206333 -0.0106388 0.0141831 0.0203592 -0.0095 0.0143049 0.0202657 -0.0202 0.0176777 0.0176777 -0.0095 0.0141306 0.0198919 -0.0106388 0.0139947 0.0199552 -0.0083612 0.0139947 0.0199552 -0.0117 0.0135963 0.020141 -0.0073 0.0135963 0.020141 -0.0126113 0.0129626 0.0204365 -0.0063887 0.0129626 0.0204365 -0.0011 0.0068307 0.0068307 -0.000599999 0.0216506 0.0125 -0.0202 0.0216506 0.0125 -0.0011 0.0083658 0.00483 -0.000599999 0.0241481 0.0064705 -0.0202 0.0241481 0.0064705 -0.0011 0.0093308 0.0025002 -0.000599999 0.025 0 -0.0202 0.025 0 -0.0011 0.00966 0 -0.000502199 0.0244 -0.0038144 -0.000599999 0.0244864 -0.0039008 -0.003099 0.0244864 -0.0039008 -0.003099 0.0241481 -0.0064705 -0.0202 0.0241481 -0.0064705 -0.003099 0.022 -0.0052 -0.003099 0.0222144 -0.006 -0.003099 0.0228 -0.0065856 -0.003099 0.0236 -0.0068 -0.003099 0.024063 -0.0066759 -0.003099 0.0244 -0.0038144 -0.003099 0.0236 -0.0036 -0.003099 0.0228 -0.0038144 -0.003099 0.0222144 -0.0044 -0.0011 0.0093308 -0.0025002 -0.000599999 0.0216506 -0.0125 -0.000599999 0.024063 -0.0066759 -0.000216398 0.0236 -0.0068 -0.0202 0.0216506 -0.0125 -0.0011 0.0083658 -0.00483 -0.000599999 0.0176777 -0.0176777 -0.0202 0.0176777 -0.0176777 -0.0011 0.0068307 -0.0068307 -0.000599999 0.0125 -0.0216506 -0.00185 0.0086082 -0.0165604 -0.00185 0.0083857 -0.0168503 -0.0052499 0.0111749 -0.0212701 -0.0056895 0.0121367 -0.0208216 -0.0056895 0.0125172 -0.0216375 -0.0056807 0.0125 -0.0216506 -0.0052499 0.0115382 -0.022049 -0.0063887 0.0132577 -0.0210693 -0.0063887 0.0129626 -0.0204365 -0.0073 0.0135963 -0.020141 -0.0073 0.0138259 -0.0206333 -0.00185 0.0087481 -0.0162227 -0.00185 0.0087958 -0.0158604 -0.00185 0.0087481 -0.0154981 -0.00185 0.0086082 -0.0151604 -0.00185 0.0083857 -0.0148705 -0.00185 0.0080958 -0.014648 -0.00185 0.0077581 -0.0145081 -0.00185 0.0073958 -0.0144604 -0.00185 0.0070335 -0.0145081 -0.0011 0.00483 -0.0083658 -0.0202 0.0125 -0.0216506 -0.0106388 0.0141831 -0.0203592 -0.0117 0.0138259 -0.0206333 -0.0126113 0.0132577 -0.0210693 -0.0133105 0.0125172 -0.0216375 -0.0133193 0.0125 -0.0216506 -0.0083612 0.0141831 -0.0203592 -0.0095 0.0143049 -0.0202657 -0.0095 0.0053067 -0.0113802 -0.0080384 0.0071357 -0.011844 -0.0077099 0.0067477 -0.012025 -0.0084665 0.0074334 -0.0117052 -0.0083612 0.0139947 -0.0199552 -0.008965 0.0076205 -0.011618 -0.0095 0.0076843 -0.0115882 -0.0095 0.0120162 -0.0208778 -0.008965 0.0119523 -0.0209076 -0.0095 0.0141306 -0.0198919 -0.010035 0.0076205 -0.011618 -0.010035 0.0119523 -0.0209076 -0.0106388 0.0139947 -0.0199552 -0.0117 0.0135963 -0.020141 -0.0105335 0.0074334 -0.0117052 -0.0126113 0.0129626 -0.0204365 -0.0109616 0.0071357 -0.011844 -0.0133105 0.0121367 -0.0208216 -0.0112901 0.0067477 -0.012025 -0.0137501 0.0111749 -0.0212701 -0.0137501 0.0115382 -0.022049 -0.000599999 0.0064705 -0.0241481 -0.0090534 0.0064705 -0.0241481 -0.0083612 0.0065548 -0.0241132 -0.0073 0.0069612 -0.0239449 -0.0063887 0.0076079 -0.023677 -0.0056895 0.0084506 -0.023328 -0.0052499 0.0094319 -0.0229215 -0.0051 0.010485 -0.0224853 -0.0075034 0.0074548 -0.0172526 -0.0075269 0.0073958 -0.0172604 -0.00185 0.0073958 -0.0172604 -0.00185 0.0077581 -0.0172127 -0.007465 0.0077581 -0.0172127 -0.0063887 0.0073231 -0.0230663 -0.0073 0.0066893 -0.0233618 -0.0056895 0.008149 -0.0226811 -0.0052499 0.0091107 -0.0222327 -0.007433 0.007983 -0.0171196 -0.00185 0.0080958 -0.0170728 -0.0074491 0.0080958 -0.0170728 -0.0051 0.0101428 -0.0217514 -0.007496 0.0083857 -0.0168503 -0.0076144 0.0086082 -0.0165604 -0.0075034 0.0084243 -0.0168001 -0.007987 0.0086082 -0.0151604 -0.0079748 0.0087481 -0.0154981 -0.0079263 0.0083857 -0.0148705 -0.0075269 0.0073958 -0.0144604 -0.0076546 0.0077581 -0.0145081 -0.00185 0.0066958 -0.014648 -0.0074491 0.0066958 -0.014648 -0.007433 0.0068087 -0.0146012 -0.007465 0.0070335 -0.0145081 -0.00185 0.0064059 -0.0148705 -0.007496 0.0064059 -0.0148705 -0.00185 0.0061834 -0.0151604 -0.0076145 0.0061834 -0.0151604 -0.0075034 0.0063673 -0.0149207 -0.00185 0.0060435 -0.0154981 -0.0077398 0.0060435 -0.0154981 -0.0077099 0.0060637 -0.0154492 -0.00185 0.0059958 -0.0158604 -0.0078905 0.0059958 -0.0158604 -0.00185 0.0060435 -0.0162227 -0.0079748 0.0060435 -0.0162227 -0.00185 0.0061834 -0.0165604 -0.0079871 0.0061834 -0.0165604 -0.00185 0.0064059 -0.0168503 -0.0079264 0.0064059 -0.0168503 -0.00185 0.0066958 -0.0170728 -0.0077969 0.0066958 -0.0170728 -0.00185 0.0070335 -0.0172127 -0.0076546 0.0070335 -0.0172127 -0.0077099 0.0068508 -0.017137 -0.0011 0.0025002 -0.0093308 -0.0080655 0.0060174 -0.0119948 -0.008044 0.0056619 -0.012142 -0.0202 0.0064705 -0.0241481 -0.0139 0.010485 -0.0224853 -0.0137501 0.0094319 -0.0229215 -0.0133105 0.0084506 -0.023328 -0.0126113 0.0076079 -0.023677 -0.0117 0.0069612 -0.0239449 -0.0106388 0.0065548 -0.0241132 -0.0099466 0.0064705 -0.0241481 -0.0137501 0.0091107 -0.0222327 -0.0133105 0.008149 -0.0226811 -0.0126113 0.0073231 -0.0230663 -0.0117 0.0066893 -0.0233618 -0.0075034 0.009658 -0.0219775 -0.007433 0.0101428 -0.0217514 -0.0139 0.0101428 -0.0217514 -0.0075034 0.0106277 -0.0215253 -0.0077099 0.0087279 -0.0162715 -0.0077099 0.0110795 -0.0213146 -0.0095 0.0061551 -0.0236109 -0.0106388 0.006291 -0.0235475 -0.0083612 0.006291 -0.0235475 -0.0095 0.0082695 -0.0226249 -0.008965 0.0083333 -0.0225952 -0.0109616 0.0088182 -0.0223691 -0.0105335 0.0085205 -0.0225079 -0.010035 0.0083333 -0.0225952 -0.0114966 0.0106277 -0.0215253 -0.011567 0.0101428 -0.0217514 -0.0114966 0.009658 -0.0219775 -0.0112901 0.0092062 -0.0221882 -0.0105335 0.0117652 -0.0209949 -0.0109616 0.0114675 -0.0211337 -0.0112901 0.0110795 -0.0213146 -0.0080384 0.0114675 -0.0211337 -0.0084665 0.0117652 -0.0209949 -0.0084665 0.0085205 -0.0225079 -0.0080384 0.0088182 -0.0223691 -0.0077099 0.0092062 -0.0221882 -0.0077969 0.0080958 -0.014648 -0.0077099 0.0079409 -0.0145838 -0.0077398 0.0087481 -0.0162227 -0.0078905 0.0087958 -0.0158604 -0.0075034 0.0073369 -0.0144682 -0.0075034 0.0062959 -0.0122356 -0.0114966 0.0062959 -0.0122356 -0.007433 0.005811 -0.0124617 -0.011567 0.005811 -0.0124617 -0.011567 0.0073958 -0.0158603 -0.011567 0.0073958 -0.0158604 -0.0114966 0.0053261 -0.0126878 -0.0075034 0.0053261 -0.0126878 -0.0112901 0.0048743 -0.0128985 -0.0109616 0.0044864 -0.0130794 -0.0105335 0.0041886 -0.0132183 -0.010035 0.0040015 -0.0133055 -0.0095 0.0039377 -0.0133353 -0.008965 0.0040015 -0.0133055 -0.0084665 0.0041886 -0.0132183 -0.0080384 0.0044864 -0.0130794 -0.0077099 0.0048743 -0.0128985 -0.0095 0.0064094 -0.0241562 -0.00185 0.0009899 -0.01651 -0.00185 0.0012124 -0.0168 -0.00185 0.0007 -0.0162876 -0.00185 0.0003623 -0.0161477 -0.00185 0.0013523 -0.0171377 -0.0079545 0.0013523 -0.0171377 -0.0079912 0.0014 -0.0175 -0.00185 0.0014 -0.0175 -0.0076919 0.0009899 -0.01651 -0.0075718 0.0007 -0.0162876 -0.0074807 0.0003623 -0.0161477 -0.0075034 0.000535 -0.0162192 -0.00185 0.0003623 -0.0188523 -0.0074807 0.0003623 -0.0188523 -0.0075034 0.000535 -0.0187808 -0.00185 0.0007 -0.0187124 -0.0075718 0.0007 -0.0187124 -0.00185 0.0009899 -0.01849 -0.0076919 0.0009899 -0.01849 -0.00185 0.0012124 -0.0182 -0.00185 0.0013523 -0.0178623 -0.0079545 0.0013523 -0.0178623 -0.0052499 0.0011388 -0.0248501 -0.0052499 0.0011388 -0.024 -0.0056895 0.0022 -0.0247104 -0.0056895 0.0022 -0.024 -0.0063887 0.0031113 -0.0245904 -0.0063887 0.0031113 -0.024 -0.0073 0.0038105 -0.024 -0.0073 0.0038105 -0.0244983 -0.0080097 0.0003993 -0.0134474 -0.0117 0.0038105 -0.0244983 -0.0126113 0.0031113 -0.0245904 -0.0133105 0.0022 -0.0247104 -0.0137501 0.0011388 -0.0248501 -0.0083612 0.0042501 -0.0244405 -0.0095 0.0044 -0.0244207 -0.0106388 0.0042501 -0.0244405 -0.0078472 0.0012124 -0.0168 -0.0077099 0.0010335 -0.0165668 -0.0075034 0.000535 -0.01375 -0.0077099 0.0010335 -0.01375 -0.0080384 0.0014616 -0.01375 -0.0084665 0.0017901 -0.01375 -0.008965 0.0019966 -0.01375 -0.0095 0.002067 -0.01375 -0.010035 0.0019966 -0.01375 -0.0105335 0.0017901 -0.01375 -0.0109616 0.0014616 -0.01375 -0.0112901 0.0010335 -0.01375 -0.0114966 0.000535001 -0.01375 -0.0075034 0.000535 -0.024 -0.0077099 0.0010335 -0.024 -0.0077099 0.0010335 -0.0184332 -0.0080384 0.0014616 -0.024 -0.0078472 0.0012124 -0.0182 -0.0084665 0.0017901 -0.024 -0.0105335 0.0017901 -0.024 -0.0109616 0.0014616 -0.024 -0.0137501 0.0011388 -0.024 -0.0112901 0.0010335 -0.024 -0.0114966 0.000535001 -0.024 -0.008965 0.0019966 -0.024 -0.0095 0.002067 -0.024 -0.0133105 0.0022 -0.024 -0.010035 0.0019966 -0.024 -0.0095 0.0044 -0.024 -0.0083612 0.0042501 -0.024 -0.0106388 0.0042501 -0.024 -0.0117 0.0038105 -0.024 -0.0126113 0.0031113 -0.024</float_array>
                    <technique_common>
                        <accessor count="5155" source="#shape0-lib-positions-array" stride="3">
                            <param name="X" type="float"/>
                            <param name="Y" type="float"/>
                            <param name="Z" type="float"/>
                        </accessor>
                    </technique_common>
                </source>
                <source id="shape0-lib-normals" name="normal">
                    <float_array id="shape0-lib-normals-array" count="30576">-0.0980169 -0.995185 0 -0.0980169 -0.995185 0 -0.290286 -0.95694 0 -0.290286 -0.95694 0 -0.471396 -0.881922 0 -0.471396 -0.881922 0 -0.634393 -0.77301 0 -0.634393 -0.77301 0 -0.773011 -0.634393 0 -0.773011 -0.634393 0 -0.881922 -0.471395 0 -0.881922 -0.471395 0 -0.95694 -0.290284 0 -0.95694 -0.290284 0 -0.995184 -0.0980211 0 -0.995184 -0.0980211 0 -0.995184 0.0980211 0 -0.995184 0.0980211 0 -0.95694 0.290284 0 -0.95694 0.290284 0 -0.881922 0.471395 0 -0.881922 0.471395 0 -0.773011 0.634393 0 -0.773011 0.634393 0 -0.634394 0.77301 0 -0.634394 0.77301 0 -0.471396 0.881922 0 -0.471396 0.881922 0 -0.290286 0.95694 0 -0.290286 0.95694 0 -0.0980169 0.995185 0 -0.0980169 0.995185 0 0.0980169 0.995185 0 0.0980169 0.995185 0 0.290285 0.95694 0 0.290285 0.95694 0 0.471396 0.881922 0 0.471396 0.881922 0 0.634394 0.77301 0 0.634394 0.77301 0 0.773011 0.634393 0 0.773011 0.634393 0 0.881922 0.471395 0 0.881922 0.471395 0 0.956939 0.290289 0 0.956939 0.290289 0 0.995185 0.0980164 0 0.995185 0.0980164 0 0.995185 -0.0980164 0 0.995185 -0.0980164 0 0.956939 -0.290289 0 0.956939 -0.290289 0 0.881922 -0.471395 0 0.881922 -0.471395 0 0.773011 -0.634393 0 0.773011 -0.634393 0 0.634393 -0.77301 0 0.634393 -0.77301 0 0.471396 -0.881922 0 0.471396 -0.881922 0 0 0 1 0 0 1 0 0 1 0 0 1 0 0 1 0 0 1 0 0 1 0 0 1 0 0 1 0 0 1 0 0 1 0 0 1 0 0 1 0 0 1 0 0 1 0 0 1 0 0 1 0 0 1 0 0 1 0 0 1 0 0 1 0 0 1 0 0 1 0 0 1 0 0 1 0 0 1 0 0 1 0 0 1 0 0 1 0 0 1 0.290286 -0.95694 0 0.290286 -0.95694 0 0.0980169 -0.995185 0 0.0980169 -0.995185 0 0 0 -1 0 0 -1 0 0 -1 0 0 -1 0 0 -1 0 0 -1 0 0 -1 0 0 -1 0 0 -1 0 0 -1 0 0 -1 0 0 -1 0 0 -1 0 0 -1 0 0 -1 0 0 -1 0 0 -1 0 0 -1 0 0 -1 0 0 -1 0 0 -1 0 0 -1 0 0 -1 0 0 -1 0 0 -1 0 0 -1 0 0 -1 0 0 -1 0 0 -1 0 0 -1 1 1.49012e-07 0 1 1.49012e-07 0 1.0348e-07 -1 0 1.0348e-07 -1 0 -1 0 0 -1 0 0 -1.0348e-07 1 0 -1.0348e-07 1 0 0 0 -1 0 0 -1 0 0 1 0 0 1 0.999932 -0.00634284 0.00977202 0.999932 -0.0103801 0.00528814 0.999932 -0.00977049 -0.00634334 0.999932 -0.00528695 -0.0103799 0.999932 0.0063451 -0.00976971 0.999932 0.0103791 -0.00528949 0.999932 0.0116336 0.000609883 0.999932 0.00977118 0.00634434 -1 -1.43716e-07 1.43715e-07 -1 -1.39507e-07 2.29139e-07 -1 -1.5542e-07 -1.18053e-06 -1 -1.70717e-07 -6.37131e-07 -1 -1.70734e-07 -4.59816e-07 -1 0 0 -1 0 0 -1 0 0 -1 0 7.61021e-07 -1 -1.52053e-07 -3.93933e-07 -1 -1.52053e-07 -1.98159e-07 -1 -1.07517e-07 1.4012e-07 -1 -1.07517e-07 3.06832e-07 -1 -1.31709e-07 -3.7587e-07 -1 -1.31709e-07 4.91526e-07 -1 -1.42093e-07 -5.30279e-07 -1 -1.42093e-07 1.42094e-07 -1 -1.50797e-07 -1.50797e-07 -1 -1.50797e-07 4.04061e-08 -1 -1.54255e-07 -4.13326e-08 -1 -1.54255e-07 -4.13328e-08 -1 -1.50797e-07 4.0406e-08 -1 -1.50797e-07 -1.50796e-07 -1 -1.32774e-07 -4.95531e-07 -1 -1.5212e-07 -1.57236e-07 -1 -5.07475e-09 7.15598e-07 -1 0 0 -1 0 0 -1 0 0 -1 0 0 -1 0 0 -1 0 0 -1 -1.48488e-07 -1.93514e-07 -1 -1.6274e-07 -4.36076e-08 -1 -1.54245e-07 -1.54241e-07 -1 0 0 -1 0 0 -1 0 0 -1 0 0 -1 0 0 -1 -2.82678e-07 6.82443e-07 -1 -1.70751e-07 2.83582e-07 -1 -1.70717e-07 6.37131e-07 -1 -1.5542e-07 1.18053e-06 -1 0 0 -1 0 0 -1 0 0 -1 0 0 -1 -5.07477e-09 -7.15598e-07 -1 -1.35055e-07 5.59416e-08 -1 0 2.81723e-06 -1 0 0 -1 0 0 -1 0 0 -1 0 0 -1 0 0 -1 0 7.61029e-07 -1 -1.52053e-07 -3.93938e-07 -1 -1.52053e-07 -1.98158e-07 -1 -1.07517e-07 1.40119e-07 -1 -1.07517e-07 3.06832e-07 -1 -1.31709e-07 -3.75871e-07 -1 -1.31709e-07 4.9155e-07 -1 -1.42093e-07 -5.30304e-07 -1 -1.42093e-07 1.42093e-07 -1 -1.50797e-07 -1.50796e-07 -1 -1.50797e-07 4.04061e-08 -1 -1.54255e-07 -4.13326e-08 -1 -1.54255e-07 -4.13328e-08 -1 -1.50797e-07 4.0406e-08 -1 -1.50797e-07 2.30754e-13 -1 -1.43716e-07 1.43713e-07 -1 -1.48343e-07 5.53628e-07 -1 -1.70738e-07 -4.12198e-07 -1 -1.70655e-07 -1.29626e-06 -1 -1.48343e-07 -5.53628e-07 -1 -1.43716e-07 -1.43713e-07 -1 0 0 -1 0 0 -1 0 0 -1 0 0 -1 0 0 -1 -1.35055e-07 -5.59417e-08 -1 -1.10711e-07 -1.44283e-07 -1 4.36546e-08 -1.76604e-06 -1 0 0 -1 0 0 -1 0 0 -1 0 0 -1 0 0 -1 -5.07477e-09 7.15598e-07 -1 -1.60973e-07 2.09785e-07 -1 -5.07475e-09 -7.15598e-07 -1 0 0 -1 0 0 -1 0 0 -1 0 0 -1 0 0 -1 0 0 -1 0 0 -1 0 0 -1 0 0 -1 0 0 -1 0 0 -1 0 0 -1 0 0 -1 0 0 -1 -1.70738e-07 4.12198e-07 -1 -1.65451e-07 4.45587e-07 -1 0 0 -1 0 0 -1 0 0 -1 0 0 -1 -1.49937e-07 1.95403e-07 -1 -2.02377e-07 7.55289e-07 -1 -1.46916e-07 1.46912e-07 -1 -1.37953e-07 3.69655e-08 -1 0 0 -1 0 0 -1 0 0 -1 0 0 -1 0 0 -1 0 0 -1 0 0 -1 -1.70655e-07 1.29626e-06 -1 0 0 -1 0 0 -1 0 0 -1 -1.61742e-07 -3.9048e-07 0.999814 0 -0.0192673 -0.990657 0.134759 -0.0209422 0.999783 0 -0.0208288 0.993808 0.0993808 -0.0496904 0.99492 0.0893873 -0.046313 0.984157 -0.157192 0.0820131 0.987175 -0.143228 0.0705125 -0.999757 0 0.0220535 0.998951 -0.0452956 0.00673313 -0.999739 0 0.0228306 0.923846 0.346902 0.161762 0.999929 0 -0.0118742 0.999942 0 -0.0107416 -0.999198 -0.0398985 -0.00346944 0.999935 0 -0.0113629 0.997439 -0.0623399 -0.0350662 0.657041 0.657041 0.369586 -0.999929 0 0.0119039 0.999659 0.0260328 0.00223138 -0.999925 0 0.0122759 -0.999909 0 0.0134931 0.997378 0.0633101 -0.0350641 0.999935 0 -0.0114322 -0.999168 0.0406501 -0.00324023 0.999934 0 -0.0115124 0.999929 0 -0.0118742 -0.999918 0 0.012783 -0.999926 0 0.0121519 0.999683 -0.0250647 0.00217954 -0.999924 0 0.0123346 0.658283 -0.658283 0.365141 0.994582 -0.0925808 -0.0472823 0.990605 -0.123826 -0.0580433 0.999801 0 -0.0199613 -0.984004 -0.175039 -0.0331155 0.999801 0 -0.0199314 -0.999739 0 0.0228306 0.9988 0.0481193 0.00910365 -0.999796 0 0.0202165 0.991452 0.118464 0.0546757 0.982946 0.163037 0.0850627 1 7.45058e-08 0 1 7.45058e-08 0 1.86265e-07 -1 0 1.86265e-07 -1 0 -1 -1.49012e-07 0 -1 -1.49012e-07 0 -1.86265e-07 1 0 -1.86265e-07 1 0 0 0 -1 0 0 -1 0 0 1 0 0 1 0.138582 -0.194996 -0.970964 0.554638 -0.0357424 -0.831324 0.350309 -0.253903 -0.901564 0.539278 -0.166749 -0.825454 0.534065 -0.25421 -0.80632 0.5951 -0.21917 -0.773189 0.667346 -0.229307 -0.708568 0.676127 -0.222997 -0.702228 0.756715 -0.197657 -0.623149 0.747137 -0.206115 -0.631904 0.829071 -0.163089 -0.53483 0.817175 -0.176219 -0.548792 0.872413 -0.136549 -0.469307 0.862746 -0.149415 -0.483058 0.90617 -0.114741 -0.40705 0.900191 -0.124366 -0.41736 0.930043 -0.100263 -0.353508 0.927611 -0.104944 -0.358503 0.946215 -0.0943492 -0.309476 0.947041 -0.0924826 -0.307506 0.551251 -0.17559 -0.815653 0.70388 -0.0826088 -0.705499 0.53369 -0.232011 -0.813232 0.654458 -0.159476 -0.739089 0.591586 -0.246086 -0.767768 0.648039 -0.209713 -0.732165 0.67482 -0.231508 -0.70073 0.686235 -0.223096 -0.692322 0.74727 -0.20526 -0.632025 0.738636 -0.212699 -0.639669 0.817738 -0.172286 -0.549201 0.805885 -0.184781 -0.562499 0.863241 -0.145532 -0.483359 0.853308 -0.158081 -0.496866 0.900444 -0.122087 -0.417487 0.89382 -0.132226 -0.428489 0.927584 -0.10522 -0.358492 0.924445 -0.111028 -0.364793 0.946804 -0.0951319 -0.307427 0.946199 -0.0964745 -0.30887 0.700214 -0.174171 -0.692362 0.756791 -0.127498 -0.641102 0.649638 -0.216154 -0.728868 0.709111 -0.172053 -0.683783 0.644858 -0.2356 -0.727083 0.683464 -0.207812 -0.69978 0.685182 -0.2303 -0.691005 0.696199 -0.221906 -0.682689 0.738815 -0.211516 -0.639854 0.733874 -0.215722 -0.644122 0.806412 -0.181111 -0.562938 0.795888 -0.191833 -0.574249 0.853748 -0.154697 -0.497176 0.844264 -0.166203 -0.509504 0.894064 -0.130102 -0.42863 0.887174 -0.140221 -0.439613 0.924436 -0.111119 -0.364788 0.920777 -0.117668 -0.37192 0.946035 -0.0982443 -0.308813 0.944583 -0.101395 -0.31222 0.752991 -0.192962 -0.629103 0.773827 -0.172671 -0.609406 0.704832 -0.220253 -0.674314 0.727424 -0.201105 -0.656057 0.680159 -0.235974 -0.694046 0.697384 -0.222468 -0.681296 0.694398 -0.235018 -0.68013 0.700933 -0.229846 -0.675177 0.733027 -0.221551 -0.643107 0.730461 -0.223748 -0.645263 0.795524 -0.194424 -0.573882 0.787547 -0.202422 -0.582061 0.843955 -0.168564 -0.50924 0.835607 -0.178442 -0.519538 0.88684 -0.143044 -0.439379 0.880163 -0.152568 -0.449485 0.920309 -0.12204 -0.371668 0.916446 -0.12878 -0.37887 0.944012 -0.107223 -0.312 0.94232 -0.110821 -0.315834 0.770349 -0.219615 -0.598609 0.772015 -0.217862 -0.5971 0.723836 -0.238565 -0.647417 0.725862 -0.236731 -0.64582 0.694222 -0.249812 -0.675019 0.696577 -0.247868 -0.673306 0.698482 -0.248726 -0.671012 0.699089 -0.24823 -0.670565 0.7286 -0.237345 -0.642502 0.726136 -0.239492 -0.644493 0.786242 -0.212101 -0.580376 0.779853 -0.218503 -0.586588 0.834566 -0.186486 -0.518385 0.82716 -0.195151 -0.526994 0.879187 -0.160544 -0.448615 0.873494 -0.16853 -0.456735 0.915401 -0.137919 -0.37818 0.911936 -0.143855 -0.384291 0.94119 -0.121324 -0.315345 0.939598 -0.124647 -0.318776 0.767949 -0.262875 -0.584082 0.755307 -0.276499 -0.594189 0.721636 -0.276887 -0.634488 0.707782 -0.289738 -0.64428 0.692452 -0.283037 -0.663626 0.681255 -0.292543 -0.671052 0.695274 -0.278877 -0.662436 0.688765 -0.284379 -0.666882 0.722745 -0.265923 -0.637906 0.717423 -0.270698 -0.641893 0.777042 -0.240626 -0.58164 0.771477 -0.246319 -0.586643 0.824579 -0.215481 -0.523103 0.819561 -0.221432 -0.528477 0.870919 -0.18882 -0.453703 0.867336 -0.193885 -0.458407 0.909348 -0.164404 -0.382174 0.90701 -0.16841 -0.385968 0.937002 -0.145658 -0.317506 0.935879 -0.147982 -0.319736 0.751949 -0.309014 -0.582308 0.728013 -0.334266 -0.598552 0.704228 -0.321356 -0.633083 0.679968 -0.34355 -0.647779 0.6775 -0.324862 -0.659893 0.659866 -0.339885 -0.670116 0.685034 -0.316761 -0.656042 0.674064 -0.326224 -0.662734 0.713914 -0.301507 -0.631998 0.707091 -0.307805 -0.636615 0.768301 -0.274636 -0.578178 0.763919 -0.279254 -0.58176 0.816433 -0.247924 -0.521509 0.812899 -0.252231 -0.524952 0.864178 -0.218582 -0.453232 0.861609 -0.222293 -0.456307 0.903796 -0.191779 -0.382587 0.902464 -0.194087 -0.384565 0.932629 -0.170711 -0.317901 0.931983 -0.172038 -0.319079 0.724506 -0.366862 -0.583526 0.688805 -0.402705 -0.602807 0.675998 -0.37955 -0.63164 0.64609 -0.406127 -0.646242 0.655489 -0.381168 -0.651955 0.637061 -0.396884 -0.660784 0.669753 -0.370019 -0.643829 0.658697 -0.379777 -0.649529 0.703033 -0.351589 -0.618167 0.696455 -0.35789 -0.621984 0.760144 -0.320729 -0.565078 0.756916 -0.324294 -0.567372 0.808901 -0.291131 -0.510806 0.807043 -0.293505 -0.512383 0.857222 -0.258084 -0.445604 0.855977 -0.259959 -0.446905 0.897623 -0.22736 -0.377598 0.897247 -0.228029 -0.378088 0.926844 -0.203405 -0.315573 0.926743 -0.203613 -0.315737 0.685589 -0.434482 -0.584118 0.641583 -0.475681 -0.601747 0.642114 -0.448001 -0.622081 0.617251 -0.469513 -0.631316 0.632825 -0.447634 -0.631788 0.620494 -0.458248 -0.636393 0.65475 -0.434087 -0.618766 0.647643 -0.44055 -0.621671 0.692833 -0.412879 -0.591197 0.689504 -0.416216 -0.592747 0.753519 -0.376873 -0.53868 0.752739 -0.377786 -0.539131 0.803143 -0.342578 -0.487445 0.802526 -0.343417 -0.48787 0.851271 -0.304613 -0.427257 0.851449 -0.304328 -0.427106 0.891513 -0.26774 -0.365405 0.891241 -0.268247 -0.365695 0.920102 -0.239583 -0.309859 0.920041 -0.239709 -0.309943 0.639386 -0.506526 -0.578461 0.600056 -0.540855 -0.589413 0.614639 -0.515781 -0.596815 0.603742 -0.525154 -0.599757 0.618143 -0.512796 -0.595767 0.614915 -0.515641 -0.596652 0.64571 -0.498148 -0.578712 0.645657 -0.498198 -0.578728 0.687836 -0.474264 -0.549505 0.689213 -0.472811 -0.549031 0.751109 -0.43245 -0.498821 0.752624 -0.430566 -0.498167 0.800371 -0.393975 -0.451874 0.801598 -0.392191 -0.451251 0.84855 -0.349451 -0.3973 0.849408 -0.347962 -0.396773 0.886967 -0.307133 -0.344906 0.887087 -0.306887 -0.344814 0.913914 -0.273093 -0.300303 0.913041 -0.275013 -0.301206 0.998099 -0.0128405 -0.0602819 0.99812 -0.0599304 -0.0128435 0.995829 -0.0350132 -0.0842515 0.996438 -0.05871 -0.0605421 0.993797 -0.0593125 -0.0940728 0.994027 -0.06888 -0.0846478 0.991769 -0.0843789 -0.0963015 0.991781 -0.0861812 -0.0945664 0.989654 -0.108272 -0.094139 0.989706 -0.105361 -0.0968569 0.986349 -0.1378 -0.0901532 0.986633 -0.132391 -0.0950144 0.982606 -0.164649 -0.0858813 0.983146 -0.158472 -0.0911664 0.977124 -0.19596 -0.0826291 0.9779 -0.189869 -0.0875266 0.969663 -0.230083 -0.0825537 0.970284 -0.226454 -0.0852453 0.96038 -0.264481 -0.0878656 0.959983 -0.266322 -0.0866374 0.996077 -0.060581 -0.0644997 0.995382 -0.089391 -0.0349932 0.994627 -0.0588662 -0.0851573 0.994764 -0.0792245 -0.0645663 0.993043 -0.0688864 -0.0954984 0.993203 -0.0791095 -0.0853743 0.991423 -0.0861672 -0.0982641 0.991438 -0.0886578 -0.0958646 0.989743 -0.105364 -0.0964707 0.989776 -0.102939 -0.0987275 0.986836 -0.132411 -0.0928523 0.987065 -0.127401 -0.0973198 0.983359 -0.158498 -0.0887883 0.983841 -0.152447 -0.0939013 0.978054 -0.189894 -0.0857339 0.978787 -0.183789 -0.0905437 0.970264 -0.22645 -0.0854849 0.970996 -0.222051 -0.0886519 0.959771 -0.266266 -0.0891169 0.960066 -0.264908 -0.0899883 0.993076 -0.090401 -0.0750171 0.992658 -0.105451 -0.0592495 0.992905 -0.0795932 -0.0883419 0.99288 -0.0925316 -0.0750186 0.992174 -0.0791887 -0.0965409 0.992253 -0.0872874 -0.0884069 0.991124 -0.088662 -0.0990563 0.991137 -0.0910367 -0.0967436 0.989837 -0.10294 -0.098113 0.98985 -0.101561 -0.0994082 0.987261 -0.12741 -0.0953037 0.987417 -0.123387 -0.0989126 0.984037 -0.15246 -0.0918047 0.984421 -0.147065 -0.0963713 0.978912 -0.183803 -0.0891541 0.979554 -0.178045 -0.0936698 0.970987 -0.22205 -0.0887543 0.971788 -0.217036 -0.0923174 0.959916 -0.264871 -0.0916799 0.960561 -0.261849 -0.0935778 0.99011 -0.106647 -0.0911468 0.99001 -0.113074 -0.084225 0.9909 -0.0930801 -0.0972254 0.99092 -0.0988246 -0.0911655 0.991019 -0.0874749 -0.101136 0.991067 -0.0912942 -0.0972148 0.990537 -0.0910846 -0.102661 0.990551 -0.09254 -0.101214 0.989548 -0.101574 -0.102358 0.98955 -0.100986 -0.102922 0.987269 -0.123392 -0.100375 0.987356 -0.120399 -0.103109 0.984293 -0.147066 -0.0976679 0.984561 -0.142629 -0.101478 0.979363 -0.178039 -0.0956623 0.979875 -0.172929 -0.0997005 0.971465 -0.217001 -0.0957383 0.972194 -0.212134 -0.0991897 0.960045 -0.261735 -0.0990385 0.960753 -0.258301 -0.101166 0.987481 -0.114298 -0.108708 0.987485 -0.114903 -0.108034 0.989017 -0.0994574 -0.109336 0.989026 -0.099963 -0.108785 0.989717 -0.0915948 -0.109866 0.98973 -0.0921186 -0.109312 0.989587 -0.0926988 -0.110111 0.989592 -0.0929208 -0.109883 0.988824 -0.101087 -0.109581 0.988818 -0.100355 -0.110305 0.986811 -0.120477 -0.108121 0.986849 -0.118187 -0.110276 0.984039 -0.142694 -0.106325 0.984196 -0.139341 -0.10928 0.979287 -0.172974 -0.105244 0.979647 -0.168817 -0.108591 0.971437 -0.212113 -0.106383 0.971999 -0.208013 -0.109306 0.959739 -0.258119 -0.110791 0.960359 -0.254959 -0.112725 0.984266 -0.116464 -0.132878 0.984096 -0.112484 -0.137489 0.986488 -0.100891 -0.12908 0.986314 -0.097384 -0.133049 0.987643 -0.092713 -0.126356 0.987519 -0.0902407 -0.129083 0.987787 -0.0933748 -0.12473 0.987723 -0.0918678 -0.126348 0.987227 -0.10075 -0.123418 0.987186 -0.0993525 -0.12487 0.985387 -0.118588 -0.122269 0.985379 -0.116759 -0.12408 0.98272 -0.139729 -0.121396 0.98278 -0.137424 -0.123527 0.978004 -0.16915 -0.122048 0.978164 -0.166748 -0.124057 0.970047 -0.208147 -0.125234 0.970336 -0.20571 -0.127008 0.957982 -0.254639 -0.132022 0.958307 -0.252839 -0.133115 0.98113 -0.113916 -0.156228 0.98056 -0.107265 -0.164308 0.983782 -0.0983706 -0.149987 0.983302 -0.0929075 -0.156476 0.985141 -0.0910529 -0.145628 0.984822 -0.0872757 -0.150026 0.985404 -0.0926673 -0.142798 0.98522 -0.0901918 -0.145623 0.984923 -0.100192 -0.141024 0.984823 -0.0984935 -0.142911 0.983107 -0.117715 -0.140158 0.983061 -0.116325 -0.141634 0.980439 -0.13841 -0.139934 0.980436 -0.136927 -0.141406 0.975676 -0.16762 -0.141282 0.975742 -0.166017 -0.142712 0.967599 -0.206217 -0.145692 0.967731 -0.204868 -0.146719 0.955231 -0.252598 -0.154038 0.955416 -0.25148 -0.154721 0.976808 -0.109073 -0.184252 0.975543 -0.10021 -0.195635 0.979748 -0.0943812 -0.176596 0.978866 -0.0880713 -0.184566 0.981072 -0.0887622 -0.172099 0.980584 -0.0851093 -0.176669 0.981297 -0.0918674 -0.169166 0.981005 -0.0895007 -0.172099 0.980756 -0.100436 -0.167424 0.980595 -0.0989366 -0.169251 0.978826 -0.118663 -0.166789 0.978749 -0.117707 -0.167915 0.97605 -0.139405 -0.167014 0.976013 -0.138638 -0.167864 0.971184 -0.168328 -0.16872 0.971184 -0.167469 -0.169576 0.962841 -0.206467 -0.174094 0.962855 -0.206251 -0.174273 0.950229 -0.251492 -0.183892 0.950255 -0.25131 -0.184006 0.970826 -0.102442 -0.216802 0.968782 -0.0929402 -0.229835 0.973409 -0.0904409 -0.210467 0.972388 -0.0855827 -0.217112 0.974344 -0.0878748 -0.207201 0.973845 -0.0854531 -0.210533 0.974309 -0.0927736 -0.20522 0.974029 -0.091361 -0.207173 0.973518 -0.102833 -0.204178 0.973378 -0.102079 -0.205218 0.971285 -0.12248 -0.203973 0.971236 -0.122177 -0.204385 0.968284 -0.143873 -0.204269 0.968254 -0.143632 -0.204584 0.963118 -0.172792 -0.206271 0.963135 -0.173013 -0.206006 0.95478 -0.210285 -0.210179 0.95478 -0.209994 -0.21047 0.942604 -0.252179 -0.218868 0.942616 -0.252068 -0.218944 0.96271 -0.0957557 -0.253022 0.960358 -0.0880423 -0.264501 0.964089 -0.0893785 -0.250087 0.963463 -0.0873227 -0.253208 0.964285 -0.0900362 -0.249093 0.964088 -0.0893964 -0.250087 0.963655 -0.0968263 -0.248985 0.963658 -0.0968341 -0.248973 0.962296 -0.108607 -0.249383 0.962405 -0.108967 -0.248801 0.959538 -0.130163 -0.24969 0.959647 -0.130544 -0.249069 0.956081 -0.15272 -0.250171 0.956187 -0.153119 -0.24952 0.950532 -0.182961 -0.251028 0.950638 -0.183432 -0.25028 0.942694 -0.218708 -0.251983 0.942688 -0.218674 -0.252033 0.932659 -0.255646 -0.254543 0.932659 -0.254474 -0.255715 0.556721 -0.829935 -0.0356363 0.138653 -0.971189 -0.193821 0.682148 -0.726246 -0.0850896 0.552128 -0.818211 -0.160269 0.718025 -0.682654 -0.135733 0.677524 -0.716635 -0.165519 0.72029 -0.667393 -0.189127 0.713281 -0.673231 -0.194908 0.704429 -0.666797 -0.243231 0.715836 -0.658089 -0.233447 0.677431 -0.666874 -0.310427 0.698565 -0.653157 -0.292222 0.646466 -0.66615 -0.371922 0.672213 -0.652299 -0.350194 0.615444 -0.655328 -0.43792 0.64066 -0.644623 -0.417152 0.595767 -0.630095 -0.498038 0.610177 -0.625441 -0.48632 0.59931 -0.589851 -0.541206 0.592772 -0.591446 -0.546638 0.575747 -0.80142 -0.161993 0.349065 -0.897862 -0.268325 0.682546 -0.717092 -0.141103 0.571266 -0.793312 -0.210502 0.721246 -0.674873 -0.156044 0.678513 -0.710019 -0.188395 0.726607 -0.659943 -0.191097 0.717409 -0.667673 -0.198838 0.714384 -0.65949 -0.233941 0.723124 -0.652604 -0.226276 0.690307 -0.660438 -0.295462 0.709422 -0.647419 -0.278511 0.662202 -0.660207 -0.354423 0.685697 -0.646806 -0.333859 0.633187 -0.649811 -0.420499 0.656854 -0.639097 -0.400121 0.611264 -0.624779 -0.485806 0.628119 -0.619046 -0.471432 0.603801 -0.585396 -0.541051 0.608187 -0.584331 -0.537277 0.625968 -0.746346 -0.226123 0.529407 -0.799792 -0.282949 0.69077 -0.698592 -0.186563 0.625232 -0.745294 -0.231565 0.722365 -0.668294 -0.177687 0.688845 -0.695681 -0.203767 0.728803 -0.656221 -0.195499 0.719784 -0.663815 -0.203129 0.720967 -0.654734 -0.227004 0.726088 -0.650612 -0.222487 0.70184 -0.654369 -0.281465 0.716556 -0.643905 -0.268205 0.677517 -0.653592 -0.337326 0.697616 -0.641417 -0.319244 0.651003 -0.643394 -0.40279 0.672535 -0.632925 -0.38354 0.628415 -0.618856 -0.471288 0.646124 -0.61239 -0.455525 0.61558 -0.580116 -0.53341 0.625271 -0.57765 -0.524744 0.692903 -0.678689 -0.243446 0.660721 -0.701503 -0.267097 0.720272 -0.661991 -0.207306 0.69561 -0.681752 -0.226587 0.735895 -0.649624 -0.190913 0.720779 -0.662644 -0.203425 0.740205 -0.64289 -0.196948 0.734675 -0.647723 -0.201762 0.735689 -0.640854 -0.219243 0.738106 -0.638815 -0.217061 0.721384 -0.639278 -0.266326 0.731752 -0.631393 -0.256674 0.702323 -0.63727 -0.317223 0.71753 -0.627213 -0.302911 0.680041 -0.627005 -0.380012 0.697768 -0.61741 -0.363214 0.659776 -0.60291 -0.448548 0.67552 -0.596419 -0.43354 0.646634 -0.56459 -0.512935 0.656779 -0.561658 -0.503171 0.75168 -0.615305 -0.237437 0.749637 -0.617086 -0.239269 0.758412 -0.617995 -0.207106 0.756489 -0.619769 -0.208835 0.762357 -0.618409 -0.190741 0.76044 -0.620227 -0.192483 0.762708 -0.617333 -0.192811 0.762036 -0.617967 -0.193437 0.758984 -0.616381 -0.209804 0.761083 -0.614469 -0.207797 0.748204 -0.614518 -0.250119 0.755518 -0.608438 -0.242891 0.733758 -0.611684 -0.295705 0.744718 -0.603629 -0.284653 0.71675 -0.600909 -0.353805 0.729689 -0.592976 -0.34049 0.700971 -0.576748 -0.419525 0.712727 -0.571163 -0.407178 0.690135 -0.538932 -0.482976 0.698362 -0.536161 -0.474154 0.812627 -0.542163 -0.213767 0.82284 -0.530975 -0.202484 0.808767 -0.556662 -0.189795 0.818089 -0.546241 -0.179863 0.804765 -0.566491 -0.177319 0.811425 -0.559066 -0.170394 0.800695 -0.571377 -0.180046 0.804973 -0.566728 -0.17561 0.795638 -0.57352 -0.195024 0.799475 -0.569526 -0.190996 0.787654 -0.57183 -0.229374 0.792537 -0.567159 -0.224091 0.778356 -0.567411 -0.268712 0.784413 -0.562203 -0.261962 0.768203 -0.554688 -0.319663 0.774576 -0.550007 -0.31229 0.759014 -0.529676 -0.378605 0.764617 -0.526397 -0.371844 0.753159 -0.492523 -0.436087 0.756849 -0.490949 -0.431449 0.854759 -0.483984 -0.187472 0.867785 -0.46684 -0.170324 0.84851 -0.502016 -0.167365 0.859761 -0.487128 -0.153352 0.842835 -0.514297 -0.158517 0.850883 -0.503817 -0.148883 0.837785 -0.521035 -0.163217 0.843007 -0.514463 -0.157056 0.832918 -0.524108 -0.177649 0.836661 -0.519611 -0.173216 0.826571 -0.522713 -0.208688 0.829932 -0.518992 -0.204598 0.819934 -0.518021 -0.243644 0.823285 -0.514658 -0.239434 0.812658 -0.505797 -0.289406 0.815889 -0.502999 -0.285161 0.805966 -0.48265 -0.342736 0.808699 -0.480749 -0.338949 0.801862 -0.448381 -0.394933 0.803586 -0.44751 -0.392408 0.890957 -0.425532 -0.158487 0.903325 -0.405798 -0.139035 0.885485 -0.442434 -0.142016 0.894846 -0.427558 -0.128239 0.881242 -0.452516 -0.136536 0.887078 -0.443428 -0.128316 0.877196 -0.458313 -0.143098 0.881114 -0.452418 -0.137677 0.873373 -0.460939 -0.157334 0.876014 -0.457144 -0.153682 0.868685 -0.459323 -0.185495 0.870374 -0.45708 -0.183106 0.863786 -0.454991 -0.216464 0.865209 -0.453267 -0.214391 0.858052 -0.44472 -0.256849 0.859242 -0.443464 -0.255035 0.852654 -0.425193 -0.303631 0.853291 -0.42465 -0.302601 0.849515 -0.395715 -0.348905 0.849681 -0.395613 -0.348615 0.919354 -0.371127 -0.130585 0.928795 -0.352959 -0.112957 0.916452 -0.382241 -0.118351 0.921736 -0.372156 -0.109099 0.914339 -0.387813 -0.116558 0.91713 -0.382575 -0.111846 0.912129 -0.390692 -0.124023 0.91386 -0.387537 -0.121141 0.909838 -0.391454 -0.137691 0.910806 -0.389762 -0.136081 0.90648 -0.389321 -0.163471 0.906789 -0.38882 -0.162949 0.902634 -0.385799 -0.190816 0.902895 -0.38541 -0.190365 0.897684 -0.378155 -0.226191 0.897547 -0.378334 -0.226434 0.891601 -0.365313 -0.267571 0.891819 -0.36508 -0.267163 0.887105 -0.344548 -0.307134 0.887298 -0.344402 -0.30674 0.940509 -0.322479 -0.107003 0.946201 -0.309466 -0.0945263 0.939825 -0.326446 -0.100803 0.941436 -0.322802 -0.0974521 0.939313 -0.327572 -0.101922 0.939816 -0.326443 -0.100898 0.938544 -0.327295 -0.109603 0.938553 -0.327275 -0.109585 0.937409 -0.32597 -0.122505 0.937079 -0.326669 -0.123171 0.934802 -0.323631 -0.146315 0.934373 -0.324474 -0.147183 0.93168 -0.320728 -0.170604 0.931172 -0.32165 -0.171637 0.926755 -0.316235 -0.202783 0.926224 -0.317093 -0.203865 0.920126 -0.309965 -0.239355 0.919882 -0.310301 -0.239856 0.913043 -0.301213 -0.274998 0.913855 -0.300373 -0.273212 0.556818 -0.0355289 0.829874 0.138618 -0.193741 0.97121 0.68213 -0.0851772 0.726253 0.552235 -0.160296 0.818133 0.717955 -0.135782 0.682718 0.677508 -0.165526 0.716648 0.720289 -0.189096 0.667403 0.713207 -0.194936 0.673302 0.70453 -0.243139 0.666724 0.715832 -0.233444 0.658095 0.67736 -0.310476 0.666924 0.698675 -0.292113 0.653088 0.646516 -0.371877 0.666127 0.672144 -0.350248 0.652341 0.615529 -0.437885 0.655271 0.6407 -0.41715 0.644584 0.595799 -0.498055 0.630051 0.610286 -0.486272 0.625372 0.599441 -0.541095 0.589819 0.592826 -0.546593 0.591434 0.575713 -0.161931 0.801457 0.348848 -0.268321 0.897947 0.6825 -0.141146 0.717127 0.571233 -0.210531 0.793328 0.72128 -0.15604 0.674838 0.678465 -0.188457 0.710049 0.726479 -0.191142 0.66007 0.717463 -0.198729 0.667647 0.71432 -0.233958 0.659553 0.723002 -0.226346 0.652714 0.69032 -0.295392 0.660456 0.709357 -0.278511 0.647491 0.662271 -0.35442 0.66014 0.685697 -0.333914 0.646778 0.633062 -0.420571 0.649887 0.656938 -0.400016 0.639077 0.611191 -0.485844 0.624821 0.62798 -0.47153 0.619113 0.603823 -0.541022 0.585401 0.608121 -0.537323 0.584357 0.625978 -0.2261 0.746344 0.529362 -0.282954 0.799821 0.690663 -0.186609 0.698686 0.625244 -0.231521 0.745297 0.722283 -0.177756 0.668364 0.688734 -0.203855 0.695765 0.728784 -0.195413 0.656267 0.719712 -0.203086 0.663905 0.721018 -0.227016 0.654674 0.726048 -0.22258 0.650625 0.70194 -0.2814 0.65429 0.716613 -0.268175 0.643854 0.677551 -0.337366 0.653536 0.697711 -0.319225 0.641322 0.651011 -0.402719 0.64343 0.672592 -0.383425 0.632934 0.628569 -0.471243 0.618734 0.646116 -0.455622 0.612325 0.615311 -0.533564 0.58026 0.625425 -0.524522 0.577685 0.692896 -0.243444 0.678698 0.660705 -0.267101 0.701517 0.720269 -0.20727 0.662006 0.695606 -0.22655 0.681768 0.735866 -0.190977 0.649638 0.720764 -0.203477 0.662644 0.740235 -0.196877 0.642878 0.734655 -0.201734 0.647754 0.735674 -0.219326 0.640843 0.738119 -0.217118 0.63878 0.721292 -0.266354 0.63937 0.731758 -0.256613 0.631412 0.702292 -0.317258 0.637286 0.717429 -0.303014 0.627279 0.680052 -0.379919 0.62705 0.697749 -0.363151 0.617469 0.659554 -0.448758 0.602997 0.675524 -0.433538 0.596416 0.646883 -0.512654 0.56456 0.656556 -0.503344 0.561765 0.751703 -0.237427 0.615281 0.749684 -0.239237 0.617041 0.758515 -0.207036 0.617892 0.756509 -0.20884 0.619742 0.762361 -0.190785 0.618391 0.760538 -0.192441 0.620119 0.762772 -0.192757 0.617271 0.762044 -0.193434 0.617958 0.758877 -0.209902 0.616479 0.76115 -0.207729 0.61441 0.748239 -0.250046 0.614504 0.755412 -0.242959 0.608542 0.733764 -0.29576 0.611651 0.744747 -0.284684 0.603578 0.716921 -0.353647 0.600797 0.729681 -0.340516 0.592971 0.70094 -0.419543 0.576773 0.712902 -0.406977 0.571087 0.690224 -0.482961 0.538832 0.698326 -0.474272 0.536103 0.812674 -0.213733 0.542107 0.822802 -0.202543 0.531011 0.808729 -0.18982 0.55671 0.818142 -0.179791 0.546185 0.804751 -0.177314 0.566512 0.811388 -0.170414 0.559115 0.800653 -0.180062 0.571431 0.804959 -0.175596 0.566751 0.79579 -0.194923 0.573344 0.799423 -0.191108 0.569562 0.787707 -0.229375 0.571756 0.792695 -0.223976 0.566983 0.778307 -0.268778 0.567447 0.78447 -0.26191 0.562148 0.768119 -0.319731 0.554766 0.774535 -0.312309 0.550053 0.75922 -0.378375 0.529544 0.764526 -0.371972 0.526438 0.753161 -0.436174 0.492443 0.757046 -0.431289 0.490787 0.854722 -0.18753 0.484028 0.867794 -0.170321 0.466823 0.848502 -0.167321 0.502045 0.859737 -0.153329 0.487177 0.842873 -0.158507 0.514237 0.85086 -0.148946 0.503837 0.837784 -0.163199 0.521041 0.843053 -0.156984 0.51441 0.832812 -0.177779 0.524231 0.836657 -0.173226 0.519613 0.826581 -0.208639 0.522718 0.829827 -0.20469 0.519123 0.819961 -0.243607 0.517996 0.823284 -0.239431 0.514661 0.812682 -0.289387 0.50577 0.815924 -0.285127 0.502962 0.805913 -0.342839 0.482665 0.808718 -0.338953 0.480714 0.801813 -0.394965 0.448441 0.80354 -0.392435 0.447568 0.890951 -0.158492 0.425543 0.903338 -0.13901 0.405778 0.885556 -0.141953 0.442313 0.894832 -0.128297 0.427569 0.881171 -0.136616 0.45263 0.887155 -0.128187 0.44331 0.877205 -0.143045 0.458311 0.881046 -0.137733 0.452534 0.873412 -0.157324 0.46087 0.876013 -0.153727 0.457132 0.868677 -0.185538 0.459321 0.870413 -0.183081 0.457015 0.863701 -0.216515 0.455128 0.865219 -0.214302 0.453288 0.858115 -0.256791 0.444632 0.859124 -0.255253 0.443568 0.852722 -0.303587 0.425088 0.853355 -0.302563 0.424549 0.849487 -0.348922 0.395759 0.849764 -0.34844 0.395589 0.919373 -0.130558 0.371091 0.928806 -0.112942 0.352936 0.916421 -0.118413 0.382298 0.921753 -0.109077 0.37212 0.914369 -0.116458 0.387771 0.917105 -0.111838 0.382635 0.912118 -0.124052 0.390707 0.913884 -0.121113 0.387489 0.909838 -0.137728 0.39144 0.910793 -0.136142 0.389772 0.906491 -0.16346 0.389301 0.906792 -0.162951 0.388812 0.902726 -0.19068 0.38565 0.902903 -0.190375 0.385387 0.897622 -0.226362 0.378201 0.897643 -0.226324 0.378173 0.89154 -0.267645 0.365407 0.891768 -0.267219 0.365163 0.887146 -0.307006 0.344557 0.887233 -0.306829 0.344491 0.940499 -0.107001 0.322511 0.946201 -0.0945 0.309472 0.939825 -0.10079 0.326452 0.941425 -0.0974619 0.322832 0.939314 -0.101907 0.327572 0.939815 -0.100889 0.326449 0.938609 -0.109554 0.327124 0.938543 -0.109689 0.327271 0.937383 -0.122564 0.326022 0.937154 -0.123025 0.326507 0.934762 -0.146345 0.323733 0.934356 -0.147167 0.324532 0.931726 -0.17058 0.320606 0.931103 -0.171849 0.321739 0.92674 -0.202762 0.316292 0.926303 -0.203653 0.316999 0.920122 -0.239368 0.309966 0.919845 -0.239938 0.310348 0.913041 -0.275013 0.301206 0.913843 -0.273248 0.300376 0.138621 -0.970963 0.194977 0.554738 -0.831259 0.0356873 0.350354 -0.901547 0.253901 0.539345 -0.825415 0.166725 0.533904 -0.806389 0.254329 0.595148 -0.77315 0.219177 0.667346 -0.708538 0.229397 0.676153 -0.702181 0.223069 0.756808 -0.623075 0.197533 0.746903 -0.632128 0.206279 0.829018 -0.534902 0.163122 0.817257 -0.548706 0.176104 0.872396 -0.469321 0.136617 0.862782 -0.482994 0.149412 0.906161 -0.407072 0.114739 0.900126 -0.417474 0.124451 0.930068 -0.353443 0.100254 0.927643 -0.358426 0.104923 0.946216 -0.309471 0.0943541 0.947045 -0.307496 0.092482 0.551391 -0.815578 0.175502 0.703758 -0.705613 0.0826712 0.533764 -0.813189 0.23199 0.654628 -0.738958 0.159382 0.591632 -0.767743 0.246055 0.648052 -0.732157 0.209702 0.674864 -0.700701 0.231468 0.686257 -0.692308 0.223072 0.747029 -0.632243 0.205468 0.73869 -0.639622 0.21265 0.817805 -0.549104 0.172277 0.805803 -0.562568 0.18493 0.863281 -0.483296 0.1455 0.853317 -0.496848 0.158091 0.900385 -0.417604 0.122118 0.893773 -0.428583 0.132235 0.927613 -0.358413 0.105229 0.92449 -0.364685 0.111011 0.946809 -0.307416 0.0951241 0.946189 -0.308893 0.0964981 0.700098 -0.692454 0.174273 0.756771 -0.641119 0.127529 0.649799 -0.728746 0.216081 0.709045 -0.683829 0.172143 0.644866 -0.727056 0.235664 0.683666 -0.699607 0.207726 0.685211 -0.690996 0.230239 0.695993 -0.68286 0.222027 0.738875 -0.639811 0.211436 0.733912 -0.6441 0.215661 0.806345 -0.56302 0.181155 0.795935 -0.574208 0.191761 0.853763 -0.497162 0.154657 0.844213 -0.509576 0.166242 0.894018 -0.428725 0.130106 0.887137 -0.439692 0.140209 0.924486 -0.364683 0.111047 0.920803 -0.371864 0.117641 0.94603 -0.308837 0.0982217 0.944588 -0.31222 0.101349 0.752969 -0.62912 0.192992 0.773851 -0.60938 0.172657 0.704767 -0.674366 0.220304 0.727369 -0.656104 0.201148 0.680359 -0.693867 0.235925 0.697525 -0.681154 0.222458 0.694195 -0.680311 0.235098 0.700754 -0.675341 0.229908 0.733053 -0.643068 0.221576 0.730516 -0.6452 0.223748 0.795548 -0.573819 0.194512 0.787681 -0.581887 0.2024 0.843905 -0.509312 0.168601 0.83544 -0.519748 0.178612 0.886788 -0.439447 0.143155 0.880185 -0.44944 0.152572 0.920334 -0.371611 0.122025 0.916407 -0.378931 0.128876 0.944008 -0.311996 0.107276 0.94235 -0.315752 0.110802 0.770373 -0.598606 0.219534 0.772059 -0.597081 0.217762 0.723777 -0.647472 0.238593 0.725955 -0.645755 0.236621 0.694392 -0.674914 0.24962 0.696458 -0.673413 0.247915 0.698298 -0.671175 0.248805 0.699221 -0.670493 0.24805 0.728653 -0.642433 0.237368 0.726233 -0.644388 0.239477 0.786389 -0.580224 0.211972 0.779823 -0.586609 0.218553 0.8344 -0.518593 0.18665 0.827225 -0.526931 0.195046 0.879205 -0.448566 0.160582 0.873461 -0.456758 0.168637 0.915365 -0.378244 0.13798 0.911893 -0.384365 0.143925 0.941225 -0.315265 0.121255 0.939577 -0.318818 0.124697 0.767979 -0.584018 0.262929 0.755333 -0.594127 0.27656 0.721736 -0.634424 0.276774 0.707591 -0.64442 0.289892 0.692315 -0.663711 0.283175 0.681458 -0.670911 0.292392 0.695395 -0.662343 0.278798 0.68863 -0.666963 0.284515 0.722871 -0.637841 0.265738 0.717352 -0.641976 0.27069 0.777026 -0.581679 0.240584 0.771594 -0.586565 0.246141 0.824637 -0.523029 0.215441 0.819668 -0.528351 0.221335 0.870906 -0.453762 0.188741 0.867242 -0.45857 0.193918 0.909315 -0.382249 0.164415 0.907042 -0.385937 0.168309 0.93698 -0.317546 0.145713 0.935891 -0.319708 0.147967 0.751999 -0.582301 0.308906 0.727932 -0.598634 0.334295 0.704032 -0.633222 0.32151 0.680097 -0.647721 0.343404 0.677694 -0.65972 0.324808 0.659965 -0.670002 0.339917 0.684901 -0.656121 0.316884 0.674029 -0.662751 0.32626 0.713822 -0.63203 0.301657 0.707081 -0.636591 0.307877 0.768406 -0.578068 0.274572 0.763813 -0.581823 0.279413 0.816542 -0.521388 0.247817 0.812962 -0.524878 0.252182 0.864075 -0.453392 0.218656 0.86157 -0.45639 0.222274 0.903803 -0.382529 0.191866 0.902546 -0.384394 0.194042 0.932639 -0.317868 0.170719 0.931938 -0.319144 0.172159 0.724412 -0.58358 0.366964 0.688764 -0.602825 0.402749 0.676123 -0.631533 0.379505 0.646131 -0.646178 0.406164 0.655597 -0.651897 0.381081 0.637043 -0.660788 0.396906 0.669734 -0.64388 0.369965 0.658626 -0.649607 0.379768 0.703018 -0.618208 0.351546 0.696462 -0.622013 0.357827 0.760056 -0.56514 0.320829 0.757012 -0.567304 0.324191 0.808961 -0.510723 0.29111 0.807047 -0.512347 0.293556 0.857168 -0.445665 0.258158 0.85595 -0.446938 0.259992 0.897729 -0.377467 0.227159 0.897199 -0.378158 0.228101 0.926818 -0.315643 0.203416 0.926804 -0.315666 0.203446 0.685558 -0.584135 0.434508 0.641648 -0.601728 0.475617 0.64215 -0.62205 0.447992 0.617297 -0.631283 0.469495 0.632816 -0.631838 0.447576 0.620302 -0.63651 0.458345 0.654683 -0.618828 0.434099 0.647673 -0.621693 0.440474 0.692832 -0.591202 0.412873 0.689533 -0.592738 0.41618 0.753611 -0.538639 0.376748 0.752716 -0.539157 0.377796 0.803165 -0.487421 0.342561 0.802655 -0.487772 0.343254 0.851232 -0.427272 0.3047 0.851484 -0.427058 0.304296 0.891453 -0.365457 0.267868 0.891204 -0.365723 0.268333 0.920142 -0.309768 0.239547 0.920023 -0.309932 0.239792 0.63945 -0.578431 0.506478 0.600165 -0.589374 0.540777 0.614683 -0.596799 0.515747 0.603786 -0.599741 0.525122 0.617969 -0.595912 0.512838 0.614642 -0.596824 0.515768 0.645746 -0.578664 0.498157 0.645881 -0.578623 0.498028 0.687837 -0.549446 0.474331 0.689308 -0.548939 0.47278 0.751088 -0.498774 0.432541 0.752629 -0.498109 0.430624 0.800517 -0.451768 0.3938 0.801544 -0.451247 0.392305 0.848588 -0.397317 0.349339 0.849406 -0.396814 0.34792 0.886933 -0.344971 0.307157 0.887111 -0.344836 0.306793 0.913904 -0.300322 0.273105 0.913043 -0.301213 0.274998 0.998099 -0.0602806 0.0128409 0.99812 -0.0128408 0.0599322 0.99583 -0.0842421 0.0350153 0.996438 -0.0605386 0.0587091 0.993797 -0.0940796 0.0593068 0.994027 -0.0846372 0.0688917 0.99177 -0.0962978 0.0843758 0.991782 -0.0945756 0.0861648 0.989654 -0.094145 0.108271 0.989705 -0.0968536 0.10537 0.986348 -0.0901534 0.137802 0.986633 -0.0950224 0.132383 0.982607 -0.0858646 0.164652 0.983149 -0.0911661 0.158454 0.97712 -0.0826006 0.195993 0.977899 -0.0875101 0.189885 0.969669 -0.0825848 0.230046 0.970276 -0.0852148 0.226501 0.960375 -0.0878452 0.264505 0.959995 -0.0866718 0.266265 0.996077 -0.0644923 0.0605933 0.995382 -0.0349974 0.0893849 0.994628 -0.0851468 0.0588632 0.994764 -0.0645574 0.0792231 0.993043 -0.0954861 0.0688993 0.993203 -0.0853624 0.0791224 0.991424 -0.0982718 0.0861506 0.991439 -0.0958519 0.0886631 0.989743 -0.0964605 0.105373 0.989776 -0.0987389 0.102924 0.986838 -0.0928453 0.132403 0.987067 -0.0973092 0.127398 0.983362 -0.0887838 0.158481 0.983844 -0.093893 0.152433 0.97805 -0.0857475 0.18991 0.97878 -0.0905427 0.183824 0.970256 -0.085461 0.226496 0.970996 -0.0886643 0.222047 0.959787 -0.0891129 0.266209 0.960072 -0.0899545 0.264897 0.993076 -0.0750296 0.0903964 0.992657 -0.0592445 0.105464 0.992905 -0.0883506 0.0795895 0.992879 -0.0750314 0.0925249 0.992173 -0.0965411 0.0792024 0.992251 -0.0884157 0.0872929 0.991124 -0.0990504 0.0886671 0.991137 -0.0967436 0.0910351 0.989837 -0.0981312 0.102926 0.98985 -0.0993993 0.101575 0.987261 -0.0953016 0.127407 0.987418 -0.0989316 0.123361 0.984036 -0.0918294 0.152446 0.984419 -0.0963703 0.14708 0.978906 -0.0891433 0.183837 0.979554 -0.0936976 0.17803 0.970989 -0.0887533 0.222045 0.971786 -0.0923029 0.217051 0.95992 -0.0916703 0.26486 0.960567 -0.0935738 0.26183 0.990109 -0.0911403 0.106663 0.990009 -0.0842291 0.11308 0.9909 -0.0972334 0.0930736 0.99092 -0.0911594 0.0988316 0.991023 -0.101096 0.0874793 0.991071 -0.0972224 0.0912523 0.990537 -0.102667 0.0910838 0.990551 -0.101174 0.0925846 0.98956 -0.102229 0.101588 0.989562 -0.102926 0.10086 0.987273 -0.100363 0.123366 0.987357 -0.10298 0.120501 0.984291 -0.0976599 0.147081 0.984559 -0.101468 0.142646 0.979365 -0.0956596 0.178024 0.979877 -0.099688 0.172927 0.97146 -0.0957553 0.217015 0.972186 -0.0991917 0.212169 0.96004 -0.0991403 0.261714 0.960724 -0.101196 0.258395 0.98748 -0.108712 0.114305 0.987484 -0.108034 0.114914 0.989017 -0.109324 0.0994643 0.989027 -0.10879 0.0999554 0.989716 -0.109909 0.0915547 0.98973 -0.109301 0.0921292 0.989585 -0.110095 0.0927433 0.989588 -0.109927 0.0929077 0.988824 -0.109696 0.100963 0.988819 -0.110287 0.100366 0.986794 -0.108153 0.120582 0.986834 -0.110398 0.118197 0.984036 -0.106334 0.142713 0.984193 -0.109309 0.139338 0.979287 -0.105247 0.172972 0.979648 -0.1086 0.168808 0.971436 -0.106327 0.212148 0.972008 -0.109306 0.207972 0.959725 -0.110692 0.258214 0.960356 -0.112659 0.255 0.984264 -0.132883 0.116477 0.984094 -0.137485 0.112505 0.98649 -0.129075 0.100882 0.986315 -0.133054 0.0973654 0.987643 -0.126346 0.092723 0.987519 -0.129078 0.0902458 0.987788 -0.124737 0.0933613 0.987724 -0.126337 0.0918716 0.987227 -0.123413 0.100761 0.987185 -0.124877 0.0993508 0.985387 -0.122267 0.118593 0.985379 -0.124074 0.116767 0.982723 -0.12138 0.139725 0.982782 -0.12352 0.13741 0.978007 -0.122046 0.169139 0.978165 -0.124042 0.166753 0.970054 -0.125248 0.208104 0.970341 -0.127005 0.205691 0.957973 -0.132009 0.25468 0.958309 -0.133139 0.252819 0.981128 -0.156222 0.11394 0.980558 -0.164306 0.107287 0.983783 -0.149993 0.09835 0.983304 -0.156473 0.0928938 0.985143 -0.14561 0.0910582 0.984823 -0.150031 0.087261 0.985405 -0.142789 0.0926726 0.985222 -0.145605 0.0902054 0.984922 -0.141032 0.100189 0.984823 -0.142902 0.0985052 0.983104 -0.140168 0.117726 0.983058 -0.141644 0.116337 0.980438 -0.139959 0.138394 0.980435 -0.141418 0.136924 0.975675 -0.141276 0.167627 0.975742 -0.142737 0.165991 0.967602 -0.145704 0.206196 0.967731 -0.14671 0.204874 0.955208 -0.154213 0.252578 0.955359 -0.154772 0.251664 0.976805 -0.184252 0.109099 0.97554 -0.195642 0.10023 0.979753 -0.17658 0.0943632 0.978869 -0.184564 0.0880399 0.981072 -0.172108 0.0887471 0.980586 -0.176653 0.0851145 0.981298 -0.169151 0.0918841 0.981004 -0.172109 0.0894979 0.980756 -0.167416 0.100447 0.980595 -0.169237 0.0989537 0.978828 -0.166773 0.118672 0.97875 -0.167908 0.117708 0.976056 -0.166981 0.139398 0.976019 -0.167844 0.13862 0.971181 -0.168763 0.168303 0.971181 -0.169546 0.167517 0.962849 -0.174046 0.206472 0.962869 -0.174314 0.206148 0.950206 -0.183766 0.25167 0.950251 -0.183961 0.251357 0.970828 -0.216781 0.102461 0.968775 -0.229872 0.0929167 0.97341 -0.210476 0.0904067 0.972394 -0.217092 0.0855695 0.974338 -0.207224 0.0878845 0.973841 -0.210541 0.0854737 0.97431 -0.205219 0.0927699 0.974026 -0.207196 0.0913401 0.973517 -0.204171 0.102852 0.973377 -0.205216 0.102095 0.971282 -0.203984 0.122486 0.971235 -0.204376 0.122197 0.968282 -0.204292 0.14386 0.968252 -0.204596 0.143627 0.963114 -0.206241 0.172845 0.963128 -0.20603 0.173021 0.954787 -0.210256 0.210176 0.954787 -0.210428 0.210004 0.942574 -0.21894 0.252228 0.942593 -0.219058 0.252057 0.962707 -0.253046 0.0957275 0.960365 -0.264477 0.0880444 0.964082 -0.250119 0.0893702 0.963457 -0.253231 0.0873205 0.96429 -0.249067 0.0900565 0.964081 -0.250119 0.089379 0.96364 -0.249051 0.0968059 0.963661 -0.248946 0.0968722 0.962296 -0.249374 0.108624 0.962392 -0.248867 0.108938 0.959533 -0.249694 0.130189 0.959645 -0.249062 0.130577 0.956074 -0.250199 0.15272 0.956184 -0.249523 0.153135 0.950525 -0.251048 0.182969 0.950629 -0.250312 0.183432 0.942689 -0.251988 0.218724 0.942682 -0.252055 0.218677 0.932659 -0.254568 0.255621 0.932659 -0.255709 0.25448 -0.556818 -0.0356764 -0.829868 -0.138591 -0.193916 -0.971179 -0.682074 -0.0850549 -0.72632 -0.552247 -0.160126 -0.818158 -0.717912 -0.135783 -0.682763 -0.677448 -0.165538 -0.716702 -0.720231 -0.18912 -0.667459 -0.713163 -0.194949 -0.673345 -0.704369 -0.243305 -0.666834 -0.715766 -0.233531 -0.658135 -0.677537 -0.3103 -0.666827 -0.69852 -0.292221 -0.653205 -0.646567 -0.371952 -0.666035 -0.672297 -0.350234 -0.652191 -0.615856 -0.437653 -0.655119 -0.640762 -0.417129 -0.644536 -0.595734 -0.498085 -0.630089 -0.610615 -0.485978 -0.62528 -0.599158 -0.54131 -0.589909 -0.592761 -0.546625 -0.591469 -0.575576 -0.162114 -0.801518 -0.348884 -0.268436 -0.897899 -0.68263 -0.140967 -0.717039 -0.571115 -0.210494 -0.793423 -0.721337 -0.156027 -0.67478 -0.678588 -0.188397 -0.709947 -0.72666 -0.191089 -0.659886 -0.717513 -0.19879 -0.667576 -0.714399 -0.233996 -0.659454 -0.723181 -0.226293 -0.652534 -0.690314 -0.295442 -0.660439 -0.70944 -0.278478 -0.647414 -0.662203 -0.354498 -0.660165 -0.685694 -0.333939 -0.646769 -0.632997 -0.420607 -0.649926 -0.656875 -0.400052 -0.63912 -0.611573 -0.485524 -0.624696 -0.627912 -0.471589 -0.619137 -0.603758 -0.541055 -0.585437 -0.608498 -0.536975 -0.584285 -0.626075 -0.226147 -0.746249 -0.529645 -0.282914 -0.799647 -0.690758 -0.186561 -0.698605 -0.625354 -0.231468 -0.745221 -0.722344 -0.177706 -0.668311 -0.688832 -0.203781 -0.695689 -0.728848 -0.195467 -0.656181 -0.719761 -0.203154 -0.663832 -0.720863 -0.227075 -0.654824 -0.726133 -0.222429 -0.650582 -0.701788 -0.281458 -0.654427 -0.716459 -0.268242 -0.643997 -0.677549 -0.33739 -0.653525 -0.697548 -0.319399 -0.641414 -0.651011 -0.402726 -0.643426 -0.672591 -0.383432 -0.63293 -0.628176 -0.47146 -0.618967 -0.646133 -0.455481 -0.612413 -0.615659 -0.533227 -0.5802 -0.625038 -0.524842 -0.577814 -0.692906 -0.243464 -0.67868 -0.660766 -0.267084 -0.701466 -0.720332 -0.207219 -0.661953 -0.695622 -0.226538 -0.681756 -0.736003 -0.1909 -0.649505 -0.720821 -0.203468 -0.662584 -0.740039 -0.197016 -0.643061 -0.734802 -0.201574 -0.647637 -0.735639 -0.219217 -0.64092 -0.737935 -0.217145 -0.638984 -0.721494 -0.266282 -0.639171 -0.731692 -0.256787 -0.631416 -0.702082 -0.317453 -0.637421 -0.717644 -0.302808 -0.627132 -0.680052 -0.379926 -0.627046 -0.697537 -0.363363 -0.617584 -0.659572 -0.448616 -0.603082 -0.675539 -0.433398 -0.5965 -0.646608 -0.512922 -0.564632 -0.65657 -0.503335 -0.561756 -0.751703 -0.237427 -0.615281 -0.749435 -0.23946 -0.617257 -0.758414 -0.207064 -0.618007 -0.756521 -0.208765 -0.619753 -0.762191 -0.190847 -0.618581 -0.760441 -0.192436 -0.62024 -0.762783 -0.192644 -0.617292 -0.761875 -0.193489 -0.618149 -0.759044 -0.209806 -0.616306 -0.761141 -0.2078 -0.614396 -0.748106 -0.250248 -0.614584 -0.755579 -0.242862 -0.608373 -0.733709 -0.295675 -0.611758 -0.744636 -0.284658 -0.603728 -0.71663 -0.353902 -0.600995 -0.729618 -0.34054 -0.593034 -0.701138 -0.4193 -0.576709 -0.712613 -0.407247 -0.571256 -0.690293 -0.482918 -0.538782 -0.698514 -0.474099 -0.536012 -0.812529 -0.213922 -0.54225 -0.822976 -0.20238 -0.530805 -0.808808 -0.189731 -0.556625 -0.818009 -0.17993 -0.546339 -0.804892 -0.177224 -0.566339 -0.811457 -0.170396 -0.55902 -0.80084 -0.179992 -0.57119 -0.805092 -0.175581 -0.566567 -0.795755 -0.194996 -0.573367 -0.799622 -0.190934 -0.569341 -0.787609 -0.229387 -0.571887 -0.792677 -0.223902 -0.567038 -0.778593 -0.268567 -0.567155 -0.784348 -0.262154 -0.562204 -0.768437 -0.319542 -0.554435 -0.774813 -0.312159 -0.549746 -0.759054 -0.378581 -0.529635 -0.764856 -0.371577 -0.526238 -0.753079 -0.436192 -0.492553 -0.756892 -0.431399 -0.490927 -0.854695 -0.187464 -0.484102 -0.867769 -0.170255 -0.466894 -0.848496 -0.167403 -0.502026 -0.85968 -0.153477 -0.487233 -0.842721 -0.158575 -0.514467 -0.850883 -0.148806 -0.50384 -0.837788 -0.163232 -0.521025 -0.84288 -0.157228 -0.51462 -0.832832 -0.177679 -0.524234 -0.836676 -0.173126 -0.519616 -0.826589 -0.20855 -0.52274 -0.829849 -0.204583 -0.51913 -0.81984 -0.243853 -0.518071 -0.823271 -0.239543 -0.51463 -0.812415 -0.289566 -0.506097 -0.81583 -0.285081 -0.503141 -0.805916 -0.342663 -0.482785 -0.808455 -0.339146 -0.48102 -0.801888 -0.394894 -0.448368 -0.803537 -0.39248 -0.447535 -0.89102 -0.158383 -0.425439 -0.903339 -0.139005 -0.405778 -0.885429 -0.142131 -0.44251 -0.894898 -0.128194 -0.427462 -0.881261 -0.136453 -0.452503 -0.887035 -0.128321 -0.443512 -0.877102 -0.143263 -0.45844 -0.881122 -0.137703 -0.452396 -0.873334 -0.157266 -0.461037 -0.875941 -0.153662 -0.457292 -0.868687 -0.185448 -0.459339 -0.870324 -0.183131 -0.457164 -0.863736 -0.216586 -0.455028 -0.865199 -0.214454 -0.453255 -0.858179 -0.256652 -0.444589 -0.859183 -0.255121 -0.443529 -0.852783 -0.303533 -0.425004 -0.853412 -0.302516 -0.424468 -0.8496 -0.348849 -0.395581 -0.849817 -0.348471 -0.395448 -0.91933 -0.130577 -0.371189 -0.928801 -0.112897 -0.352964 -0.916536 -0.118288 -0.382059 -0.921695 -0.109257 -0.372212 -0.914426 -0.116506 -0.387624 -0.917212 -0.1118 -0.382391 -0.912152 -0.124036 -0.390632 -0.913953 -0.121037 -0.38735 -0.90992 -0.137604 -0.391293 -0.910831 -0.13609 -0.3897 -0.90649 -0.163466 -0.3893 -0.906879 -0.162808 -0.388669 -0.902687 -0.190836 -0.385664 -0.902886 -0.190493 -0.385369 -0.897584 -0.226316 -0.378318 -0.897643 -0.226211 -0.378241 -0.891484 -0.267702 -0.365503 -0.891718 -0.267264 -0.365252 -0.887119 -0.307112 -0.344531 -0.887156 -0.307037 -0.344503 -0.940533 -0.106934 -0.322432 -0.946225 -0.0944512 -0.309413 -0.939788 -0.100956 -0.326507 -0.941449 -0.0975014 -0.32275 -0.939286 -0.101925 -0.327647 -0.939794 -0.100893 -0.326509 -0.938561 -0.109532 -0.327271 -0.938525 -0.109604 -0.327349 -0.937388 -0.122542 -0.326017 -0.93709 -0.123141 -0.326646 -0.934816 -0.146209 -0.323637 -0.934364 -0.147126 -0.324528 -0.93164 -0.170756 -0.320763 -0.931156 -0.171741 -0.321643 -0.926802 -0.202591 -0.316221 -0.926221 -0.203774 -0.31716 -0.920172 -0.239314 -0.30986 -0.919884 -0.239906 -0.310256 -0.91297 -0.275229 -0.301221 -0.913892 -0.273203 -0.300269 -0.138599 -0.970966 -0.194977 -0.554663 -0.831309 -0.0356954 -0.350403 -0.901529 -0.253896 -0.539407 -0.825376 -0.166718 -0.533842 -0.806426 -0.25434 -0.595085 -0.773195 -0.219189 -0.667412 -0.708491 -0.22935 -0.676153 -0.702181 -0.223069 -0.756754 -0.623135 -0.197551 -0.746908 -0.632133 -0.206244 -0.829063 -0.534837 -0.163105 -0.817305 -0.548641 -0.176085 -0.872345 -0.469378 -0.136742 -0.862849 -0.482884 -0.149383 -0.906159 -0.407071 -0.11476 -0.900048 -0.4176 -0.124593 -0.930097 -0.353383 -0.100197 -0.92763 -0.358452 -0.104948 -0.946245 -0.309414 -0.0942521 -0.947049 -0.307497 -0.0924351 -0.551259 -0.815657 -0.175545 -0.703733 -0.705638 -0.082675 -0.533823 -0.813147 -0.232004 -0.654687 -0.738902 -0.159402 -0.591565 -0.767781 -0.246096 -0.647987 -0.732202 -0.209746 -0.674859 -0.700695 -0.2315 -0.686252 -0.692302 -0.223104 -0.747023 -0.632238 -0.205504 -0.738685 -0.639617 -0.212685 -0.817854 -0.549039 -0.172251 -0.80579 -0.562573 -0.184971 -0.863357 -0.483194 -0.145389 -0.853318 -0.49685 -0.158078 -0.90032 -0.417737 -0.122146 -0.893784 -0.428589 -0.132147 -0.927602 -0.358441 -0.105234 -0.924477 -0.364715 -0.111018 -0.946813 -0.307418 -0.0950766 -0.946166 -0.308958 -0.0965096 -0.700046 -0.692511 -0.174252 -0.756719 -0.641182 -0.127518 -0.64986 -0.728696 -0.216066 -0.709162 -0.683722 -0.172082 -0.644804 -0.727106 -0.23568 -0.683606 -0.699661 -0.207742 -0.685205 -0.690989 -0.23028 -0.696066 -0.682793 -0.222006 -0.738881 -0.639817 -0.2114 -0.733783 -0.64422 -0.215739 -0.80633 -0.563025 -0.181204 -0.796047 -0.57408 -0.191682 -0.853761 -0.497161 -0.154671 -0.84416 -0.509641 -0.166314 -0.894015 -0.428723 -0.130126 -0.887135 -0.43969 -0.140227 -0.924472 -0.364712 -0.111074 -0.920784 -0.371899 -0.117674 -0.945992 -0.308896 -0.0983969 -0.944634 -0.312084 -0.101344 -0.752913 -0.629171 -0.193045 -0.773851 -0.60938 -0.172657 -0.704878 -0.674248 -0.220308 -0.727482 -0.65598 -0.201147 -0.680302 -0.693928 -0.23591 -0.69733 -0.681323 -0.222553 -0.694278 -0.680248 -0.235032 -0.70082 -0.675291 -0.229856 -0.732928 -0.643197 -0.221616 -0.730462 -0.645269 -0.223727 -0.795661 -0.573691 -0.194429 -0.787735 -0.581822 -0.202379 -0.843864 -0.509387 -0.168577 -0.835407 -0.519813 -0.178578 -0.886799 -0.439455 -0.143061 -0.880149 -0.449519 -0.152546 -0.920308 -0.371641 -0.122131 -0.916534 -0.378677 -0.128717 -0.94406 -0.311862 -0.107201 -0.942313 -0.315821 -0.110918 -0.770373 -0.598606 -0.219537 -0.772008 -0.597126 -0.217817 -0.723916 -0.647375 -0.238436 -0.725885 -0.645822 -0.236653 -0.694181 -0.675079 -0.24976 -0.696606 -0.673317 -0.24776 -0.698353 -0.671108 -0.248832 -0.699218 -0.670469 -0.248123 -0.728588 -0.642487 -0.237425 -0.726152 -0.644453 -0.239547 -0.786446 -0.580155 -0.21195 -0.779819 -0.5866 -0.218592 -0.834359 -0.518653 -0.186668 -0.827172 -0.527004 -0.195074 -0.879154 -0.448631 -0.160682 -0.873493 -0.456702 -0.168621 -0.915492 -0.377987 -0.137841 -0.911898 -0.384326 -0.143997 -0.941208 -0.315343 -0.12119 -0.939559 -0.318898 -0.124634 -0.767941 -0.584095 -0.26287 -0.755151 -0.594315 -0.276652 -0.721653 -0.634503 -0.276808 -0.707659 -0.644394 -0.289785 -0.692474 -0.663604 -0.283038 -0.681458 -0.670911 -0.292392 -0.695413 -0.662362 -0.278708 -0.688638 -0.666989 -0.284434 -0.722785 -0.637921 -0.26578 -0.717445 -0.641922 -0.270572 -0.777026 -0.581679 -0.240584 -0.771586 -0.586571 -0.246149 -0.824584 -0.523102 -0.215465 -0.819613 -0.528426 -0.221362 -0.870949 -0.453708 -0.188669 -0.867232 -0.458588 -0.193924 -0.909329 -0.382226 -0.164391 -0.90709 -0.38586 -0.168227 -0.936937 -0.317614 -0.145845 -0.935937 -0.319598 -0.147914 -0.751797 -0.582461 -0.309096 -0.727978 -0.59862 -0.334219 -0.704091 -0.63317 -0.321484 -0.679972 -0.647778 -0.343543 -0.677694 -0.65972 -0.324808 -0.659965 -0.670002 -0.339917 -0.684894 -0.6561 -0.316944 -0.674148 -0.662653 -0.326214 -0.713916 -0.631942 -0.301618 -0.70707 -0.636574 -0.307937 -0.768396 -0.578098 -0.274537 -0.763731 -0.581912 -0.279453 -0.81648 -0.521449 -0.247894 -0.813025 -0.524817 -0.252106 -0.864054 -0.453376 -0.218772 -0.861617 -0.456293 -0.222291 -0.903845 -0.382445 -0.191836 -0.902476 -0.384475 -0.194206 -0.932679 -0.317764 -0.170693 -0.931985 -0.319029 -0.17212 -0.724467 -0.583548 -0.366906 -0.688626 -0.602894 -0.402881 -0.675989 -0.631621 -0.379597 -0.646134 -0.646199 -0.406126 -0.655585 -0.651853 -0.381177 -0.637184 -0.660672 -0.396874 -0.669879 -0.643807 -0.369832 -0.658409 -0.649718 -0.379953 -0.703013 -0.618227 -0.351522 -0.696541 -0.621985 -0.357722 -0.759954 -0.565213 -0.320942 -0.757046 -0.56728 -0.324154 -0.809032 -0.510685 -0.290978 -0.806901 -0.512494 -0.293701 -0.857221 -0.445584 -0.258122 -0.856129 -0.446726 -0.259767 -0.897679 -0.37756 -0.227203 -0.897151 -0.378248 -0.228142 -0.926898 -0.315564 -0.203173 -0.926722 -0.315848 -0.203533 -0.685417 -0.584261 -0.434559 -0.641589 -0.60182 -0.475581 -0.642153 -0.622067 -0.447964 -0.617298 -0.631301 -0.46947 -0.632983 -0.631756 -0.447457 -0.620435 -0.636443 -0.458258 -0.654445 -0.618974 -0.434251 -0.647605 -0.621769 -0.440468 -0.692903 -0.591093 -0.41291 -0.689689 -0.592589 -0.416133 -0.753668 -0.538631 -0.376644 -0.752518 -0.539296 -0.377991 -0.802997 -0.487551 -0.34277 -0.802721 -0.487741 -0.343144 -0.851414 -0.427057 -0.304495 -0.851475 -0.427004 -0.304397 -0.891415 -0.365569 -0.267842 -0.891157 -0.365844 -0.268323 -0.920012 -0.30991 -0.239861 -0.920134 -0.309743 -0.239611 -0.639387 -0.578471 -0.506513 -0.599899 -0.589461 -0.540978 -0.614685 -0.596819 -0.515722 -0.603721 -0.599778 -0.525154 -0.618098 -0.595794 -0.512821 -0.614969 -0.596652 -0.515577 -0.645679 -0.578731 -0.498165 -0.64563 -0.578746 -0.498212 -0.68802 -0.549383 -0.474138 -0.689375 -0.548916 -0.472708 -0.750871 -0.498967 -0.432695 -0.752546 -0.498245 -0.430613 -0.800583 -0.451701 -0.393744 -0.801619 -0.451174 -0.392235 -0.848573 -0.397265 -0.349434 -0.849504 -0.396693 -0.347819 -0.886861 -0.344976 -0.307359 -0.887095 -0.344799 -0.306883 -0.914032 -0.300132 -0.272884 -0.912973 -0.301228 -0.275214 -0.998096 -0.0603284 -0.0128432 -0.998116 -0.0128407 -0.0599898 -0.99583 -0.0842416 -0.035009 -0.996438 -0.0605855 -0.058651 -0.993797 -0.0940682 -0.0593175 -0.994027 -0.0846364 -0.0688917 -0.99177 -0.0963449 -0.0843258 -0.991782 -0.0945591 -0.0861808 -0.989644 -0.0941301 -0.108371 -0.989697 -0.0969027 -0.105401 -0.986347 -0.090248 -0.137752 -0.986625 -0.0950024 -0.132461 -0.982602 -0.0858195 -0.164704 -0.983157 -0.0912577 -0.158346 -0.977121 -0.0825533 -0.196007 -0.9779 -0.0874628 -0.189901 -0.969701 -0.0825241 -0.229936 -0.970308 -0.085157 -0.226387 -0.960346 -0.087813 -0.264621 -0.959965 -0.0866374 -0.266385 -0.99608 -0.064397 -0.0606498 -0.995385 -0.0349975 -0.0893533 -0.994623 -0.0852436 -0.0588054 -0.99476 -0.0644627 -0.0793512 -0.993034 -0.0955842 -0.0688993 -0.993195 -0.0854601 -0.0791231 -0.991419 -0.0983061 -0.0861664 -0.991434 -0.0959492 -0.0886137 -0.989745 -0.0964128 -0.105405 -0.989779 -0.0987685 -0.102874 -0.986832 -0.0928004 -0.132481 -0.987061 -0.0972634 -0.127476 -0.983376 -0.0888254 -0.158374 -0.983848 -0.0938441 -0.152433 -0.978043 -0.0857978 -0.189924 -0.978773 -0.0905927 -0.18384 -0.970279 -0.0854962 -0.226381 -0.97102 -0.0887023 -0.221927 -0.959748 -0.0891821 -0.266326 -0.960031 -0.0900175 -0.265024 -0.993076 -0.0750615 -0.0903659 -0.992657 -0.0592445 -0.105464 -0.992893 -0.0883664 -0.0797191 -0.992866 -0.0750631 -0.092639 -0.992173 -0.0965411 -0.0792024 -0.992251 -0.0884317 -0.087277 -0.991127 -0.0990656 -0.0886176 -0.99114 -0.0967431 -0.0910023 -0.989837 -0.0981789 -0.102875 -0.98985 -0.0994178 -0.101555 -0.987251 -0.0953043 -0.127485 -0.98741 -0.0989822 -0.123384 -0.984039 -0.0918002 -0.152446 -0.984423 -0.0963669 -0.147051 -0.978912 -0.0890442 -0.183855 -0.979568 -0.0936593 -0.177972 -0.971017 -0.0887387 -0.221926 -0.971796 -0.092203 -0.217052 -0.959883 -0.0916862 -0.264987 -0.960531 -0.0935891 -0.261958 -0.990109 -0.091139 -0.106663 -0.990008 -0.0841802 -0.113124 -0.990896 -0.0971668 -0.0931852 -0.990915 -0.0911581 -0.0988812 -0.99103 -0.101046 -0.0874624 -0.991077 -0.0971555 -0.0912507 -0.990542 -0.102649 -0.0910509 -0.990557 -0.101124 -0.0925837 -0.989557 -0.102279 -0.101569 -0.989559 -0.102908 -0.100912 -0.987275 -0.100314 -0.123389 -0.987363 -0.103028 -0.120418 -0.984293 -0.0976869 -0.147052 -0.984556 -0.101421 -0.142703 -0.979368 -0.0957393 -0.177965 -0.979874 -0.0997222 -0.172925 -0.971455 -0.0958077 -0.217015 -0.972188 -0.0992786 -0.21212 -0.960013 -0.0990609 -0.261844 -0.960738 -0.101239 -0.258326 -0.987474 -0.108714 -0.114351 -0.987477 -0.108133 -0.114872 -0.98901 -0.109342 -0.0995144 -0.98902 -0.108791 -0.100021 -0.989722 -0.109857 -0.0915535 -0.989734 -0.109317 -0.0920639 -0.989583 -0.110114 -0.0927436 -0.989587 -0.109876 -0.0929752 -0.988831 -0.109592 -0.101013 -0.988825 -0.110305 -0.100293 -0.986802 -0.108177 -0.120498 -0.98684 -0.110294 -0.118249 -0.984036 -0.106252 -0.142769 -0.984199 -0.10933 -0.139278 -0.979298 -0.105157 -0.172969 -0.979658 -0.108508 -0.168808 -0.971448 -0.10631 -0.212099 -0.972007 -0.109216 -0.208025 -0.959733 -0.110789 -0.258144 -0.960335 -0.11267 -0.255072 -0.984255 -0.132986 -0.116435 -0.98409 -0.137433 -0.112597 -0.986476 -0.129129 -0.10095 -0.986298 -0.133157 -0.0973896 -0.98764 -0.126417 -0.0926596 -0.987517 -0.129132 -0.0901984 -0.987788 -0.124683 -0.0934289 -0.987719 -0.126408 -0.0918222 -0.987235 -0.12341 -0.100688 -0.987195 -0.124821 -0.0993288 -0.985376 -0.122296 -0.118649 -0.985368 -0.124077 -0.11685 -0.982717 -0.121493 -0.139668 -0.982774 -0.123552 -0.137441 -0.977998 -0.122106 -0.169143 -0.978161 -0.124155 -0.166694 -0.970026 -0.125375 -0.208159 -0.970304 -0.127081 -0.205815 -0.95796 -0.131965 -0.254752 -0.958336 -0.133228 -0.252672 -0.981122 -0.15619 -0.114033 -0.980546 -0.164357 -0.107311 -0.983802 -0.149865 -0.0983609 -0.983316 -0.156439 -0.0928249 -0.985156 -0.145554 -0.0910056 -0.984841 -0.149905 -0.0872691 -0.985393 -0.142903 -0.0926253 -0.985221 -0.14555 -0.090306 -0.984907 -0.141147 -0.100176 -0.984807 -0.143017 -0.0984925 -0.983097 -0.140146 -0.117807 -0.983047 -0.141757 -0.116291 -0.980443 -0.139897 -0.138419 -0.98044 -0.141386 -0.136919 -0.975681 -0.141309 -0.167564 -0.975744 -0.142676 -0.166032 -0.967582 -0.145666 -0.206317 -0.967722 -0.146761 -0.204877 -0.955263 -0.15411 -0.252434 -0.955417 -0.154679 -0.251503 -0.976808 -0.184228 -0.109117 -0.975533 -0.195697 -0.100188 -0.979745 -0.176657 -0.0943023 -0.978872 -0.184545 -0.0880548 -0.981074 -0.172089 -0.0887628 -0.980578 -0.176728 -0.0850544 -0.981299 -0.169092 -0.091984 -0.981001 -0.172089 -0.0895665 -0.980769 -0.167355 -0.10042 -0.980609 -0.169176 -0.0989259 -0.978847 -0.166705 -0.118609 -0.978769 -0.167846 -0.11764 -0.976062 -0.166949 -0.139393 -0.976027 -0.167781 -0.138643 -0.971167 -0.168795 -0.168352 -0.971167 -0.16953 -0.167615 -0.962849 -0.174042 -0.206471 -0.962871 -0.174325 -0.20613 -0.950244 -0.183791 -0.25151 -0.950278 -0.183939 -0.251275 -0.970833 -0.216782 -0.102413 -0.968798 -0.22976 -0.0929512 -0.973421 -0.210417 -0.0904183 -0.972396 -0.217092 -0.0855368 -0.974353 -0.207182 -0.0878136 -0.973859 -0.210483 -0.0854152 -0.974303 -0.205219 -0.0928409 -0.974026 -0.207154 -0.0914411 -0.97352 -0.204171 -0.10283 -0.973379 -0.205216 -0.102073 -0.971289 -0.203982 -0.122427 -0.971243 -0.204376 -0.122137 -0.968241 -0.204443 -0.143915 -0.968226 -0.2046 -0.143795 -0.963081 -0.206307 -0.172951 -0.963089 -0.206179 -0.173058 -0.95483 -0.210096 -0.210141 -0.95483 -0.210467 -0.209769 -0.942604 -0.21891 -0.252145 -0.942604 -0.218911 -0.252143 -0.962718 -0.252986 -0.095768 -0.96034 -0.264594 -0.0879655 -0.964107 -0.250036 -0.0893291 -0.963477 -0.253172 -0.0872635 -0.964242 -0.249263 -0.0900286 -0.964089 -0.250032 -0.0895333 -0.96363 -0.249048 -0.0969109 -0.963612 -0.249142 -0.0968514 -0.962318 -0.249303 -0.10859 -0.962401 -0.248867 -0.10886 -0.959498 -0.249845 -0.130156 -0.959649 -0.248989 -0.130681 -0.95606 -0.250155 -0.152878 -0.956139 -0.249673 -0.153174 -0.950625 -0.250717 -0.182901 -0.950691 -0.250258 -0.183189 -0.942693 -0.252155 -0.218514 -0.942739 -0.25172 -0.218816 -0.932618 -0.254612 -0.255726 -0.932618 -0.255907 -0.25443 -0.138561 -0.194996 0.970967 -0.55492 -0.0355866 0.831142 -0.350307 -0.253918 0.90156 -0.53934 -0.166741 0.825415 -0.533696 -0.254411 0.806501 -0.595034 -0.21921 0.773228 -0.667385 -0.229424 0.708493 -0.676186 -0.223099 0.702139 -0.756843 -0.197517 0.623037 -0.746886 -0.20631 0.632137 -0.829018 -0.163033 0.534929 -0.817132 -0.176149 0.548878 -0.872355 -0.136735 0.469361 -0.862961 -0.149242 0.482726 -0.90617 -0.114741 0.40705 -0.90005 -0.124589 0.417598 -0.930107 -0.100192 0.353359 -0.927649 -0.104925 0.35841 -0.946243 -0.0942511 0.309419 -0.947047 -0.0924349 0.307503 -0.551538 -0.175435 0.815493 -0.703663 -0.0827585 0.705698 -0.533747 -0.232035 0.813187 -0.654799 -0.159317 0.738821 -0.59152 -0.246127 0.767806 -0.647955 -0.20977 0.732223 -0.674898 -0.231479 0.700664 -0.68623 -0.223129 0.692316 -0.747016 -0.205475 0.632255 -0.738637 -0.212691 0.63967 -0.817663 -0.172447 0.549263 -0.805815 -0.184934 0.562549 -0.86345 -0.145407 0.483022 -0.853334 -0.158194 0.496786 -0.900322 -0.122139 0.417735 -0.893726 -0.132229 0.428684 -0.927622 -0.105204 0.358398 -0.924487 -0.111007 0.364693 -0.946811 -0.0950798 0.307423 -0.946176 -0.0964861 0.308935 -0.699991 -0.174343 0.692544 -0.756779 -0.127508 0.641114 -0.649986 -0.215938 0.728621 -0.708952 -0.17221 0.683909 -0.644779 -0.23562 0.727147 -0.683649 -0.207636 0.699651 -0.685182 -0.2303 0.691005 -0.696199 -0.221906 0.682689 -0.738838 -0.211365 0.639877 -0.733622 -0.215803 0.644382 -0.80635 -0.181209 0.562995 -0.796159 -0.191595 0.573953 -0.853802 -0.154593 0.497115 -0.84411 -0.166347 0.509713 -0.893959 -0.130195 0.42882 -0.887183 -0.140144 0.439619 -0.924478 -0.111101 0.364689 -0.920784 -0.117714 0.371888 -0.946005 -0.0983446 0.308874 -0.944603 -0.101384 0.312163 -0.75298 -0.192966 0.629115 -0.773828 -0.172664 0.609408 -0.704669 -0.220426 0.674429 -0.727493 -0.201084 0.655987 -0.680334 -0.235893 0.693902 -0.697235 -0.222636 0.681393 -0.694416 -0.234895 0.680155 -0.700777 -0.229861 0.675333 -0.732758 -0.221751 0.643345 -0.730615 -0.223585 0.645145 -0.795775 -0.194331 0.573566 -0.787645 -0.202487 0.581906 -0.843819 -0.168572 0.509464 -0.835394 -0.178534 0.519849 -0.886841 -0.143038 0.439379 -0.880212 -0.152496 0.449413 -0.920319 -0.122058 0.371637 -0.916493 -0.128734 0.378772 -0.944031 -0.107222 0.311943 -0.942323 -0.110855 0.315814 -0.770352 -0.219579 0.598618 -0.77212 -0.217719 0.597017 -0.723914 -0.238463 0.647367 -0.725865 -0.236697 0.645829 -0.694101 -0.249741 0.675169 -0.69638 -0.247861 0.673513 -0.698305 -0.248901 0.671132 -0.699372 -0.248028 0.670344 -0.728733 -0.237335 0.642355 -0.726122 -0.23961 0.644464 -0.786359 -0.212018 0.580248 -0.779848 -0.218543 0.58658 -0.834333 -0.186724 0.518673 -0.827165 -0.195109 0.527002 -0.879219 -0.160615 0.448528 -0.873477 -0.168668 0.456715 -0.915441 -0.137931 0.378078 -0.911928 -0.143948 0.384273 -0.94121 -0.1212 0.315333 -0.939531 -0.124706 0.318952 -0.768049 -0.262792 0.583988 -0.75519 -0.276651 0.594266 -0.72165 -0.276774 0.634522 -0.707643 -0.289763 0.644422 -0.692233 -0.283225 0.663775 -0.681497 -0.29234 0.670895 -0.695566 -0.278621 0.662237 -0.688522 -0.284576 0.667049 -0.722768 -0.265761 0.637948 -0.717439 -0.270543 0.641941 -0.777058 -0.240508 0.581667 -0.771554 -0.24614 0.586617 -0.824585 -0.215435 0.523113 -0.819651 -0.221288 0.528398 -0.870933 -0.188718 0.453719 -0.867293 -0.193863 0.458497 -0.90936 -0.164341 0.382172 -0.907062 -0.168279 0.385902 -0.936911 -0.145886 0.317671 -0.935948 -0.147878 0.319582 -0.751848 -0.309013 0.58244 -0.727779 -0.334393 0.598764 -0.704069 -0.321564 0.633153 -0.68024 -0.343364 0.647592 -0.677728 -0.324771 0.659703 -0.659789 -0.340057 0.670104 -0.684788 -0.316976 0.656195 -0.674064 -0.326224 0.662734 -0.713892 -0.301677 0.631941 -0.707163 -0.307889 0.636494 -0.768367 -0.274565 0.578122 -0.763649 -0.279538 0.581979 -0.816519 -0.247817 0.521424 -0.812962 -0.252154 0.524892 -0.864106 -0.218777 0.453275 -0.861777 -0.222142 0.456063 -0.903827 -0.191813 0.382497 -0.902393 -0.194295 0.384624 -0.93269 -0.17067 0.317743 -0.932007 -0.172073 0.318987 -0.724277 -0.366984 0.583734 -0.688547 -0.402836 0.603015 -0.67626 -0.379434 0.631429 -0.646407 -0.405978 0.646018 -0.655421 -0.381227 0.651989 -0.637044 -0.396899 0.660792 -0.669766 -0.369907 0.643881 -0.658396 -0.379938 0.64974 -0.703114 -0.351543 0.6181 -0.696739 -0.357654 0.621803 -0.75987 -0.321026 0.565278 -0.756916 -0.324287 0.567376 -0.808958 -0.291113 0.510725 -0.806909 -0.293731 0.512464 -0.857386 -0.257966 0.445357 -0.856148 -0.259832 0.446652 -0.897591 -0.227295 0.377713 -0.897122 -0.228128 0.378324 -0.926891 -0.203309 0.315497 -0.926807 -0.203481 0.315632 -0.68532 -0.434753 0.584232 -0.641598 -0.475673 0.601737 -0.642428 -0.447815 0.621891 -0.617165 -0.469677 0.631277 -0.632818 -0.447562 0.631847 -0.620372 -0.458272 0.636494 -0.654457 -0.434253 0.618959 -0.647575 -0.440509 0.621771 -0.693103 -0.412733 0.590981 -0.689726 -0.416121 0.592555 -0.753532 -0.37673 0.538761 -0.752498 -0.37794 0.539359 -0.803017 -0.342663 0.487592 -0.802593 -0.343239 0.487885 -0.851459 -0.304356 0.427065 -0.851495 -0.304299 0.427035 -0.89138 -0.267891 0.365617 -0.891251 -0.268132 0.365755 -0.92015 -0.239549 0.309742 -0.920091 -0.23967 0.309823 -0.63941 -0.506402 0.578542 -0.599975 -0.540824 0.589524 -0.614561 -0.515797 0.596882 -0.603915 -0.524956 0.599756 -0.61804 -0.512798 0.595873 -0.614738 -0.515706 0.596778 -0.645644 -0.498156 0.578779 -0.645654 -0.498146 0.578775 -0.688043 -0.474137 0.549356 -0.689488 -0.472612 0.548858 -0.75088 -0.432612 0.499024 -0.752383 -0.430745 0.498377 -0.800437 -0.393919 0.451806 -0.801674 -0.392119 0.451178 -0.848584 -0.349465 0.397214 -0.849512 -0.347855 0.396644 -0.886948 -0.307275 0.344828 -0.887152 -0.306859 0.344673 -0.913968 -0.273036 0.30019 -0.91297 -0.275229 0.301221 -0.998096 -0.0128404 0.0603299 -0.998117 -0.0599802 0.0128412 -0.995829 -0.0350132 0.0842515 -0.996437 -0.0586625 0.0605898 -0.993797 -0.0593125 0.0940739 -0.994027 -0.068881 0.0846478 -0.991769 -0.0843299 0.0963497 -0.991781 -0.0861812 0.0945675 -0.989643 -0.10837 0.0941438 -0.989696 -0.105411 0.0969077 -0.986347 -0.137748 0.0902477 -0.986626 -0.132441 0.0950173 -0.982603 -0.164702 0.0858214 -0.983157 -0.158347 0.0912572 -0.977118 -0.196015 0.08257 -0.977895 -0.189924 0.0874667 -0.969695 -0.229973 0.082493 -0.970313 -0.22636 0.0851733 -0.960356 -0.264599 0.0877723 -0.959975 -0.266365 0.0865944 -0.99608 -0.060639 0.0644037 -0.995386 -0.0893435 0.0349997 -0.994623 -0.0588189 0.085238 -0.994759 -0.0793553 0.0644706 -0.993036 -0.0688876 0.095577 -0.993196 -0.0791101 0.0854554 -0.99142 -0.0861671 0.0982935 -0.991435 -0.0886084 0.095942 -0.989744 -0.105414 0.0964047 -0.989778 -0.102888 0.0987553 -0.986834 -0.132461 0.0928059 -0.987062 -0.127473 0.0972545 -0.983375 -0.158375 0.0888277 -0.983848 -0.152428 0.0938514 -0.978038 -0.189947 0.085804 -0.978768 -0.183865 0.0905967 -0.970284 -0.226354 0.0855223 -0.971019 -0.221931 0.0887066 -0.959754 -0.266305 0.089188 -0.960043 -0.264971 0.0900439 -0.993077 -0.0903546 0.0750656 -0.992657 -0.105461 0.0592388 -0.992893 -0.0797213 0.0883593 -0.992867 -0.0926292 0.0750671 -0.992174 -0.0791887 0.0965409 -0.992253 -0.0872713 0.0884231 -0.991127 -0.0886125 0.0990735 -0.99114 -0.091005 0.0967431 -0.989836 -0.102889 0.0981793 -0.989848 -0.101561 0.0994268 -0.987251 -0.127481 0.0953077 -0.98741 -0.123387 0.098981 -0.984038 -0.152441 0.0918208 -0.984421 -0.147065 0.0963713 -0.978906 -0.18388 0.0890618 -0.979563 -0.177988 0.0936837 -0.971016 -0.221931 0.0887397 -0.971798 -0.217036 0.0922185 -0.959897 -0.264935 0.0916884 -0.960543 -0.261915 0.0935857 -0.990109 -0.106663 0.0911467 -0.990008 -0.113134 0.0841771 -0.990896 -0.0931752 0.0971762 -0.990915 -0.098873 0.0911654 -0.99103 -0.0874551 0.101055 -0.991077 -0.0912437 0.0971647 -0.99054 -0.091054 0.10266 -0.990555 -0.0925891 0.101133 -0.989553 -0.101574 0.102308 -0.989555 -0.100935 0.102921 -0.987276 -0.123391 0.100305 -0.987364 -0.120376 0.103058 -0.984293 -0.147066 0.0976679 -0.984556 -0.142705 0.101412 -0.979369 -0.177981 0.0957075 -0.979875 -0.172929 0.0997005 -0.971461 -0.216998 0.0957905 -0.972189 -0.212134 0.0992404 -0.960028 -0.261801 0.0990291 -0.960755 -0.258274 0.101214 -0.987473 -0.114364 0.108708 -0.987476 -0.114863 0.108152 -0.989012 -0.0995057 0.109336 -0.989021 -0.100012 0.108785 -0.989724 -0.091545 0.109844 -0.989736 -0.0920484 0.109311 -0.989582 -0.0927494 0.110113 -0.989587 -0.0929926 0.109863 -0.98883 -0.101037 0.109579 -0.988824 -0.100304 0.110304 -0.986808 -0.120455 0.108173 -0.986845 -0.11822 0.110278 -0.984033 -0.142772 0.106277 -0.984195 -0.139307 0.109332 -0.979296 -0.172974 0.105168 -0.979658 -0.168792 0.108534 -0.971443 -0.212113 0.106327 -0.972002 -0.208039 0.109233 -0.959742 -0.258089 0.110842 -0.960333 -0.255073 0.112687 -0.984257 -0.116423 0.132981 -0.984093 -0.112599 0.13741 -0.98648 -0.100941 0.129109 -0.986301 -0.097367 0.133152 -0.987639 -0.0926423 0.126436 -0.987518 -0.0902166 0.129112 -0.987787 -0.0934485 0.124677 -0.987717 -0.0918183 0.126428 -0.987233 -0.100699 0.123416 -0.987193 -0.0993513 0.124816 -0.98538 -0.118618 0.122296 -0.985372 -0.116814 0.124082 -0.982714 -0.139698 0.121482 -0.982771 -0.137458 0.123554 -0.977999 -0.169125 0.12213 -0.978158 -0.166719 0.124143 -0.970028 -0.208177 0.125331 -0.970316 -0.205748 0.1271 -0.957962 -0.254749 0.131955 -0.958327 -0.252726 0.133184 -0.981125 -0.114037 0.156173 -0.980547 -0.1073 0.16436 -0.983802 -0.0983384 0.149879 -0.983318 -0.0928273 0.156424 -0.985156 -0.0910263 0.14554 -0.98484 -0.0872664 0.149918 -0.985392 -0.0926192 0.142911 -0.985222 -0.0903189 0.145536 -0.984906 -0.1002 0.14114 -0.984805 -0.0985027 0.143025 -0.9831 -0.117771 0.140161 -0.98305 -0.116278 0.141747 -0.980439 -0.138436 0.139908 -0.980436 -0.136927 0.141406 -0.975681 -0.16759 0.141278 -0.975746 -0.166014 0.142684 -0.967596 -0.206247 0.14567 -0.967731 -0.204868 0.146719 -0.955249 -0.252491 0.154103 -0.955411 -0.251512 0.154702 -0.976804 -0.109107 0.184252 -0.975528 -0.100172 0.195729 -0.979745 -0.0943054 0.176651 -0.978869 -0.0880366 0.184567 -0.981072 -0.0887602 0.172102 -0.980578 -0.085066 0.176723 -0.981301 -0.0919983 0.169069 -0.981 -0.0895512 0.172102 -0.980774 -0.100428 0.167322 -0.980613 -0.0989254 0.169152 -0.978846 -0.118598 0.166721 -0.978771 -0.117672 0.167812 -0.976062 -0.139398 0.166945 -0.976026 -0.138628 0.167799 -0.971171 -0.168335 0.168793 -0.97117 -0.167604 0.169521 -0.962841 -0.206467 0.174094 -0.962859 -0.206179 0.174334 -0.950236 -0.251515 0.183824 -0.950275 -0.251246 0.183992 -0.970842 -0.102389 0.216755 -0.968809 -0.092932 0.229725 -0.973425 -0.0903963 0.210412 -0.972403 -0.085531 0.217065 -0.974351 -0.0878259 0.207186 -0.973859 -0.0854342 0.210477 -0.974293 -0.092828 0.205271 -0.974023 -0.0914641 0.207157 -0.973517 -0.102833 0.204181 -0.973371 -0.102045 0.205269 -0.971286 -0.122468 0.203973 -0.971237 -0.122162 0.204389 -0.96825 -0.143894 0.204419 -0.968233 -0.143765 0.204588 -0.963088 -0.172935 0.206288 -0.963097 -0.173046 0.206155 -0.954823 -0.210195 0.210074 -0.954823 -0.209817 0.210451 -0.942611 -0.252104 0.218925 -0.942604 -0.252169 0.21888 -0.962709 -0.0957567 0.253025 -0.960333 -0.0879666 0.264618 -0.964095 -0.0893326 0.250082 -0.963466 -0.0872715 0.253212 -0.964249 -0.0900474 0.249229 -0.96408 -0.0894999 0.250079 -0.963645 -0.0969302 0.248983 -0.963621 -0.0968517 0.249108 -0.962322 -0.108546 0.249307 -0.962417 -0.108858 0.248803 -0.959496 -0.130184 0.24984 -0.959646 -0.130705 0.248991 -0.95606 -0.15285 0.250172 -0.956142 -0.153159 0.24967 -0.950559 -0.182942 0.250939 -0.950653 -0.183357 0.25028 -0.942704 -0.218557 0.252075 -0.942718 -0.218647 0.251945 -0.932618 -0.255757 0.254581 -0.932618 -0.254512 0.255826 -0.55672 -0.829936 0.0356305 -0.138632 -0.971198 0.193794 -0.682091 -0.7263 0.0850949 -0.552125 -0.818217 0.160245 -0.717926 -0.682749 0.135777 -0.677468 -0.716685 0.165528 -0.720233 -0.66745 0.189143 -0.713161 -0.673339 0.194975 -0.704563 -0.666686 0.243147 -0.715771 -0.658129 0.233534 -0.677365 -0.666908 0.3105 -0.69872 -0.653046 0.292098 -0.646529 -0.666103 0.371896 -0.672143 -0.652325 0.350281 -0.615684 -0.655215 0.437751 -0.640723 -0.644579 0.417123 -0.595905 -0.630015 0.497975 -0.610439 -0.625319 0.486149 -0.599231 -0.58989 0.54125 -0.592937 -0.591426 0.546481 -0.575627 -0.801503 0.162008 -0.349121 -0.897863 0.268247 -0.682665 -0.716989 0.141052 -0.571139 -0.793378 0.210599 -0.72135 -0.674769 0.156018 -0.678629 -0.709915 0.18837 -0.726604 -0.659936 0.191131 -0.71753 -0.667564 0.19877 -0.714194 -0.65965 0.23407 -0.723128 -0.652612 0.226238 -0.690314 -0.660459 0.295398 -0.709218 -0.647589 0.278636 -0.662133 -0.66023 0.354508 -0.685692 -0.646794 0.333892 -0.633039 -0.649913 0.420565 -0.656796 -0.63916 0.400116 -0.611395 -0.624736 0.485696 -0.627942 -0.619109 0.471586 -0.603952 -0.58538 0.5409 -0.608323 -0.584318 0.537137 -0.626189 -0.746202 0.225984 -0.529342 -0.799822 0.282988 -0.690644 -0.698684 0.186684 -0.625452 -0.745145 0.231449 -0.722311 -0.668349 0.177698 -0.688725 -0.69578 0.203833 -0.728864 -0.656169 0.195447 -0.719727 -0.663862 0.203177 -0.721029 -0.654685 0.226946 -0.72615 -0.650562 0.22243 -0.701896 -0.654298 0.281488 -0.716609 -0.643836 0.268229 -0.677514 -0.653579 0.337357 -0.697677 -0.641363 0.319217 -0.651081 -0.643357 0.402722 -0.672535 -0.632925 0.38354 -0.628412 -0.618806 0.471357 -0.646216 -0.612306 0.455507 -0.615429 -0.580268 0.53342 -0.625283 -0.57776 0.524609 -0.692892 -0.678688 0.243482 -0.660782 -0.701452 0.26708 -0.720399 -0.661886 0.207202 -0.695605 -0.681757 0.226588 -0.735945 -0.649562 0.190931 -0.720895 -0.662527 0.203391 -0.740148 -0.642941 0.196998 -0.734733 -0.647673 0.201711 -0.735695 -0.64086 0.219205 -0.738046 -0.638877 0.217082 -0.72138 -0.639264 0.266371 -0.731761 -0.63137 0.256706 -0.702323 -0.63727 0.317223 -0.71753 -0.627213 0.302911 -0.679902 -0.627115 0.380078 -0.697776 -0.617441 0.363146 -0.659468 -0.603107 0.448737 -0.675364 -0.596558 0.433592 -0.64663 -0.564709 0.512808 -0.656449 -0.561874 0.503362 -0.75168 -0.615305 0.237437 -0.749575 -0.617139 0.239323 -0.758468 -0.617933 0.207087 -0.756483 -0.619763 0.208871 -0.762305 -0.618468 0.190758 -0.760505 -0.620175 0.192394 -0.762708 -0.617343 0.19278 -0.761983 -0.618027 0.193454 -0.758988 -0.616377 0.209801 -0.761079 -0.614473 0.207802 -0.74808 -0.614633 0.250205 -0.755528 -0.608443 0.242847 -0.7336 -0.611839 0.295776 -0.744599 -0.603758 0.284691 -0.716809 -0.600893 0.353712 -0.729508 -0.593109 0.340646 -0.700982 -0.576762 0.419487 -0.712809 -0.571142 0.407062 -0.690386 -0.538754 0.482817 -0.698364 -0.536066 0.474258 -0.812624 -0.542154 0.213804 -0.822885 -0.530912 0.202466 -0.808667 -0.556782 0.189871 -0.818097 -0.546242 0.179828 -0.804816 -0.566445 0.177232 -0.811332 -0.559182 0.170457 -0.800751 -0.571304 0.180025 -0.805014 -0.566671 0.175605 -0.795746 -0.573385 0.194981 -0.799528 -0.569447 0.19101 -0.787775 -0.571701 0.229279 -0.79265 -0.567035 0.224002 -0.778561 -0.567185 0.268598 -0.784526 -0.562051 0.261948 -0.768331 -0.55452 0.319649 -0.774794 -0.549769 0.312167 -0.7592 -0.529543 0.378418 -0.764752 -0.526291 0.371716 -0.752944 -0.492618 0.436352 -0.757062 -0.490862 0.431175 -0.854681 -0.484107 0.187514 -0.867751 -0.466907 0.170311 -0.848547 -0.501969 0.167318 -0.859683 -0.487236 0.153451 -0.842785 -0.514364 0.158565 -0.850917 -0.503776 0.14883 -0.837816 -0.520984 0.163217 -0.842951 -0.514523 0.15716 -0.832812 -0.52425 0.177725 -0.836706 -0.519572 0.173112 -0.82647 -0.522871 0.208694 -0.829835 -0.519146 0.204601 -0.819815 -0.518158 0.243752 -0.823164 -0.514799 0.239546 -0.812453 -0.506051 0.289538 -0.81578 -0.503171 0.285169 -0.805909 -0.482744 0.342739 -0.808468 -0.480965 0.339193 -0.801933 -0.448404 0.394762 -0.803532 -0.447597 0.392421 -0.890984 -0.42549 0.158446 -0.903325 -0.405798 0.139035 -0.885439 -0.442498 0.142103 -0.894864 -0.427522 0.128231 -0.881225 -0.452559 0.136502 -0.887043 -0.443499 0.128307 -0.877077 -0.458497 0.143238 -0.881093 -0.452458 0.137684 -0.873383 -0.460952 0.157241 -0.875899 -0.457338 0.153762 -0.868727 -0.459267 0.185435 -0.870374 -0.45708 0.183106 -0.863784 -0.454973 0.21651 -0.865253 -0.453193 0.214369 -0.858176 -0.444564 0.256705 -0.859228 -0.443453 0.255101 -0.852707 -0.425073 0.30365 -0.853424 -0.424461 0.30249 -0.849605 -0.395624 0.348787 -0.849737 -0.395543 0.348558 -0.919354 -0.371127 0.130585 -0.928825 -0.352899 0.112899 -0.916513 -0.382105 0.118321 -0.921727 -0.372151 0.109191 -0.914419 -0.38764 0.1165 -0.91719 -0.382438 0.111821 -0.91218 -0.390579 0.123996 -0.913944 -0.387364 0.121059 -0.909887 -0.39134 0.137692 -0.910857 -0.389644 0.136079 -0.90648 -0.389321 0.163471 -0.906847 -0.388726 0.16285 -0.90271 -0.385643 0.190773 -0.902878 -0.385393 0.190483 -0.897628 -0.378229 0.226287 -0.897653 -0.378197 0.226244 -0.891545 -0.365408 0.267627 -0.891769 -0.365168 0.267207 -0.887168 -0.344455 0.307058 -0.887222 -0.344414 0.306947 -0.940505 -0.322505 0.106962 -0.946231 -0.30941 0.0944075 -0.939793 -0.326507 0.100909 -0.941422 -0.322823 0.0975211 -0.939287 -0.327641 0.101934 -0.939793 -0.326507 0.100906 -0.938538 -0.327329 0.109559 -0.93853 -0.327344 0.109574 -0.937407 -0.325966 0.122531 -0.937059 -0.326702 0.123232 -0.934813 -0.323637 0.146234 -0.934386 -0.324477 0.147099 -0.931638 -0.320774 0.170746 -0.931159 -0.321644 0.17172 -0.926785 -0.316239 0.20264 -0.926208 -0.317171 0.203815 -0.920178 -0.309852 0.239297 -0.919865 -0.310284 0.239943 -0.912973 -0.301228 0.275214 -0.913909 -0.30026 0.273156 0.129943 0 -0.991521 0.141295 -1.50439e-05 -0.989968 0.366897 -1.54874e-05 -0.930261 0.362177 -8.46563e-06 -0.932109 0.552883 -9.35418e-06 -0.833259 0.552205 -8.11534e-06 -0.833708 0.684853 -8.91084e-06 -0.728682 0.685614 -1.06917e-05 -0.727965 0.775932 -1.13735e-05 -0.630816 0.771944 6.57816e-07 -0.63569 0.838081 -4.04433e-08 -0.545546 0.840322 -8.82096e-06 -0.542088 0.881487 -9.25313e-06 -0.472209 0.880662 -5.14809e-06 -0.473745 0.912285 -5.57383e-06 -0.409555 0.912195 -5.00449e-06 -0.409756 0.934612 -5.31718e-06 -0.355668 0.934753 -6.42194e-06 -0.355298 0.951173 -6.69059e-06 -0.308657 0.950455 2.69118e-07 -0.310863 0.963638 2.69189e-08 -0.26721 0.964102 -5.53362e-06 -0.265532 0.973152 -5.72465e-06 -0.230165 0.972993 -3.40524e-06 -0.230834 0.980493 -3.56184e-06 -0.196552 0.980479 -3.30177e-06 -0.196624 0.986183 -3.41458e-06 -0.165658 0.98625 -4.8927e-06 -0.165262 0.990569 -4.97694e-06 -0.137019 0.990381 2.06784e-07 -0.138367 0.993933 1.23697e-07 -0.109986 0.994069 -4.72485e-06 -0.108755 0.996438 -4.77252e-06 -0.0843295 0.996401 -3.00969e-06 -0.0847687 0.998223 -3.05124e-06 -0.0595919 0.998223 -3.09262e-06 -0.0595817 0.999372 -3.11282e-06 -0.0354255 0.999383 -4.31153e-06 -0.0351339 0.99993 -4.31389e-06 -0.0118221 0.999917 0 -0.0128666 0.141295 0 0.989968 0.129364 -1.50001e-05 0.991597 0.362127 -1.54209e-05 0.932129 0.367333 -8.04446e-06 0.930089 0.551916 -8.82716e-06 0.833899 0.552511 -7.78983e-06 0.833505 0.685614 -8.5553e-06 0.727965 0.685075 -9.76305e-06 0.728472 0.772105 -1.04668e-05 0.635495 0.775758 1.36216e-07 0.63103 0.840217 -4.6158e-07 0.54225 0.838187 -8.14479e-06 0.545383 0.880662 -8.6305e-06 0.473745 0.88148 -4.6818e-06 0.472222 0.912195 -5.13124e-06 0.409756 0.912282 -4.59595e-06 0.409562 0.934787 -4.94314e-06 0.355209 0.93461 -6.30131e-06 0.355674 0.950455 -6.55513e-06 0.310863 0.951149 4.14067e-08 0.308732 0.964102 -1.6482e-07 0.265532 0.963637 -5.65111e-06 0.267214 0.972993 -5.8187e-06 0.230834 0.973151 -3.53206e-06 0.230166 0.980471 -3.6605e-06 0.196665 0.9805 -3.13207e-06 0.196517 0.98625 -3.26799e-06 0.165262 0.986183 -4.7416e-06 0.16566 0.990381 -4.84276e-06 0.138365 0.990565 2.02135e-07 0.137045 0.994069 1.19613e-07 0.108755 0.993935 -4.63482e-06 0.109967 0.996401 -4.70123e-06 0.0847697 0.996438 -2.94402e-06 0.0843309 0.998224 -3.00304e-06 0.059571 0.998223 -3.09063e-06 0.0595925 0.999382 -3.11103e-06 0.0351402 0.999372 -4.28474e-06 0.0354259 0.999917 -4.30368e-06 0.0128643 0.99993 0 0.0118223 0.141333 -0.989962 0 0.141333 -0.989962 0 0.362353 -0.932041 0 0.362224 -0.932091 -1.92906e-07 0.551963 -0.833868 -1.72578e-07 0.552057 -0.833806 0 0.68563 -0.72795 0 0.68563 -0.72795 0 0.772062 -0.635547 0 0.772019 -0.635599 -1.31522e-07 0.840245 -0.542207 -1.12215e-07 0.840273 -0.542164 0 0.880652 -0.473763 0 0.880652 -0.473763 0 0.912185 -0.409778 0 0.912185 -0.409778 0 0.934778 -0.355233 0 0.934778 -0.355233 0 0.950456 -0.310858 0 0.950456 -0.310858 0 0.964109 -0.265508 0 0.964109 -0.265508 0 0.972984 -0.230871 0 0.972984 -0.230871 0 0.980477 -0.196632 0 0.980477 -0.196632 0 0.98625 -0.16526 0 0.98625 -0.16526 0 0.990382 -0.138364 0 0.990382 -0.138364 0 0.994069 -0.108755 0 0.994069 -0.108755 0 0.9964 -0.0847729 0 0.9964 -0.0847729 0 0.998224 -0.0595767 0 0.998224 -0.0595767 0 0.999382 -0.0351381 0 0.999382 -0.0351381 0 0.999917 -0.0128639 0 0.999917 -0.0128639 0 0 -0.0429549 -0.999077 5.93099e-08 -0.0429508 -0.999077 1.60461e-07 -0.116298 -0.993214 0 -0.116309 -0.993213 0 -0.195053 -0.980793 0 -0.195053 -0.980793 0 -0.272611 -0.962124 0 -0.272611 -0.962124 0 -0.342764 -0.939422 0 -0.342764 -0.939422 0 -0.421896 -0.906644 0 -0.421896 -0.906644 0 -0.487578 -0.87308 0 -0.487578 -0.87308 0 -0.555497 -0.831519 0 -0.555497 -0.831519 0 -0.62014 -0.784491 0 -0.62014 -0.784491 0 -0.676105 -0.736805 0 -0.676105 -0.736805 0 -0.736838 -0.67607 1.74943e-06 -0.736756 -0.676159 1.6042e-06 -0.784522 -0.6201 0 -0.784591 -0.620014 0 -0.831444 -0.555609 0 -0.831444 -0.555609 0 -0.873132 -0.487483 0 -0.873132 -0.487483 0 -0.906589 -0.422014 0 -0.906589 -0.422014 0 -0.939449 -0.342688 0 -0.939449 -0.342688 0 -0.962115 -0.272646 -6.63709e-07 -0.962127 -0.272602 -6.76624e-07 -0.9808 -0.195014 0 -0.980791 -0.19506 0 -0.993206 -0.116368 0 -0.993206 -0.116368 0 -0.999079 -0.0428992 0 -0.999079 -0.0428992 0 -0.0427772 0.999085 -5.90485e-08 -0.0427732 0.999085 -1.60703e-07 -0.116474 0.993194 0 -0.116485 0.993192 0 -0.195064 0.98079 0 -0.195064 0.98079 0 -0.2726 0.962127 0 -0.2726 0.962127 0 -0.342607 0.939479 0 -0.342607 0.939479 0 -0.422042 0.906576 0 -0.422042 0.906576 0 -0.487587 0.873075 -2.25883e-06 -0.487451 0.87315 -2.15116e-06 -0.555488 0.831524 0 -0.555611 0.831442 0 -0.62014 0.784491 0 -0.62014 0.784491 0 -0.676015 0.736888 0 -0.676015 0.736888 0 -0.736832 0.676076 0 -0.736832 0.676076 0 -0.784522 0.6201 0 -0.784522 0.6201 0 -0.831499 0.555527 0 -0.831499 0.555527 0 -0.873132 0.487483 -1.26146e-06 -0.87309 0.487559 -1.09192e-06 -0.90656 0.422077 0 -0.906592 0.422009 0 -0.939469 0.342634 0 -0.939469 0.342634 0 -0.962115 0.272646 6.63709e-07 -0.962127 0.272602 6.76619e-07 -0.980794 0.195048 0 -0.980785 0.195094 0 -0.993206 0.116366 0 -0.993206 0.116366 0 -0.99908 0.0428921 0 -0.99908 0.0428921 -0.999917 -0.0128639 0 -0.999917 -0.0128639 0 -0.999382 -0.0351381 0 -0.999382 -0.0351381 0 -0.998224 -0.0595767 0 -0.998224 -0.0595767 0 -0.996404 -0.0847241 0 -0.996404 -0.0847241 0 -0.994058 -0.108854 0 -0.994058 -0.108854 0 -0.990389 -0.138313 0 -0.990389 -0.138313 0 -0.986241 -0.165312 0 -0.986241 -0.165312 0 -0.980466 -0.196686 0 -0.980466 -0.196686 0 -0.973011 -0.230759 0 -0.973011 -0.230759 0 -0.964077 -0.265624 0 -0.964077 -0.265624 0 -0.950476 -0.310798 0 -0.950476 -0.310798 0 -0.934802 -0.35517 0 -0.934802 -0.35517 0 -0.912185 -0.409778 0 -0.912185 -0.409778 0 -0.880617 -0.473829 0 -0.880617 -0.473829 0 -0.840316 -0.542097 0 -0.840288 -0.54214 1.12162e-07 -0.771967 -0.635663 1.31557e-07 -0.77201 -0.63561 0 -0.68569 -0.727894 0 -0.68569 -0.727894 0 -0.551995 -0.833848 0 -0.551901 -0.833909 1.72614e-07 -0.362274 -0.932072 1.92902e-07 -0.362403 -0.932021 0 -0.141311 -0.989965 0 -0.141311 -0.989965 0 -0.141273 -2.92379e-08 -0.989971 -0.129972 -1.50276e-05 -0.991518 -0.362177 -1.55614e-05 -0.932109 -0.366978 -8.41639e-06 -0.93023 -0.552205 -9.23832e-06 -0.833708 -0.552818 -8.11933e-06 -0.833302 -0.685674 -8.9153e-06 -0.727909 -0.684797 -1.09637e-05 -0.728734 -0.771892 -1.16593e-05 -0.635754 -0.775917 4.61549e-07 -0.630835 -0.840365 -2.37009e-07 -0.542021 -0.83809 -9.136e-06 -0.545532 -0.880626 -9.59965e-06 -0.473811 -0.881519 -5.15924e-06 -0.472148 -0.912195 -5.57256e-06 -0.409756 -0.912256 -5.18822e-06 -0.40962 -0.934777 -5.50692e-06 -0.355236 -0.934637 -6.60681e-06 -0.355604 -0.950475 -6.86854e-06 -0.310803 -0.951152 -3.11049e-07 -0.308724 -0.96407 -5.5764e-07 -0.265648 -0.96364 -5.71571e-06 -0.267205 -0.973019 -5.91492e-06 -0.230723 -0.973164 -3.79412e-06 -0.230111 -0.980468 -3.94966e-06 -0.196678 -0.980483 -3.68936e-06 -0.196606 -0.986241 -3.80557e-06 -0.165314 -0.986175 -5.28027e-06 -0.165709 -0.990388 -5.36377e-06 -0.138316 -0.990582 7.53802e-09 -0.136919 -0.994058 -7.53018e-08 -0.108854 -0.993922 -4.91755e-06 -0.110084 -0.996405 -4.96765e-06 -0.08472 -0.996442 -3.20613e-06 -0.0842812 -0.998223 -3.24726e-06 -0.0595817 -0.998229 -2.89686e-06 -0.0594957 -0.999383 -2.91698e-06 -0.0351339 -0.999369 -4.50745e-06 -0.0355207 -0.999917 -4.50992e-06 -0.0128666 -0.999931 0 -0.0117748 -0.129344 -2.53603e-08 0.9916 -0.141273 -1.50697e-05 0.989971 -0.367435 -1.54922e-05 0.930049 -0.362177 -8.01877e-06 0.932109 -0.55245 -8.82899e-06 0.833546 -0.551854 -7.78572e-06 0.83394 -0.685015 -8.55218e-06 0.728528 -0.685674 -1.0037e-05 0.727909 -0.775758 -1.07989e-05 0.63103 -0.772053 1.66873e-08 0.635558 -0.838187 -6.05642e-07 0.545383 -0.84026 -8.49775e-06 0.542183 -0.881515 -8.98604e-06 0.472156 -0.880626 -4.66987e-06 0.473811 -0.912253 -5.13213e-06 0.409627 -0.912195 -4.77355e-06 0.409756 -0.934634 -5.12392e-06 0.355611 -0.934811 -6.48766e-06 0.355146 -0.951129 -6.7529e-06 0.308792 -0.950474 -5.07686e-07 0.310803 -0.963637 -7.23662e-07 0.267214 -0.96407 -5.84753e-06 0.265648 -0.973164 -6.01274e-06 0.230111 -0.973019 -3.91142e-06 0.230723 -0.98049 -4.04534e-06 0.196571 -0.98046 -3.51564e-06 0.196719 -0.986174 -3.65278e-06 0.165712 -0.986241 -5.12965e-06 0.165314 -0.990579 -5.23636e-06 0.136944 -0.990392 -8.33004e-08 0.13829 -0.993924 -1.46974e-07 0.110066 -0.994056 -4.83266e-06 0.108873 -0.996442 -4.89785e-06 0.0842821 -0.996405 -3.13844e-06 0.084721 -0.998229 -3.19893e-06 0.0594963 -0.998224 -2.89491e-06 0.059571 -0.999369 -2.91479e-06 0.0355212 -0.999382 -4.48094e-06 0.0351402 -0.999931 -4.50059e-06 0.0117748 -0.999917 0 0.0128643 0 0.0392831 -0.999228 1.34333e-08 0.039284 -0.999228 4.01787e-08 0.117498 -0.993073 0 0.117495 -0.993073 0 0.195192 -0.980765 0 0.195192 -0.980765 0 0.271331 -0.962486 0 0.271331 -0.962486 0 0.346209 -0.938157 -5.7262e-08 0.346206 -0.938159 -6.92391e-08 0.418533 -0.908202 -6.83041e-08 0.418533 -0.908202 -8.02324e-08 0.48867 -0.872469 -7.96841e-08 0.48867 -0.872469 -9.05579e-08 0.555557 -0.831479 8.99603e-08 0.555568 -0.831471 1.0023e-07 0.619109 -0.785305 -9.96392e-08 0.619097 -0.785314 -1.09193e-07 0.678808 -0.734316 0 0.678813 -0.734311 0 0.734339 -0.678783 -1.16372e-07 0.734333 -0.678789 -1.24889e-07 0.785316 -0.619096 -1.23966e-07 0.785316 -0.619096 -1.31572e-07 0.831455 -0.555592 -1.30598e-07 0.831455 -0.555592 -1.37453e-07 0.872483 -0.488645 -1.36763e-07 0.872483 -0.488645 -1.42518e-07 0.90816 -0.418624 0 0.908164 -0.418614 0 0.938181 -0.346146 0 0.938181 -0.346146 0 0.962461 -0.271419 -1.49809e-07 0.962458 -0.27143 -1.5266e-07 0.980784 -0.195096 -1.52437e-07 0.980784 -0.195096 -1.54334e-07 0.993067 -0.117551 0 0.993068 -0.117539 0 0.999229 -0.0392494 -1.55127e-07 0.999229 -0.0392613 0 0 -1 0 0 -1 1 0 0 1 0 0 -1.5522e-07 1 0 0 1 0 0 1 0 0 1 0 0 1 0 0 1 0 0 1 0 0 1 0 0 1 0 0 1 0 0 1 0 -1.72467e-07 1 -1.32199e-06 0 1 0 0 1 0 0 1 0 0 1 0 0 1 0 0 1 0 0 1 0 0 1 0 0 1 0 0 1 0 -1.44948e-07 1 3.4241e-09 0 1 0 0 1 0 0 1 0 0 1 0 -1.71349e-07 1 6.53194e-07 0 1 0 0 1 0 0 1 0 0 1 0 0 1 0 -1.19928e-07 1 1.16874e-08 0 1 0 -1.70511e-07 1 1.57446e-07 0 1 0 0 1 0 -1.56291e-07 1 -7.10484e-11 -1.68475e-07 1 5.05435e-08 0 1 0 -1.58347e-07 1 -5.56189e-08 0 0 1 0 0 1 0 -1 0 0 -1 0 -1 0 0 -1 0 0 6.17892e-08 -0.995185 -0.0980184 6.18595e-08 -0.995185 -0.0980184 5.94147e-08 -0.956941 -0.290284 5.87666e-08 -0.956941 -0.290284 5.47569e-08 -0.881921 -0.471397 5.56736e-08 -0.881921 -0.471397 4.79948e-08 -0.773011 -0.634393 3.2167e-07 -0.77301 -0.634394 3.75352e-07 -0.634393 -0.773011 6.18595e-08 -0.634394 -0.77301 4.39023e-08 -0.471397 -0.881921 4.26832e-07 -0.471395 -0.881922 4.42938e-07 -0.290285 -0.95694 4.42296e-07 -0.290285 -0.95694 4.41653e-07 -0.0980165 -0.995185 9.27893e-09 -0.0980192 -0.995185 -8.56888e-09 0.0980166 -0.995185 4.23738e-07 0.0980192 -0.995185 3.88868e-07 0.290285 -0.95694 3.89715e-07 0.290285 -0.95694 3.39396e-07 0.471397 -0.881921 -4.33017e-08 0.471395 -0.881922 -5.90824e-08 0.634393 -0.773011 2.9074e-07 0.634395 -0.773009 2.27723e-07 0.773011 -0.634393 -4.94877e-08 0.77301 -0.634394 -5.47569e-08 0.881921 -0.471396 -5.56736e-08 0.881921 -0.471396 -5.94147e-08 0.95694 -0.290284 -5.87665e-08 0.95694 -0.290285 -6.17892e-08 0.995185 -0.098018 -6.18595e-08 0.995185 -0.098018 -6.17892e-08 0.995185 0.0980183 -6.18597e-08 0.995185 0.0980183 -5.94147e-08 0.95694 0.290285 -5.87665e-08 0.95694 0.290285 -5.47569e-08 0.881922 0.471395 -5.56735e-08 0.881922 0.471395 -4.79947e-08 0.773008 0.634396 -6.37153e-07 0.773011 0.634393 -7.5931e-07 0.634395 0.773009 -6.18598e-08 0.634391 0.773012 -4.39023e-08 0.471397 0.881921 -4.33017e-08 0.471397 0.881921 -2.70349e-08 0.290285 0.95694 -2.47438e-08 0.290285 0.95694 -9.12854e-09 0.0980169 0.995185 -9.27894e-09 0.0980169 0.995185 8.56891e-09 -0.0980169 0.995185 9.27893e-09 -0.0980169 0.995185 2.70349e-08 -0.290285 0.95694 2.78368e-08 -0.290285 0.95694 4.39023e-08 -0.471398 0.881921 4.94876e-08 -0.471398 0.881921 5.90826e-08 -0.634394 0.77301 -6.80457e-07 -0.634391 0.773012 -5.42832e-07 -0.773008 0.634396 4.33016e-08 -0.773011 0.634393 5.47569e-08 -0.881922 0.471395 5.56735e-08 -0.881922 0.471396 -1 0 0 -1 0 0 -1 0 0 -1 0 0 -1 0 0 -1 0 0 -1 -2.47178e-06 -3.01186e-06 -1 0 0 -1 0 0 -1 0 0 -1 0 0 -1 -2.47179e-06 3.01189e-06 -1 0 0 -1 0 0 -1 0 0 -1 0 0 -1 0 0 -1 0 0 -1 0 0 -1 -8.29779e-07 -5.54441e-07 -1 0 0 -1 -8.29776e-07 5.54438e-07 -1 0 0 -1 0 0 -1 0 0 -1 0 2.75337e-07 -1 -2.75338e-07 0 -1 0 0 -1 -9.73465e-08 4.03222e-08 -1 -4.03223e-08 -9.73465e-08 5.94147e-08 -0.956941 0.290284 5.87666e-08 -0.956941 0.290284 6.17892e-08 -0.995185 0.0980186 6.03132e-08 -0.995185 0.0980186 1 0 0 1 0 0 1 0 0 1 9.18357e-07 1.71813e-06 1 0 0 1 -5.65525e-07 1.86428e-06 1 0 0 1 0 0 1 0 0 1 0 0 1 0 0 1 -5.65515e-07 -1.86425e-06 1 0 0 1 9.18347e-07 -1.7181e-06 1 0 0 1 0 0 1 0 0 1 3.52833e-07 3.52833e-07 1 0 4.98983e-07 1 0 0 1 0 0 1 3.52834e-07 3.52835e-07 1 0 4.98981e-07 1 0 0 1 1.35023e-07 2.68578e-08 1 1.14467e-07 -7.64846e-08 1 1.35023e-07 2.68578e-08 1 1.14467e-07 -7.64847e-08 1 7.30742e-08 -1.45354e-08 1 7.30742e-08 -1.45354e-08 0.556876 0.0356781 -0.829829 0.138634 0.193917 -0.971173 0.682193 0.085038 -0.72621 0.552289 0.160147 -0.818126 0.718027 0.13576 -0.682647 0.677567 0.165514 -0.716595 0.720287 0.189113 -0.6674 0.71328 0.194892 -0.673237 0.704558 0.24323 -0.666661 0.715817 0.233572 -0.658065 0.677596 0.31029 -0.666771 0.69871 0.292094 -0.653059 0.646531 0.371967 -0.666062 0.672365 0.35016 -0.65216 0.615765 0.437692 -0.655178 0.640724 0.417129 -0.644574 0.595755 0.498075 -0.630077 0.610506 0.486076 -0.625309 0.599287 0.541245 -0.589838 0.592768 0.546662 -0.591428 0.575604 0.162092 -0.801502 0.348835 0.268444 -0.897915 0.682509 0.14102 -0.717144 0.571135 0.210457 -0.793418 0.721223 0.156053 -0.674896 0.678469 0.188425 -0.710054 0.726662 0.191064 -0.659891 0.717393 0.198867 -0.667682 0.714288 0.234093 -0.65954 0.723181 0.226293 -0.652534 0.69032 0.295387 -0.660458 0.709344 0.278516 -0.647502 0.662208 0.354452 -0.660185 0.6857 0.33389 -0.646787 0.633041 0.42057 -0.649908 0.656875 0.400052 -0.63912 0.611442 0.485634 -0.624739 0.627963 0.471545 -0.619119 0.603701 0.541124 -0.585432 0.608362 0.537112 -0.5843 0.625993 0.226183 -0.746307 0.529712 0.282867 -0.799619 0.690822 0.1865 -0.698557 0.625272 0.231514 -0.745276 0.722358 0.177703 -0.668297 0.688895 0.203743 -0.695638 0.728813 0.19552 -0.656204 0.719775 0.203165 -0.663813 0.720785 0.227101 -0.654899 0.7261 0.222416 -0.650622 0.701764 0.281468 -0.654449 0.716374 0.268309 -0.644065 0.677616 0.337317 -0.653494 0.69752 0.319411 -0.641438 0.65097 0.402744 -0.643455 0.672661 0.383352 -0.632905 0.628276 0.471392 -0.618918 0.646082 0.455545 -0.612419 0.615586 0.533333 -0.580181 0.625149 0.524783 -0.577748 0.692954 0.2434 -0.678654 0.660638 0.267148 -0.701562 0.720327 0.207253 -0.661948 0.69566 0.226537 -0.681717 0.735991 0.190878 -0.649525 0.720826 0.203434 -0.662589 0.74001 0.197041 -0.643086 0.734785 0.201589 -0.647652 0.735718 0.219166 -0.640847 0.737907 0.217189 -0.639001 0.721491 0.266317 -0.63916 0.731774 0.256743 -0.63134 0.70211 0.31744 -0.637395 0.717642 0.302823 -0.627127 0.68012 0.379845 -0.62702 0.697575 0.36331 -0.617572 0.659547 0.448667 -0.603071 0.675606 0.433363 -0.596451 0.646568 0.512944 -0.564658 0.656534 0.503356 -0.561779 0.751659 0.237476 -0.615316 0.749555 0.239362 -0.61715 0.758357 0.207093 -0.618067 0.756481 0.208779 -0.619797 0.762181 0.190815 -0.618603 0.760388 0.192444 -0.620303 0.762754 0.192663 -0.617323 0.761861 0.193493 -0.618165 0.759009 0.209855 -0.616333 0.761106 0.207849 -0.614423 0.748147 0.250219 -0.614546 0.755537 0.242917 -0.608404 0.73372 0.295684 -0.61174 0.744673 0.284641 -0.60369 0.716697 0.353835 -0.600954 0.729623 0.340538 -0.59303 0.701206 0.419262 -0.576654 0.712679 0.407209 -0.5712 0.690272 0.482931 -0.538797 0.698585 0.474012 -0.535996 0.812553 0.21385 -0.542242 0.82288 0.202439 -0.53093 0.808796 0.189736 -0.556641 0.818022 0.179908 -0.546327 0.804894 0.177215 -0.56634 0.811446 0.1704 -0.559034 0.80084 0.179992 -0.57119 0.805092 0.175581 -0.566567 0.795696 0.195058 -0.573429 0.799622 0.190934 -0.569341 0.787622 0.22942 -0.571855 0.792609 0.224024 -0.567084 0.77847 0.268629 -0.567295 0.784379 0.262043 -0.562212 0.768334 0.319601 -0.554544 0.774687 0.312247 -0.549875 0.75902 0.378603 -0.529668 0.764753 0.371684 -0.526312 0.753147 0.436093 -0.492537 0.756863 0.431421 -0.490953 0.854715 0.18747 -0.484063 0.867807 0.170236 -0.46683 0.848507 0.167383 -0.502014 0.85971 0.153432 -0.487193 0.842813 0.158538 -0.514327 0.850882 0.148881 -0.50382 0.837806 0.163225 -0.520997 0.84298 0.157122 -0.514487 0.832883 0.177658 -0.52416 0.836693 0.173145 -0.519582 0.826566 0.208657 -0.522734 0.829895 0.204607 -0.519048 0.819889 0.243728 -0.518053 0.823262 0.239489 -0.514669 0.812537 0.289502 -0.505937 0.815858 0.28514 -0.503062 0.805981 0.342655 -0.482683 0.80858 0.339055 -0.480875 0.801822 0.394952 -0.448436 0.803609 0.392334 -0.447533 0.891061 0.158361 -0.425362 0.903369 0.138996 -0.405715 0.885502 0.142062 -0.442386 0.894937 0.128171 -0.427387 0.881246 0.136538 -0.452507 0.887104 0.128287 -0.443384 0.877152 0.143168 -0.458374 0.881119 0.137681 -0.452409 0.873367 0.157279 -0.460969 0.87598 0.153667 -0.457215 0.868692 0.185491 -0.459312 0.870357 0.183135 -0.4571 0.863781 0.216499 -0.454984 0.865216 0.214406 -0.453244 0.858026 0.256839 -0.444775 0.859244 0.254983 -0.44349 0.852661 0.303641 -0.425172 0.853252 0.302685 -0.424669 0.849571 0.348792 -0.395694 0.849695 0.348575 -0.395618 0.919326 0.130586 -0.371198 0.928771 0.112955 -0.353024 0.91648 0.11831 -0.382186 0.9217 0.109171 -0.372223 0.914362 0.116531 -0.387767 0.917157 0.111811 -0.38252 0.912151 0.124009 -0.390644 0.913882 0.121126 -0.387489 0.909856 0.137664 -0.391422 0.910832 0.136041 -0.389715 0.906456 0.163505 -0.389364 0.906811 0.162905 -0.388789 0.902641 0.190828 -0.385777 0.902865 0.19044 -0.385443 0.89773 0.226101 -0.3781 0.897565 0.226395 -0.378315 0.891593 0.267623 -0.365293 0.891865 0.267114 -0.365002 0.887162 0.307042 -0.344483 0.887287 0.306788 -0.344388 0.940531 0.106979 -0.322424 0.946196 0.0945583 -0.30947 0.939818 0.100856 -0.326451 0.941456 0.0974483 -0.322745 0.939293 0.101912 -0.327632 0.939819 0.100841 -0.326452 0.938546 0.109598 -0.32729 0.938527 0.109636 -0.327332 0.937394 0.122489 -0.32602 0.937086 0.123108 -0.32667 0.934803 0.146279 -0.323645 0.934356 0.147183 -0.324524 0.931645 0.170688 -0.320786 0.931162 0.17167 -0.321663 0.926737 0.202777 -0.31629 0.926195 0.203882 -0.317166 0.920138 0.239334 -0.309943 0.919845 0.239938 -0.310348 0.912968 0.275128 -0.301321 0.913881 0.273121 -0.300377 0.138794 0.970939 -0.194972 0.554786 0.831225 -0.0357312 0.350284 0.901593 -0.253835 0.539096 0.825572 -0.166756 0.533941 0.806378 -0.254287 0.595303 0.773064 -0.219058 0.667281 0.708585 -0.229444 0.676221 0.702131 -0.22302 0.756861 0.623015 -0.197516 0.746897 0.632123 -0.206314 0.828908 0.535045 -0.163213 0.817209 0.548772 -0.176123 0.87243 0.469248 -0.136645 0.86282 0.482918 -0.149439 0.906189 0.407007 -0.114743 0.900134 0.417446 -0.124491 0.930057 0.353466 -0.100275 0.927637 0.358438 -0.104934 0.946231 0.309454 -0.0942577 0.947001 0.307619 -0.0925183 0.551384 0.815582 -0.175502 0.703848 0.705528 -0.0826285 0.533509 0.813327 -0.232093 0.65456 0.739016 -0.159395 0.591779 0.767647 -0.245997 0.647983 0.732195 -0.20978 0.674932 0.700651 -0.231418 0.686323 0.692259 -0.223023 0.747039 0.632252 -0.205402 0.738638 0.639687 -0.212638 0.817757 0.549169 -0.172299 0.805856 0.562519 -0.184847 0.863327 0.483226 -0.145464 0.853341 0.496808 -0.158085 0.900403 0.417581 -0.122071 0.893776 0.428585 -0.132212 0.927612 0.358427 -0.105196 0.924487 0.364702 -0.110978 0.946764 0.307539 -0.0951739 0.946177 0.308938 -0.0964748 0.700159 0.692396 -0.174258 0.756824 0.641058 -0.127525 0.649734 0.728809 -0.216063 0.708934 0.683938 -0.17217 0.644804 0.727107 -0.235676 0.68367 0.699614 -0.207693 0.685266 0.690934 -0.230264 0.696124 0.682739 -0.22199 0.738823 0.639877 -0.211418 0.733732 0.644274 -0.215751 0.806382 0.56296 -0.181173 0.796086 0.574031 -0.191667 0.853792 0.497126 -0.154611 0.844153 0.509657 -0.166302 0.894021 0.428726 -0.130081 0.88714 0.439694 -0.140183 0.924479 0.364699 -0.111061 0.92082 0.371831 -0.117611 0.946009 0.308878 -0.0982961 0.944604 0.312175 -0.101344 0.75303 0.629082 -0.19288 0.773771 0.609475 -0.172684 0.704652 0.674463 -0.220377 0.727492 0.656009 -0.201017 0.680354 0.69386 -0.235958 0.697508 0.681158 -0.222501 0.694341 0.680201 -0.234982 0.700689 0.675391 -0.229959 0.732876 0.64325 -0.221637 0.730473 0.645268 -0.223693 0.795698 0.573641 -0.194426 0.787775 0.58177 -0.202374 0.843851 0.509399 -0.168607 0.835405 0.51981 -0.178594 0.886788 0.439448 -0.143155 0.880209 0.449404 -0.152539 0.920348 0.371575 -0.122028 0.91643 0.378879 -0.128863 0.944025 0.311952 -0.10725 0.942348 0.315753 -0.110819 0.770281 0.598665 -0.219698 0.772111 0.597009 -0.217774 0.723909 0.647359 -0.238501 0.725766 0.645895 -0.23682 0.694356 0.674909 -0.249735 0.696718 0.673191 -0.247786 0.698225 0.671214 -0.248904 0.69909 0.670576 -0.248196 0.7286 0.642487 -0.237386 0.726039 0.644554 -0.239617 0.786487 0.580105 -0.211934 0.779926 0.586488 -0.218512 0.834353 0.518646 -0.186713 0.827224 0.526931 -0.195051 0.879228 0.44853 -0.160557 0.873422 0.456809 -0.168701 0.91539 0.37819 -0.13796 0.911931 0.384291 -0.143885 0.941225 0.315268 -0.121249 0.939578 0.318819 -0.124688 0.768044 0.583981 -0.262819 0.755303 0.594168 -0.276552 0.721542 0.634597 -0.276882 0.7076 0.644448 -0.289809 0.692597 0.663508 -0.282961 0.681455 0.670901 -0.292423 0.695283 0.662464 -0.278787 0.688641 0.667 -0.284401 0.722656 0.637991 -0.265961 0.717505 0.64185 -0.270583 0.777134 0.58157 -0.240499 0.771403 0.586723 -0.246361 0.824647 0.523044 -0.215366 0.819637 0.52841 -0.221309 0.870869 0.453806 -0.188805 0.867339 0.458439 -0.193794 0.909342 0.382176 -0.164435 0.90706 0.38588 -0.168344 0.936986 0.317549 -0.145673 0.935848 0.319807 -0.148027 0.751952 0.582322 -0.308982 0.728032 0.598556 -0.334215 0.704031 0.633221 -0.321514 0.679978 0.647789 -0.343511 0.677694 0.65972 -0.324808 0.659966 0.670001 -0.339917 0.684898 0.656111 -0.316912 0.674085 0.662705 -0.326239 0.713993 0.631919 -0.301483 0.707 0.636651 -0.30794 0.768225 0.578282 -0.274626 0.763754 0.581937 -0.279337 0.8165 0.521422 -0.247883 0.813024 0.524811 -0.252122 0.864168 0.453238 -0.218608 0.86162 0.456288 -0.222289 0.90384 0.382491 -0.191763 0.902497 0.384485 -0.194089 0.932587 0.317971 -0.170811 0.931986 0.319065 -0.172045 0.724531 0.583524 -0.366816 0.688573 0.602936 -0.402909 0.676001 0.631647 -0.379533 0.646138 0.646229 -0.406071 0.655588 0.651868 -0.381146 0.637253 0.660656 -0.39679 0.669814 0.64384 -0.369891 0.658477 0.649684 -0.379894 0.702936 0.618277 -0.351589 0.696465 0.622033 -0.357787 0.759966 0.565179 -0.320976 0.757078 0.567231 -0.324164 0.809023 0.510655 -0.291056 0.806939 0.512424 -0.29372 0.857227 0.44559 -0.258092 0.856009 0.446863 -0.259926 0.897696 0.37756 -0.227133 0.897133 0.378294 -0.228135 0.926871 0.31558 -0.203274 0.926812 0.315674 -0.203394 0.685356 0.58425 -0.434671 0.641775 0.601715 -0.475462 0.642147 0.622033 -0.448021 0.617229 0.631289 -0.469576 0.633048 0.631712 -0.447426 0.62037 0.636448 -0.45834 0.654518 0.618964 -0.434155 0.647539 0.621815 -0.440498 0.692828 0.591173 -0.412922 0.689689 0.592634 -0.416069 0.753701 0.53856 -0.37668 0.752707 0.539135 -0.377843 0.803043 0.487547 -0.342666 0.802582 0.487865 -0.343292 0.851298 0.427219 -0.304591 0.851447 0.427092 -0.304352 0.891362 0.36554 -0.268058 0.891293 0.365614 -0.268186 0.920108 0.30974 -0.239712 0.920018 0.309865 -0.239899 0.639571 0.578356 -0.506412 0.600028 0.589371 -0.540933 0.614623 0.596856 -0.515754 0.603657 0.599815 -0.525186 0.618029 0.595835 -0.512856 0.6149 0.596692 -0.515612 0.645618 0.578768 -0.498202 0.645576 0.578781 -0.498242 0.68802 0.549383 -0.474138 0.689361 0.548921 -0.472723 0.751083 0.498845 -0.432466 0.752615 0.498184 -0.430561 0.800433 0.45187 -0.393854 0.801549 0.451303 -0.39223 0.848543 0.397323 -0.349442 0.849473 0.396751 -0.347827 0.887018 0.344839 -0.30706 0.887143 0.344744 -0.306805 0.91396 0.300322 -0.272919 0.91297 0.301345 -0.275095 0.998102 0.0602354 -0.0128433 0.998122 0.012842 -0.0598941 0.995834 0.0842015 -0.0350091 0.996441 0.0604929 -0.0587011 0.993801 0.0940291 -0.0593178 0.994031 0.0845965 -0.0688917 0.991769 0.0963496 -0.0843258 0.991782 0.0945209 -0.0862253 0.989651 0.0941749 -0.108271 0.989703 0.096906 -0.105346 0.986344 0.0901975 -0.137803 0.986628 0.0950488 -0.132404 0.982598 0.0858765 -0.164703 0.983142 0.0912106 -0.158468 0.977132 0.0825528 -0.195953 0.977918 0.0875124 -0.189785 0.969674 0.0825326 -0.230047 0.970282 0.0851701 -0.226491 0.960371 0.0878954 -0.264504 0.959962 0.0866344 -0.266395 0.996079 0.0644928 -0.0605529 0.995385 0.0349959 -0.0893532 0.994625 0.0851917 -0.0588569 0.994762 0.0645585 -0.0792568 0.993039 0.0955356 -0.0688993 0.993199 0.0854076 -0.0791269 0.991425 0.0982099 -0.0862109 0.991439 0.0959006 -0.0886088 0.989746 0.0964595 -0.105349 0.989778 0.0986738 -0.10297 0.986839 0.0928067 -0.132425 0.98707 0.0973084 -0.127377 0.983365 0.0887313 -0.158496 0.983847 0.0938535 -0.152433 0.978066 0.0857916 -0.189809 0.978781 0.0904908 -0.183846 0.970253 0.0855215 -0.226485 0.970992 0.0887174 -0.222046 0.95975 0.089131 -0.266339 0.960051 0.0900225 -0.264949 0.99308 0.0750094 -0.0903646 0.992662 0.0592477 -0.10541 0.992901 0.0883656 -0.0796233 0.992875 0.0750109 -0.0925931 0.992173 0.0965316 -0.079207 0.992252 0.0884316 -0.0872726 0.991129 0.0990556 -0.0886126 0.991142 0.0967334 -0.0909973 0.989836 0.0980881 -0.102972 0.98985 0.0994082 -0.101566 0.987265 0.0952987 -0.127385 0.98742 0.0988877 -0.123384 0.984034 0.0918505 -0.152446 0.984415 0.0963698 -0.147106 0.978902 0.0891409 -0.183859 0.979553 0.0937136 -0.17803 0.970993 0.0886985 -0.222046 0.971801 0.0922924 -0.216989 0.959909 0.09163 -0.264914 0.960554 0.0935269 -0.261894 0.990114 0.0911572 -0.106607 0.990013 0.0841723 -0.113092 0.9909 0.0971714 -0.0931419 0.990919 0.0911763 -0.0988245 0.99102 0.101146 -0.0874588 0.991069 0.0971609 -0.0913398 0.990536 0.10271 -0.0910462 0.99055 0.101224 -0.0925401 0.989548 0.102354 -0.10158 0.98955 0.10297 -0.100937 0.987269 0.100371 -0.123389 0.987357 0.103105 -0.120396 0.984289 0.0976443 -0.147108 0.984558 0.101475 -0.142646 0.979368 0.0956354 -0.178024 0.979881 0.0996746 -0.172912 0.971469 0.0958047 -0.216953 0.972181 0.099177 -0.212197 0.960027 0.099101 -0.261777 0.96074 0.101243 -0.258318 0.987478 0.108703 -0.114324 0.987482 0.108045 -0.114914 0.989017 0.109336 -0.0994552 0.989027 0.10878 -0.0999668 0.989714 0.109858 -0.0916411 0.989726 0.109312 -0.0921576 0.989593 0.11006 -0.0926977 0.989596 0.109875 -0.0928786 0.988824 0.109628 -0.101038 0.988819 0.110255 -0.100403 0.986806 0.10817 -0.120475 0.986844 0.110322 -0.118188 0.984035 0.106345 -0.142713 0.984192 0.109327 -0.13933 0.979293 0.105223 -0.172957 0.979656 0.1086 -0.168762 0.971424 0.106377 -0.212177 0.971984 0.109291 -0.208092 0.959741 0.110733 -0.258137 0.960372 0.112702 -0.254919 0.984258 0.132927 -0.11648 0.984089 0.137477 -0.112552 0.986482 0.129129 -0.100895 0.986307 0.133098 -0.0973861 0.98764 0.126353 -0.0927502 0.987514 0.129132 -0.0902313 0.987791 0.124728 -0.0933346 0.987727 0.126344 -0.0918304 0.987222 0.123414 -0.100801 0.987181 0.12487 -0.099399 0.985392 0.122228 -0.118584 0.985384 0.124072 -0.116721 0.982723 0.121388 -0.139716 0.982782 0.123489 -0.137444 0.978015 0.122039 -0.169095 0.978174 0.124047 -0.166696 0.970027 0.125259 -0.208225 0.970315 0.12702 -0.205804 0.957997 0.131991 -0.254599 0.958331 0.133115 -0.252749 0.981119 0.156244 -0.113989 0.980546 0.164366 -0.107304 0.983785 0.149973 -0.0983671 0.983303 0.156492 -0.0928778 0.985151 0.145566 -0.0910387 0.984829 0.150013 -0.0872185 0.985399 0.142855 -0.0926337 0.985223 0.145561 -0.0902622 0.984918 0.141024 -0.100239 0.984815 0.142969 -0.0984886 0.983104 0.140207 -0.117681 0.983059 0.141634 -0.116338 0.980443 0.139889 -0.138427 0.98044 0.141451 -0.136853 0.97568 0.14131 -0.167573 0.975742 0.142669 -0.166051 0.967586 0.145654 -0.206306 0.967728 0.146758 -0.204854 0.955252 0.154053 -0.25251 0.955418 0.154668 -0.251503 0.976818 0.184184 -0.109104 0.975545 0.195643 -0.100182 0.979759 0.176554 -0.0943437 0.97888 0.184501 -0.0880507 0.981076 0.172109 -0.0887052 0.980593 0.176625 -0.0850955 0.981292 0.169152 -0.0919452 0.980998 0.172109 -0.0895594 0.980771 0.167344 -0.10042 0.980604 0.169236 -0.0988676 0.978827 0.166773 -0.118674 0.978755 0.167839 -0.117769 0.976061 0.167011 -0.139326 0.976026 0.167842 -0.138576 0.971162 0.168799 -0.168376 0.971162 0.169595 -0.167578 0.962851 0.174063 -0.206446 0.962871 0.174325 -0.20613 0.950224 0.183896 -0.25151 0.950245 0.183986 -0.251365 0.970833 0.216782 -0.102413 0.968782 0.22986 -0.0928786 0.973398 0.210522 -0.0904278 0.972389 0.217091 -0.0856236 0.974338 0.20723 -0.0878681 0.973835 0.210588 -0.0854278 0.974301 0.205232 -0.0928311 0.974019 0.207203 -0.091406 0.973524 0.204184 -0.102765 0.973383 0.20523 -0.102008 0.971288 0.203916 -0.122549 0.971232 0.20439 -0.1222 0.968268 0.204379 -0.143828 0.968253 0.204528 -0.143714 0.963094 0.206285 -0.172908 0.963104 0.206121 -0.173045 0.954809 0.210184 -0.21015 0.954809 0.210461 -0.209872 0.942572 0.218942 -0.252234 0.942581 0.218998 -0.252152 0.962726 0.252987 -0.0956853 0.960368 0.264495 -0.0879514 0.9641 0.250035 -0.0894134 0.96347 0.253171 -0.0873476 0.964277 0.249134 -0.0900133 0.964098 0.250034 -0.0894336 0.963644 0.249013 -0.0968678 0.963644 0.249012 -0.0968685 0.962286 0.249446 -0.108542 0.962403 0.248831 -0.108923 0.959523 0.24973 -0.130196 0.959628 0.249134 -0.130561 0.956064 0.250176 -0.152817 0.956165 0.249558 -0.153196 0.950578 0.250872 -0.182934 0.950662 0.250279 -0.183307 0.942681 0.252112 -0.218613 0.942707 0.25187 -0.21878 0.932659 0.254476 -0.255713 0.932659 0.255844 -0.254345 0.55669 0.829954 0.0356707 0.138828 0.971181 0.193739 0.682274 0.726134 0.0850408 0.552091 0.818227 0.160313 0.717928 0.682735 0.13584 0.677653 0.716526 0.165457 0.720236 0.667455 0.189112 0.713172 0.673339 0.194937 0.704563 0.666686 0.243147 0.715757 0.65814 0.233546 0.6776 0.666749 0.31033 0.698715 0.653036 0.292131 0.646519 0.666063 0.371985 0.672387 0.652144 0.350148 0.615684 0.655215 0.437751 0.640723 0.644579 0.417123 0.596034 0.629958 0.497892 0.610436 0.625303 0.486173 0.59936 0.5898 0.541205 0.593063 0.591337 0.546439 0.575781 0.80141 0.161924 0.348862 0.897933 0.268352 0.682478 0.717147 0.14115 0.571298 0.793294 0.210484 0.721238 0.674889 0.156013 0.678447 0.710078 0.188412 0.72656 0.659991 0.191108 0.717415 0.667677 0.198805 0.714252 0.659592 0.234058 0.723085 0.652634 0.226313 0.690311 0.660448 0.29543 0.709277 0.647534 0.278613 0.662136 0.660243 0.354479 0.685697 0.646806 0.333859 0.633186 0.649812 0.4205 0.656787 0.639129 0.400181 0.611331 0.624757 0.48575 0.62812 0.619046 0.471431 0.603827 0.58543 0.540985 0.608255 0.584355 0.537174 0.626056 0.746286 0.22608 0.529535 0.799724 0.282905 0.690714 0.698644 0.186573 0.625328 0.745242 0.231471 0.72248 0.668178 0.177654 0.688777 0.695714 0.203883 0.728915 0.656116 0.195435 0.719903 0.663706 0.20306 0.720911 0.65478 0.227046 0.726206 0.650518 0.222377 0.701839 0.65435 0.28151 0.716493 0.643933 0.268307 0.67758 0.65354 0.337299 0.697617 0.641401 0.319273 0.650807 0.643518 0.402907 0.67261 0.632919 0.383418 0.62835 0.618897 0.471319 0.645925 0.612484 0.45568 0.615425 0.580268 0.533424 0.625225 0.577774 0.524663 0.692845 0.678752 0.243436 0.660666 0.701561 0.267081 0.720345 0.661939 0.20722 0.695547 0.68181 0.226604 0.735823 0.649671 0.19103 0.720837 0.662576 0.203436 0.740097 0.643015 0.196949 0.734621 0.647799 0.201715 0.735757 0.640808 0.219149 0.737984 0.638929 0.217138 0.721431 0.6392 0.266385 0.731817 0.631302 0.256715 0.70232 0.637257 0.317254 0.717583 0.627163 0.302888 0.679974 0.627111 0.379957 0.697783 0.61747 0.363084 0.659467 0.603086 0.448765 0.67543 0.596508 0.433557 0.646571 0.564726 0.512865 0.656449 0.561874 0.503362 0.75172 0.615271 0.237402 0.749647 0.617077 0.239259 0.758457 0.617945 0.207091 0.756522 0.619729 0.20883 0.762213 0.618566 0.19081 0.760499 0.620191 0.192367 0.762666 0.6174 0.192765 0.761893 0.618129 0.193484 0.758985 0.616368 0.209839 0.761025 0.61451 0.207888 0.748039 0.614664 0.250252 0.755527 0.608441 0.242854 0.733663 0.611777 0.295748 0.744554 0.603775 0.284771 0.716988 0.600767 0.353564 0.729571 0.59305 0.340614 0.701106 0.576663 0.419416 0.712984 0.571015 0.406934 0.690479 0.538687 0.482758 0.698486 0.535989 0.474165 0.812633 0.54216 0.213753 0.822755 0.531074 0.20257 0.808706 0.55674 0.18983 0.818097 0.546242 0.179828 0.804856 0.566401 0.177191 0.81137 0.559139 0.170418 0.800828 0.571206 0.179997 0.805047 0.566619 0.17562 0.795805 0.573289 0.195025 0.799598 0.569339 0.19104 0.787715 0.571769 0.229316 0.792724 0.566975 0.223895 0.778433 0.567302 0.268719 0.784465 0.562114 0.261995 0.768201 0.554657 0.319724 0.77467 0.549904 0.312237 0.758986 0.529767 0.378534 0.764628 0.526463 0.371726 0.753027 0.492567 0.436266 0.756813 0.490954 0.431506 0.854715 0.484037 0.187539 0.86783 0.466774 0.170273 0.848521 0.502009 0.16733 0.859732 0.487175 0.153368 0.842881 0.514227 0.158502 0.850881 0.503808 0.148925 0.837783 0.521025 0.163255 0.843053 0.514393 0.157038 0.832794 0.524259 0.177785 0.836668 0.519606 0.173197 0.826565 0.522765 0.208584 0.82982 0.519161 0.204624 0.819872 0.518077 0.243732 0.823255 0.514683 0.239482 0.812538 0.505946 0.289484 0.815836 0.50309 0.285152 0.806065 0.482612 0.342555 0.808559 0.480878 0.3391 0.801786 0.448434 0.395028 0.803714 0.44746 0.392203 0.890986 0.425487 0.158445 0.903361 0.405737 0.13898 0.88554 0.44233 0.141994 0.894861 0.427516 0.128273 0.881215 0.452552 0.13659 0.887138 0.443327 0.128249 0.87715 0.458394 0.143119 0.881096 0.45246 0.137662 0.873397 0.460906 0.157302 0.87596 0.457222 0.153758 0.8687 0.459305 0.185472 0.870398 0.457048 0.183069 0.863732 0.455067 0.21652 0.865235 0.453246 0.21433 0.858091 0.444679 0.25679 0.859174 0.443536 0.255139 0.852647 0.425172 0.30368 0.853338 0.424583 0.302562 0.849603 0.395686 0.348723 0.849673 0.395643 0.3486 0.91937 0.371103 0.130543 0.928786 0.352983 0.112961 0.916448 0.382239 0.118389 0.921746 0.372128 0.109113 0.914371 0.387754 0.116504 0.91713 0.382575 0.111846 0.912169 0.390613 0.123976 0.913891 0.387475 0.121109 0.909827 0.391459 0.13775 0.910846 0.389678 0.136056 0.906444 0.389406 0.163472 0.906789 0.388846 0.162889 0.902711 0.385667 0.190722 0.90284 0.385475 0.190499 0.897686 0.378127 0.226231 0.897634 0.378194 0.226323 0.891657 0.365217 0.267514 0.891818 0.365045 0.267212 0.887167 0.344473 0.307039 0.88736 0.344327 0.306646 0.940508 0.322482 0.107004 0.946201 0.309466 0.0945252 0.939815 0.32647 0.100824 0.941436 0.322803 0.0974523 0.939278 0.327666 0.101939 0.939812 0.326469 0.100854 0.938561 0.327255 0.109578 0.938511 0.327364 0.109678 0.937391 0.326021 0.122508 0.9371 0.326636 0.123094 0.93481 0.323636 0.146252 0.934358 0.324525 0.147168 0.931618 0.320834 0.170745 0.931169 0.321649 0.171656 0.926744 0.316287 0.202753 0.926168 0.317218 0.203927 0.920087 0.310016 0.239437 0.919844 0.31035 0.239936 0.912993 0.301321 0.275043 0.913836 0.30045 0.27319 0.138604 0.195004 0.97096 0.555047 0.0355829 0.831058 0.350309 0.253898 0.901565 0.539216 0.166764 0.825491 0.533696 0.254411 0.806501 0.595141 0.219145 0.773164 0.667253 0.229517 0.708587 0.676186 0.223099 0.702139 0.756949 0.197492 0.622916 0.746891 0.206376 0.63211 0.828917 0.163147 0.535051 0.81712 0.176161 0.548891 0.872397 0.136684 0.469299 0.862877 0.149358 0.482841 0.906204 0.114694 0.406988 0.900091 0.124534 0.417525 0.930078 0.100249 0.35342 0.927673 0.104879 0.358361 0.946218 0.0943109 0.309477 0.947024 0.0924913 0.307557 0.551683 0.17539 0.815405 0.703721 0.0827558 0.705641 0.533626 0.232045 0.813264 0.654726 0.1593 0.73889 0.591626 0.246051 0.767748 0.647956 0.20976 0.732225 0.674899 0.231469 0.700666 0.68634 0.223037 0.692237 0.747043 0.205399 0.632249 0.738565 0.2127 0.63975 0.817657 0.172419 0.54928 0.805877 0.184837 0.562492 0.863377 0.145437 0.483144 0.853295 0.158179 0.496857 0.90036 0.122117 0.41766 0.893761 0.132212 0.428615 0.927642 0.105195 0.358348 0.924513 0.110989 0.364634 0.946788 0.0951353 0.307478 0.946179 0.0964849 0.308928 0.700048 0.174338 0.692488 0.756841 0.127494 0.641044 0.649903 0.215978 0.728684 0.708894 0.172232 0.683963 0.644772 0.235672 0.727136 0.683707 0.20764 0.699593 0.685291 0.230228 0.690921 0.696112 0.221983 0.682753 0.738765 0.211388 0.639955 0.733628 0.215757 0.64439 0.806406 0.181151 0.562933 0.796159 0.191595 0.573953 0.853753 0.154653 0.49718 0.844161 0.166286 0.509648 0.893999 0.130141 0.428753 0.887146 0.140204 0.439676 0.924507 0.111048 0.364631 0.920815 0.117659 0.371829 0.946016 0.0982511 0.308871 0.944586 0.101352 0.312225 0.753051 0.19289 0.629053 0.773805 0.17268 0.609433 0.704611 0.220443 0.674484 0.727529 0.201021 0.655967 0.68039 0.235908 0.693842 0.697355 0.222601 0.681281 0.694336 0.234908 0.680232 0.700611 0.229944 0.675478 0.732754 0.221776 0.64334 0.730676 0.223555 0.645086 0.795769 0.194372 0.57356 0.787655 0.20251 0.581884 0.843865 0.168554 0.509394 0.835388 0.178576 0.519843 0.886799 0.14313 0.439433 0.880246 0.152479 0.449352 0.920352 0.12199 0.371579 0.916418 0.128853 0.378914 0.944005 0.107282 0.312001 0.942361 0.110781 0.315728 0.770314 0.219684 0.598628 0.772238 0.21766 0.596886 0.723948 0.238473 0.647325 0.725781 0.236814 0.64588 0.694223 0.24969 0.675062 0.696438 0.247863 0.673452 0.698137 0.248967 0.671282 0.699249 0.248057 0.670461 0.728797 0.237289 0.642299 0.72612 0.239622 0.644461 0.786373 0.212023 0.580228 0.779926 0.218485 0.586498 0.834326 0.186778 0.518665 0.827216 0.195095 0.526927 0.879265 0.160503 0.448478 0.873364 0.168778 0.45689 0.915368 0.138023 0.378221 0.911981 0.143824 0.384193 0.941237 0.12123 0.315241 0.939552 0.124749 0.318873 0.76817 0.262732 0.583855 0.755297 0.276611 0.594149 0.721572 0.276793 0.634602 0.707535 0.289807 0.64452 0.692302 0.283142 0.663738 0.681472 0.292336 0.670922 0.695438 0.278687 0.662344 0.688554 0.284505 0.667045 0.722754 0.265864 0.637921 0.717572 0.270514 0.641804 0.777141 0.240434 0.581587 0.771401 0.246306 0.586748 0.824643 0.215377 0.523046 0.819726 0.22121 0.528313 0.870812 0.188864 0.453891 0.867303 0.193823 0.458496 0.909396 0.164373 0.382075 0.907065 0.168366 0.385858 0.936955 0.145754 0.317603 0.93588 0.147978 0.319737 0.751963 0.308892 0.582355 0.727784 0.33439 0.59876 0.703956 0.321614 0.633254 0.680246 0.343302 0.647618 0.677694 0.324815 0.659717 0.659822 0.340044 0.670078 0.684809 0.317031 0.656146 0.674158 0.326216 0.662641 0.714042 0.30157 0.631822 0.707101 0.307978 0.63652 0.768219 0.27466 0.578275 0.763611 0.279514 0.58204 0.816594 0.247765 0.521331 0.812978 0.252175 0.524857 0.864116 0.218697 0.453293 0.861713 0.22217 0.456171 0.903853 0.191744 0.382472 0.902448 0.194176 0.384556 0.932629 0.170711 0.317901 0.931983 0.172038 0.319079 0.724272 0.367017 0.58372 0.688607 0.402804 0.602967 0.676259 0.379438 0.631427 0.646341 0.406042 0.646044 0.655456 0.381229 0.651952 0.637109 0.396878 0.660742 0.669871 0.369843 0.643808 0.658424 0.379943 0.649709 0.703055 0.351518 0.618182 0.696604 0.3577 0.621927 0.75983 0.32107 0.565307 0.757024 0.324169 0.5673 0.808974 0.291148 0.51068 0.806954 0.29373 0.512395 0.857315 0.25803 0.445457 0.85603 0.259965 0.4468 0.897648 0.227182 0.377646 0.897096 0.228164 0.378366 0.92686 0.203319 0.315583 0.926821 0.203398 0.315645 0.685381 0.434711 0.584191 0.641678 0.475614 0.601698 0.64236 0.447883 0.621912 0.617215 0.469641 0.631255 0.632891 0.44746 0.631845 0.62019 0.458388 0.636588 0.654486 0.434179 0.618981 0.647622 0.440419 0.621786 0.692968 0.412806 0.59109 0.689726 0.416058 0.592599 0.753637 0.376625 0.538688 0.752532 0.377918 0.539327 0.803071 0.342624 0.487531 0.802715 0.343108 0.487776 0.851339 0.304488 0.427211 0.851412 0.304372 0.427149 0.891324 0.268078 0.365617 0.891304 0.268116 0.365639 0.920133 0.239632 0.309727 0.920001 0.239905 0.309909 0.639483 0.5064 0.578463 0.600104 0.540778 0.589436 0.614617 0.515748 0.596867 0.603804 0.525051 0.599786 0.617849 0.512943 0.595947 0.614727 0.515692 0.596802 0.645696 0.498134 0.578739 0.645604 0.498221 0.578767 0.68804 0.474181 0.549321 0.689562 0.472575 0.548796 0.750904 0.432685 0.498926 0.752507 0.430692 0.498235 0.800576 0.393697 0.451753 0.801502 0.392349 0.451283 0.848502 0.3495 0.39736 0.849508 0.347754 0.396742 0.887024 0.307067 0.344816 0.88715 0.30681 0.344721 0.913914 0.273048 0.300343 0.912989 0.275081 0.301299 0.998102 0.0128417 0.060234 0.998122 0.0598908 0.0128412 0.995833 0.0350116 0.0842033 0.996441 0.0587068 0.0604943 0.993801 0.0593156 0.0940228 0.994031 0.068881 0.0845997 0.991769 0.0843216 0.0963536 0.991782 0.0862304 0.094516 0.989648 0.108282 0.0941891 0.9897 0.105366 0.0969117 0.986345 0.137792 0.0902082 0.986629 0.132389 0.0950638 0.982598 0.16471 0.0858623 0.983145 0.158445 0.0912213 0.97713 0.195961 0.0825556 0.977914 0.189813 0.0874985 0.96967 0.23007 0.0825155 0.970283 0.226488 0.085173 0.96038 0.264481 0.0878635 0.959974 0.266364 0.0866076 0.996079 0.0605508 0.0644937 0.995386 0.0893435 0.0349997 0.994624 0.0588635 0.0851901 0.994761 0.0792646 0.0645587 0.99304 0.0688875 0.0955317 0.9932 0.0791136 0.0854071 0.991425 0.0862164 0.0982016 0.991439 0.0886083 0.0958979 0.989744 0.105369 0.0964571 0.989776 0.102995 0.0986659 0.986841 0.13241 0.0928032 0.987072 0.127361 0.0973053 0.983367 0.158473 0.0887443 0.983848 0.152428 0.0938514 0.97806 0.189837 0.0857939 0.978778 0.183855 0.0905074 0.970254 0.226482 0.0855147 0.970994 0.222036 0.088716 0.959759 0.266307 0.0891229 0.96006 0.264922 0.0900115 0.99308 0.0903536 0.0750215 0.992662 0.105418 0.059239 0.9929 0.0796293 0.0883625 0.992874 0.0925844 0.0750232 0.992174 0.0791926 0.096537 0.992253 0.087267 0.0884274 0.991128 0.0886125 0.0990602 0.991141 0.0909957 0.0967384 0.989835 0.102996 0.0980736 0.989849 0.101571 0.0994118 0.987267 0.12737 0.0952951 0.987421 0.123386 0.0988692 0.984039 0.152441 0.0918131 0.984422 0.147064 0.0963638 0.978899 0.183869 0.0891615 0.979542 0.178104 0.093683 0.970995 0.222037 0.0887025 0.971806 0.216959 0.0923114 0.959916 0.264885 0.0916352 0.960561 0.261868 0.0935304 0.990113 0.106621 0.0911468 0.990012 0.113092 0.0841775 0.990901 0.0931315 0.0971713 0.99092 0.0988246 0.0911655 0.991025 0.0874515 0.101105 0.991073 0.0912929 0.0971604 0.990535 0.0910453 0.10272 0.99055 0.0925901 0.101183 0.989553 0.101585 0.102303 0.989555 0.100878 0.10298 0.987271 0.123391 0.100356 0.987357 0.120437 0.103054 0.984293 0.147066 0.0976679 0.984559 0.142649 0.10146 0.979357 0.178099 0.0956052 0.979877 0.172918 0.0996996 0.971476 0.216923 0.0958039 0.972179 0.212226 0.0991343 0.960032 0.261752 0.0991251 0.960738 0.258323 0.101248 0.987479 0.114321 0.108702 0.987482 0.114904 0.108053 0.989017 0.0994574 0.109336 0.989026 0.0999677 0.10878 0.989713 0.0915956 0.109901 0.989727 0.0921524 0.109312 0.989588 0.0927485 0.11006 0.989591 0.0928872 0.109918 0.988823 0.100981 0.109688 0.988819 0.100408 0.110254 0.9868 0.120516 0.10817 0.98684 0.118161 0.110387 0.98403 0.142716 0.106382 0.984186 0.139374 0.109328 0.979289 0.172963 0.105242 0.979655 0.168743 0.108639 0.971418 0.212205 0.106372 0.971984 0.208078 0.109316 0.959741 0.258141 0.110726 0.96037 0.25493 0.112692 0.984259 0.116467 0.132929 0.984091 0.112555 0.137462 0.986483 0.100898 0.129114 0.986308 0.0973736 0.1331 0.987638 0.0927441 0.126374 0.987513 0.0902577 0.129116 0.987791 0.0933429 0.124724 0.987726 0.0918152 0.126364 0.987221 0.100805 0.123421 0.987181 0.0994133 0.124866 0.985393 0.118555 0.122249 0.985385 0.116707 0.124078 0.982718 0.139762 0.121372 0.982778 0.137447 0.123512 0.978019 0.169071 0.122042 0.978176 0.166702 0.124025 0.970031 0.208215 0.125243 0.970321 0.205775 0.127019 0.957996 0.254605 0.131983 0.958329 0.252763 0.133103 0.981122 0.113992 0.156221 0.980548 0.107294 0.16436 0.983785 0.0983541 0.149982 0.983305 0.0928891 0.156471 0.985152 0.091067 0.14554 0.984828 0.0872186 0.150021 0.9854 0.0926167 0.142859 0.985226 0.0902714 0.145535 0.984916 0.100254 0.141031 0.984812 0.0985041 0.142974 0.983106 0.117666 0.140208 0.983061 0.116319 0.141639 0.980441 0.138428 0.139907 0.980437 0.136869 0.141454 0.975682 0.167579 0.141287 0.975746 0.166014 0.142684 0.967593 0.206276 0.145647 0.967732 0.204853 0.14673 0.955248 0.252528 0.154047 0.955416 0.251512 0.154667 0.976813 0.109098 0.184209 0.975539 0.100171 0.195676 0.97976 0.0943559 0.176543 0.978878 0.0880369 0.184522 0.981078 0.0887051 0.172096 0.980595 0.0850934 0.176615 0.981296 0.0919549 0.169123 0.981001 0.0895555 0.172097 0.980775 0.100433 0.167315 0.980608 0.0988816 0.169206 0.978827 0.118656 0.166789 0.978757 0.117791 0.167808 0.97606 0.139342 0.167008 0.976023 0.138572 0.167861 0.971168 0.168336 0.168805 0.971168 0.167554 0.169584 0.962845 0.206451 0.174091 0.962865 0.206146 0.174344 0.950218 0.251514 0.183919 0.950241 0.251358 0.184016 0.970843 0.102394 0.216749 0.96879 0.0928496 0.229837 0.973399 0.090411 0.210524 0.972395 0.0856324 0.217058 0.974334 0.0878685 0.207252 0.973833 0.0854433 0.21059 0.974302 0.0928286 0.205227 0.974016 0.0913834 0.207224 0.973524 0.102783 0.204174 0.973383 0.102021 0.205225 0.971286 0.122577 0.203906 0.971231 0.122228 0.204381 0.968278 0.143819 0.20434 0.96826 0.143684 0.204516 0.963104 0.172874 0.206266 0.963116 0.173029 0.20608 0.954802 0.210173 0.210194 0.954801 0.209921 0.210445 0.942577 0.252215 0.218941 0.942587 0.252128 0.219001 0.9627 0.0956693 0.253093 0.960362 0.0880024 0.264502 0.964086 0.0894339 0.25008 0.963444 0.0873294 0.253276 0.964281 0.0900289 0.249112 0.964088 0.0894048 0.250081 0.963635 0.0968425 0.249057 0.963648 0.0968844 0.248991 0.962281 0.10856 0.249458 0.962391 0.108921 0.248875 0.959508 0.130239 0.249765 0.959618 0.130619 0.249144 0.956071 0.152785 0.250172 0.956165 0.153139 0.249595 0.950564 0.182938 0.250922 0.950655 0.183342 0.25028 0.942691 0.218654 0.252039 0.942703 0.218732 0.251927 0.932659 0.255694 0.254495 0.932659 0.254426 0.255763 -0.138561 0.195005 -0.970965 -0.55458 0.035744 -0.831362 -0.350306 0.25393 -0.901557 -0.539339 0.166749 -0.825414 -0.534065 0.25421 -0.80632 -0.59501 0.219225 -0.773243 -0.667406 0.229291 -0.708516 -0.676188 0.222981 -0.702174 -0.756659 0.197684 -0.623208 -0.747097 0.206128 -0.631947 -0.829127 0.162992 -0.534773 -0.817115 0.17625 -0.548871 -0.872354 0.136742 -0.469361 -0.862968 0.149239 -0.482715 -0.906169 0.114752 -0.40705 -0.900054 0.124593 -0.417589 -0.930072 0.100207 -0.353448 -0.927604 0.104957 -0.358517 -0.946243 0.0942519 -0.309419 -0.947047 0.0924347 -0.307502 -0.551208 0.175621 -0.815676 -0.70388 0.0826127 -0.705499 -0.533749 0.232015 -0.813192 -0.654502 0.159498 -0.739045 -0.591494 0.246132 -0.767824 -0.647975 0.209748 -0.732212 -0.674877 0.231513 -0.700673 -0.68627 0.223118 -0.69228 -0.747224 0.205309 -0.632063 -0.738616 0.212724 -0.639683 -0.817674 0.172356 -0.549275 -0.805829 0.18484 -0.56256 -0.863468 0.145315 -0.483018 -0.853345 0.158111 -0.496794 -0.900327 0.122131 -0.417726 -0.893799 0.13212 -0.428566 -0.927578 0.105223 -0.358507 -0.924442 0.111024 -0.364801 -0.946811 0.0950835 -0.307422 -0.946179 0.0964849 -0.308928 -0.700213 0.174179 -0.692361 -0.7568 0.127496 -0.641092 -0.649676 0.216164 -0.728831 -0.709168 0.172047 -0.683725 -0.644794 0.235638 -0.727129 -0.683401 0.207847 -0.69983 -0.685225 0.230278 -0.69097 -0.696177 0.221932 -0.682703 -0.738804 0.211486 -0.639876 -0.733817 0.21573 -0.644184 -0.80635 0.181209 -0.562995 -0.796001 0.191754 -0.57412 -0.853791 0.15468 -0.497107 -0.844207 0.166306 -0.509565 -0.894022 0.130169 -0.428696 -0.88718 0.140218 -0.439602 -0.924432 0.111126 -0.364796 -0.920737 0.117739 -0.371997 -0.946001 0.0984045 -0.308866 -0.944633 0.101374 -0.312077 -0.753006 0.192939 -0.629092 -0.773804 0.172687 -0.609431 -0.70489 0.220236 -0.674259 -0.727513 0.201059 -0.655972 -0.680102 0.235959 -0.694107 -0.697264 0.222503 -0.681407 -0.694379 0.235013 -0.680152 -0.700958 0.229806 -0.675164 -0.73297 0.221559 -0.643169 -0.730402 0.223757 -0.645326 -0.795631 0.194385 -0.573748 -0.787674 0.202363 -0.581909 -0.843915 0.168539 -0.509315 -0.835508 0.178484 -0.519682 -0.886859 0.142933 -0.439376 -0.88012 0.152546 -0.449577 -0.920265 0.122148 -0.371743 -0.916557 0.128617 -0.378657 -0.944067 0.107149 -0.311859 -0.942291 0.110927 -0.315884 -0.770321 0.219612 -0.598646 -0.771979 0.217867 -0.597145 -0.723939 0.238451 -0.647344 -0.725844 0.236726 -0.645841 -0.694103 0.249839 -0.675131 -0.696585 0.24779 -0.673327 -0.698498 0.248733 -0.670993 -0.699152 0.248198 -0.67051 -0.728531 0.237426 -0.64255 -0.726155 0.239496 -0.64447 -0.786373 0.212023 -0.580228 -0.779846 0.218565 -0.586575 -0.83446 0.186582 -0.51852 -0.827163 0.195119 -0.527 -0.879126 0.160663 -0.448692 -0.87347 0.168595 -0.456756 -0.915505 0.137827 -0.377962 -0.91193 0.143952 -0.384269 -0.941177 0.121274 -0.315401 -0.939576 0.124618 -0.318853 -0.767918 0.262855 -0.584131 -0.755198 0.276563 -0.594297 -0.721616 0.276883 -0.634513 -0.707796 0.289701 -0.644282 -0.692456 0.28301 -0.663634 -0.68123 0.292539 -0.671079 -0.695343 0.278806 -0.662394 -0.688794 0.284342 -0.666868 -0.722789 0.265767 -0.637922 -0.717287 0.270703 -0.642043 -0.777042 0.240626 -0.58164 -0.771707 0.246085 -0.586438 -0.824584 0.215447 -0.52311 -0.81952 0.221452 -0.528532 -0.870915 0.188717 -0.453754 -0.867249 0.193898 -0.458566 -0.909362 0.164346 -0.382166 -0.907078 0.16826 -0.385873 -0.936959 0.14579 -0.317574 -0.935948 0.147883 -0.319582 -0.75184 0.309078 -0.582415 -0.727903 0.334322 -0.598653 -0.704229 0.321387 -0.633066 -0.680029 0.343523 -0.647729 -0.677466 0.324906 -0.659906 -0.659832 0.339928 -0.670127 -0.685059 0.316782 -0.656005 -0.674093 0.326242 -0.662695 -0.713768 0.301675 -0.632082 -0.707098 0.307831 -0.636595 -0.768521 0.27448 -0.577959 -0.763871 0.279382 -0.581762 -0.816389 0.247977 -0.521552 -0.812981 0.252131 -0.524873 -0.864054 0.218825 -0.45335 -0.861644 0.222306 -0.456235 -0.903844 0.191803 -0.382463 -0.902396 0.19431 -0.384611 -0.93269 0.17067 -0.317743 -0.932007 0.172073 -0.318987 -0.724387 0.366959 -0.583613 -0.688745 0.402737 -0.602854 -0.676055 0.379556 -0.631575 -0.646151 0.406134 -0.646177 -0.655456 0.381229 -0.651952 -0.637059 0.39692 -0.660765 -0.669792 0.369985 -0.643809 -0.658588 0.379871 -0.649584 -0.703031 0.351607 -0.618159 -0.696524 0.357841 -0.621936 -0.760104 0.320773 -0.565107 -0.756887 0.324326 -0.567393 -0.808994 0.290986 -0.510741 -0.806962 0.293583 -0.512467 -0.857257 0.258075 -0.445542 -0.856156 0.259734 -0.446693 -0.897582 0.227376 -0.377686 -0.897172 0.228106 -0.378221 -0.926894 0.203293 -0.315498 -0.926745 0.203598 -0.315739 -0.685529 0.434508 -0.584168 -0.641537 0.475687 -0.601791 -0.642183 0.447922 -0.622066 -0.617235 0.469507 -0.631335 -0.632827 0.447622 -0.631795 -0.620579 0.458164 -0.636371 -0.654634 0.434173 -0.618827 -0.647621 0.44055 -0.621694 -0.692901 0.412842 -0.591143 -0.689504 0.416248 -0.592724 -0.75349 0.376853 -0.538735 -0.752636 0.377852 -0.539229 -0.80306 0.342725 -0.487477 -0.802648 0.343285 -0.487762 -0.851454 0.304393 -0.427048 -0.851424 0.304443 -0.427075 -0.891438 0.267784 -0.365556 -0.891208 0.268212 -0.365801 -0.920102 0.239583 -0.309859 -0.92007 0.239648 -0.309902 -0.639335 0.506568 -0.578481 -0.599992 0.540907 -0.589431 -0.614633 0.51574 -0.596858 -0.603565 0.525259 -0.599843 -0.618221 0.512752 -0.595725 -0.615102 0.515501 -0.596581 -0.645698 0.498105 -0.578762 -0.645535 0.498259 -0.578811 -0.687833 0.474308 -0.54947 -0.689422 0.472632 -0.548923 -0.751001 0.43253 -0.498915 -0.752438 0.430743 -0.498295 -0.800504 0.393841 -0.451756 -0.801697 0.392104 -0.451149 -0.848524 0.349477 -0.397332 -0.849407 0.347945 -0.39679 -0.886913 0.307293 -0.3449 -0.88715 0.30681 -0.344721 -0.91392 0.273143 -0.30024 -0.912992 0.275182 -0.301199 -0.998096 0.0128417 -0.0603299 -0.998117 0.0599837 -0.0128435 -0.995829 0.0350115 -0.0842514 -0.996438 0.0586597 -0.0605898 -0.993795 0.0593153 -0.0940871 -0.994026 0.0688954 -0.084648 -0.991769 0.0843217 -0.0963524 -0.991782 0.0861636 -0.0945791 -0.989642 0.108381 -0.0941431 -0.989695 0.105416 -0.0969118 -0.986348 0.137741 -0.0902542 -0.986626 0.132442 -0.0950162 -0.982601 0.164711 -0.0858287 -0.983155 0.158356 -0.0912654 -0.977118 0.196015 -0.0825756 -0.977894 0.189925 -0.0874725 -0.969697 0.22996 -0.0825029 -0.970314 0.226354 -0.0851775 -0.960354 0.264598 -0.0878007 -0.959968 0.266383 -0.0866098 -0.996081 0.0606332 -0.0643978 -0.995386 0.0893434 -0.0349934 -0.994623 0.0588161 -0.085238 -0.99476 0.079359 -0.0644629 -0.993034 0.0689038 -0.0955818 -0.993195 0.0791297 -0.0854556 -0.991429 0.0861491 -0.098219 -0.991444 0.0885094 -0.0959458 -0.989742 0.105419 -0.0964292 -0.989774 0.102995 -0.0986853 -0.986834 0.132462 -0.092806 -0.987063 0.127447 -0.097279 -0.983373 0.158383 -0.0888373 -0.983845 0.152447 -0.0938524 -0.978039 0.189948 -0.085788 -0.978772 0.183835 -0.0906049 -0.970287 0.226348 -0.0854989 -0.971024 0.221918 -0.0886887 -0.959749 0.266325 -0.0891741 -0.960036 0.265005 -0.0900212 -0.993076 0.0903547 -0.07507 -0.992657 0.105456 -0.0592495 -0.992893 0.0797252 -0.0883633 -0.992866 0.0926338 -0.0750717 -0.992172 0.0792103 -0.0965374 -0.992251 0.0872834 -0.0884275 -0.991129 0.0885135 -0.0991379 -0.991143 0.0909774 -0.0967381 -0.989827 0.102996 -0.0981547 -0.989841 0.101572 -0.0994921 -0.987255 0.127456 -0.0952998 -0.987413 0.123387 -0.0989499 -0.984037 0.15246 -0.0917969 -0.984422 0.147064 -0.0963638 -0.978912 0.18385 -0.0890578 -0.979566 0.177986 -0.0936565 -0.971019 0.221917 -0.0887381 -0.971801 0.217023 -0.0922162 -0.959889 0.264968 -0.0916809 -0.960538 0.261933 -0.0935878 -0.99011 0.106652 -0.0911468 -0.990009 0.113125 -0.0841761 -0.990896 0.0931796 -0.0971715 -0.990915 0.098873 -0.0911654 -0.99103 0.0874692 -0.101036 -0.991077 0.0912436 -0.0971601 -0.990542 0.0910254 -0.102669 -0.990557 0.0925888 -0.101114 -0.989553 0.101585 -0.102302 -0.989555 0.100928 -0.102931 -0.987274 0.123391 -0.100323 -0.987362 0.120404 -0.103052 -0.984291 0.147066 -0.097686 -0.984554 0.142706 -0.10143 -0.97937 0.17798 -0.0956991 -0.979879 0.172897 -0.0997165 -0.971461 0.216986 -0.0958123 -0.972183 0.212162 -0.0992333 -0.960021 0.261819 -0.099052 -0.96075 0.258282 -0.101243 -0.987475 0.114351 -0.108702 -0.987479 0.114861 -0.108133 -0.989012 0.0995057 -0.109336 -0.989022 0.100016 -0.10878 -0.989721 0.0915456 -0.10987 -0.989734 0.0920736 -0.109311 -0.989582 0.0927494 -0.110113 -0.989587 0.0929674 -0.109889 -0.98883 0.10103 -0.109584 -0.988824 0.100302 -0.110304 -0.986805 0.120484 -0.108168 -0.986842 0.118237 -0.110285 -0.984035 0.142772 -0.106256 -0.984198 0.139292 -0.109323 -0.979298 0.17294 -0.105204 -0.979654 0.168826 -0.108516 -0.97144 0.212141 -0.106307 -0.972009 0.207984 -0.109272 -0.95974 0.2581 -0.110828 -0.960328 0.255103 -0.112663 -0.984257 0.116423 -0.132981 -0.984092 0.112576 -0.137437 -0.986475 0.100947 -0.129138 -0.986298 0.0973997 -0.133151 -0.987641 0.0926695 -0.126399 -0.987517 0.0901843 -0.12914 -0.98779 0.0934193 -0.124671 -0.987722 0.0918182 -0.126391 -0.987233 0.100697 -0.123416 -0.987194 0.0993548 -0.12481 -0.985379 0.118637 -0.122287 -0.985371 0.116823 -0.124083 -0.982713 0.139682 -0.121508 -0.98277 0.137478 -0.123546 -0.977997 0.169162 -0.122088 -0.978162 0.166678 -0.124167 -0.970035 0.208119 -0.125376 -0.970309 0.205811 -0.127056 -0.957956 0.254784 -0.131934 -0.958342 0.252646 -0.133232 -0.981124 0.11401 -0.156199 -0.980548 0.107294 -0.16436 -0.983799 0.0983739 -0.149873 -0.983313 0.0928365 -0.156451 -0.985154 0.090991 -0.145572 -0.984841 0.0872635 -0.149913 -0.985391 0.0926213 -0.142916 -0.985219 0.0902971 -0.145568 -0.984904 0.100204 -0.141148 -0.984804 0.0985086 -0.143031 -0.9831 0.117779 -0.140155 -0.983049 0.116272 -0.141756 -0.980441 0.138458 -0.139876 -0.980438 0.136926 -0.141398 -0.975689 0.167544 -0.141282 -0.975752 0.166011 -0.142649 -0.96759 0.206315 -0.145618 -0.967732 0.204853 -0.14673 -0.955269 0.252406 -0.154121 -0.955408 0.251561 -0.154637 -0.97681 0.1091 -0.184225 -0.975536 0.100172 -0.195689 -0.979743 0.0943132 -0.176659 -0.978871 0.088073 -0.184538 -0.981074 0.0887573 -0.172094 -0.980578 0.0850513 -0.17673 -0.981298 0.0919718 -0.169102 -0.981001 0.0895576 -0.172094 -0.980768 0.100436 -0.167355 -0.980606 0.0989347 -0.169185 -0.978846 0.118591 -0.16672 -0.97877 0.117638 -0.167844 -0.976062 0.139398 -0.166945 -0.976026 0.138628 -0.167799 -0.971168 0.168336 -0.168805 -0.971168 0.167616 -0.169522 -0.962845 0.206451 -0.174091 -0.962865 0.206146 -0.174344 -0.950214 0.251573 -0.183862 -0.950248 0.251334 -0.184011 -0.970832 0.102399 -0.216797 -0.968805 0.0929746 -0.229724 -0.973423 0.0904396 -0.210402 -0.972393 0.0855376 -0.217108 -0.974362 0.0878061 -0.207146 -0.973864 0.0853907 -0.210469 -0.974302 0.0928314 -0.205227 -0.974031 0.0914638 -0.207117 -0.973519 0.102838 -0.204171 -0.973377 0.102074 -0.205225 -0.971292 0.122421 -0.203971 -0.971245 0.122123 -0.204376 -0.96825 0.143894 -0.204419 -0.968233 0.143765 -0.204588 -0.963089 0.172946 -0.206275 -0.963097 0.173046 -0.206155 -0.954823 0.210163 -0.210105 -0.954823 0.209833 -0.210436 -0.942602 0.252202 -0.218852 -0.942611 0.252113 -0.218913 -0.96272 0.0957968 -0.252968 -0.960333 0.0879677 -0.264618 -0.96411 0.0893276 -0.250026 -0.963482 0.0872664 -0.253155 -0.964235 0.090006 -0.249301 -0.964091 0.0895413 -0.250022 -0.963643 0.0969363 -0.24899 -0.963606 0.0968164 -0.24918 -0.962314 0.108591 -0.249319 -0.96241 0.108907 -0.24881 -0.959502 0.130138 -0.249841 -0.959649 0.13065 -0.249006 -0.95606 0.15285 -0.250172 -0.956142 0.153159 -0.24967 -0.950564 0.182938 -0.250922 -0.950655 0.183342 -0.25028 -0.942716 0.218566 -0.252022 -0.942727 0.218634 -0.251924 -0.932618 0.255701 -0.254637 -0.932618 0.254568 -0.25577 -0.556629 0.829995 -0.0356784 -0.138784 0.971179 -0.193779 -0.682153 0.726246 -0.0850549 -0.552035 0.818268 -0.160292 -0.717856 0.682813 -0.135831 -0.67753 0.716637 -0.165485 -0.720235 0.667456 -0.189112 -0.713112 0.673388 -0.194986 -0.704488 0.666742 -0.243211 -0.715771 0.658129 -0.233534 -0.677434 0.666886 -0.310398 -0.698633 0.653123 -0.292133 -0.646526 0.66609 -0.371925 -0.672202 0.652277 -0.350256 -0.615508 0.655286 -0.437892 -0.640723 0.644579 -0.417123 -0.595704 0.63015 -0.498044 -0.610251 0.625452 -0.486213 -0.599246 0.589867 -0.541258 -0.592706 0.591462 -0.546693 -0.57571 0.801448 -0.161988 -0.348858 0.897922 -0.268394 -0.682603 0.71704 -0.141095 -0.571224 0.79333 -0.210551 -0.721306 0.67482 -0.155999 -0.678574 0.709973 -0.18835 -0.726501 0.660042 -0.191158 -0.717474 0.667628 -0.198755 -0.714194 0.65965 -0.23407 -0.723018 0.6527 -0.226336 -0.690314 0.660459 -0.295398 -0.709218 0.647589 -0.278636 -0.662133 0.66023 -0.354508 -0.685692 0.646794 -0.333892 -0.633122 0.649856 -0.420528 -0.656792 0.639143 -0.400151 -0.611333 0.624793 -0.485701 -0.628059 0.619105 -0.471435 -0.603611 0.585482 -0.54117 -0.608255 0.584355 -0.537174 -0.626091 0.746248 -0.226107 -0.529527 0.799713 -0.282949 -0.690644 0.698693 -0.186655 -0.625365 0.745211 -0.231474 -0.722479 0.668187 -0.177624 -0.688714 0.695773 -0.203896 -0.728918 0.656123 -0.195401 -0.719903 0.663716 -0.203029 -0.721034 0.654659 -0.227005 -0.726198 0.650502 -0.222451 -0.701839 0.65435 -0.28151 -0.716639 0.643826 -0.268173 -0.677514 0.653579 -0.337357 -0.697617 0.641401 -0.319273 -0.650874 0.643487 -0.402849 -0.672543 0.632953 -0.38348 -0.628417 0.618874 -0.471261 -0.645994 0.612458 -0.455618 -0.615774 0.580067 -0.53324 -0.625281 0.577645 -0.524737 -0.69278 0.678791 -0.243513 -0.660794 0.701465 -0.267016 -0.720286 0.661997 -0.20724 -0.695492 0.681861 -0.22662 -0.735826 0.649667 -0.19103 -0.720775 0.662628 -0.203487 -0.740212 0.642903 -0.196881 -0.734621 0.647788 -0.201748 -0.73563 0.640915 -0.219263 -0.73811 0.638822 -0.217024 -0.721438 0.639226 -0.266305 -0.731685 0.631434 -0.256766 -0.70232 0.637257 -0.317254 -0.717583 0.627163 -0.302888 -0.680044 0.627037 -0.379954 -0.697775 0.617439 -0.363152 -0.65964 0.602985 -0.448647 -0.675524 0.596439 -0.433507 -0.646505 0.564674 -0.513005 -0.656644 0.561747 -0.503249 -0.751781 0.615217 -0.237347 -0.749525 0.617183 -0.239368 -0.758513 0.617883 -0.207072 -0.756577 0.619668 -0.208812 -0.762208 0.61856 -0.190846 -0.760554 0.620129 -0.192349 -0.762666 0.61739 -0.192796 -0.761888 0.618123 -0.19352 -0.758988 0.616389 -0.209767 -0.761039 0.614522 -0.207805 -0.747979 0.614727 -0.250276 -0.755526 0.608456 -0.24282 -0.733696 0.611746 -0.295733 -0.744487 0.603819 -0.284855 -0.716797 0.6009 -0.353724 -0.729626 0.593035 -0.340523 -0.701028 0.576726 -0.419461 -0.712769 0.571146 -0.407126 -0.690366 0.538767 -0.482829 -0.698407 0.536057 -0.474204 -0.812616 0.542155 -0.213831 -0.822847 0.530947 -0.202527 -0.80875 0.556682 -0.189813 -0.818089 0.546241 -0.179863 -0.804856 0.566401 -0.177191 -0.811413 0.55909 -0.170372 -0.800776 0.571262 -0.180049 -0.805047 0.566619 -0.175618 -0.795871 0.573231 -0.194922 -0.799546 0.569405 -0.191062 -0.787718 0.571779 -0.229278 -0.792794 0.56692 -0.223784 -0.778473 0.567233 -0.268749 -0.784455 0.562088 -0.262082 -0.768334 0.554551 -0.319588 -0.7747 0.549871 -0.31222 -0.759061 0.529649 -0.378548 -0.764756 0.526314 -0.371675 -0.752957 0.492628 -0.436318 -0.756897 0.490948 -0.431366 -0.85471 0.484045 -0.187539 -0.867787 0.466835 -0.170322 -0.848484 0.502056 -0.167376 -0.859718 0.487193 -0.153387 -0.842792 0.51437 -0.15851 -0.850863 0.503861 -0.14885 -0.837786 0.521022 -0.163252 -0.842951 0.514523 -0.15716 -0.832742 0.524332 -0.177809 -0.836675 0.519609 -0.173151 -0.826624 0.522716 -0.20847 -0.829769 0.519235 -0.204644 -0.819808 0.518123 -0.243853 -0.823316 0.514604 -0.239447 -0.812497 0.505997 -0.28951 -0.815776 0.503158 -0.285203 -0.80589 0.482795 -0.342712 -0.808541 0.480951 -0.339039 -0.801965 0.448314 -0.3948 -0.803508 0.447535 -0.392541 -0.890924 0.425594 -0.158505 -0.903331 0.405801 -0.138996 -0.885464 0.442467 -0.142046 -0.894809 0.427619 -0.128295 -0.881247 0.45252 -0.136492 -0.887062 0.443464 -0.1283 -0.877124 0.458413 -0.143217 -0.881112 0.452416 -0.137701 -0.873381 0.460949 -0.157265 -0.875952 0.457254 -0.153709 -0.868663 0.459371 -0.185483 -0.87038 0.457088 -0.183052 -0.863781 0.454988 -0.216493 -0.865176 0.453297 -0.214458 -0.858139 0.444602 -0.25676 -0.859233 0.443448 -0.255094 -0.852777 0.42504 -0.3035 -0.853376 0.424528 -0.30253 -0.849517 0.395656 -0.348966 -0.849803 0.39548 -0.348468 -0.91937 0.371103 -0.130543 -0.928816 0.352923 -0.112904 -0.916509 0.382103 -0.118359 -0.921736 0.372124 -0.109205 -0.914419 0.387642 -0.116501 -0.91719 0.382438 -0.111821 -0.912146 0.390647 -0.124034 -0.913945 0.387368 -0.121039 -0.909911 0.391299 -0.137652 -0.910817 0.389713 -0.136145 -0.906486 0.389328 -0.163425 -0.906883 0.388683 -0.162753 -0.902707 0.385629 -0.190816 -0.902871 0.385385 -0.190534 -0.897609 0.378269 -0.226298 -0.897653 0.378212 -0.22622 -0.891545 0.365408 -0.267627 -0.891744 0.365195 -0.267254 -0.887167 0.344473 -0.307039 -0.887226 0.344429 -0.30692 -0.940522 0.322459 -0.106953 -0.946228 0.309409 -0.0944392 -0.939791 0.326508 -0.100925 -0.94144 0.322779 -0.0974962 -0.939278 0.327666 -0.101939 -0.939794 0.326509 -0.100891 -0.938551 0.327298 -0.109535 -0.938519 0.327368 -0.109599 -0.937382 0.326019 -0.122587 -0.937075 0.326668 -0.123205 -0.934822 0.323642 -0.146161 -0.934369 0.324534 -0.147079 -0.931632 0.320769 -0.170788 -0.931153 0.32164 -0.171763 -0.926821 0.316167 -0.202588 -0.926209 0.317156 -0.203836 -0.920138 0.309924 -0.239362 -0.919927 0.310214 -0.239795 -0.912996 0.301204 -0.275162 -0.913857 0.300314 -0.273272 -0.556814 0.0355324 0.829877 -0.138595 0.193757 0.97121 -0.68207 0.0851797 0.726309 -0.552219 0.160272 0.818149 -0.717898 0.135794 0.682775 -0.677448 0.165538 0.716702 -0.720231 0.189121 0.667458 -0.713148 0.194962 0.673357 -0.70457 0.243115 0.666691 -0.715769 0.233509 0.65814 -0.677522 0.310427 0.666783 -0.698698 0.292176 0.653034 -0.646514 0.371981 0.66607 -0.672299 0.350218 0.652197 -0.615511 0.437796 0.655348 -0.640724 0.41703 0.644639 -0.595627 0.498134 0.630151 -0.610255 0.486239 0.625428 -0.599376 0.541128 0.589855 -0.592639 0.546726 0.591498 -0.575551 0.161987 0.801562 -0.348901 0.268273 0.897941 -0.682622 0.141093 0.717022 -0.571052 0.210658 0.793424 -0.721337 0.156027 0.67478 -0.678588 0.188397 0.709947 -0.726479 0.191151 0.660068 -0.717523 0.198688 0.667595 -0.714238 0.23403 0.659617 -0.723002 0.226346 0.652714 -0.690311 0.295469 0.66043 -0.709271 0.278655 0.647523 -0.661987 0.354573 0.660342 -0.68571 0.333815 0.646814 -0.633049 0.420466 0.649967 -0.656662 0.400143 0.639281 -0.611192 0.485796 0.624857 -0.62797 0.47149 0.619154 -0.603701 0.541124 0.585432 -0.608121 0.53732 0.584359 -0.626157 0.225996 0.746226 -0.529294 0.283002 0.799848 -0.690531 0.18675 0.698778 -0.625419 0.231454 0.745171 -0.722243 0.177733 0.668413 -0.688613 0.203895 0.695872 -0.728813 0.19538 0.656245 -0.719669 0.203113 0.663944 -0.721058 0.227002 0.654634 -0.726069 0.222583 0.6506 -0.701752 0.281584 0.654411 -0.71665 0.268161 0.643819 -0.677559 0.337268 0.653577 -0.697534 0.319301 0.641478 -0.650971 0.402737 0.643459 -0.672595 0.383406 0.632942 -0.628669 0.471149 0.618703 -0.646069 0.455657 0.612349 -0.615502 0.53346 0.580153 -0.625533 0.524489 0.577598 -0.692867 0.243493 0.678709 -0.660766 0.267084 0.701466 -0.720332 0.207219 0.661953 -0.695585 0.226566 0.681784 -0.735908 0.190973 0.649591 -0.720822 0.20346 0.662585 -0.740264 0.196884 0.642843 -0.734696 0.201731 0.647709 -0.735632 0.219351 0.640883 -0.738157 0.21707 0.638753 -0.721495 0.266274 0.639174 -0.731702 0.256771 0.631412 -0.702321 0.317246 0.63726 -0.717642 0.302823 0.627127 -0.680053 0.379901 0.627059 -0.697786 0.363098 0.617458 -0.659461 0.448816 0.603055 -0.675528 0.433506 0.596435 -0.646706 0.512781 0.564647 -0.656452 0.503404 0.561833 -0.751721 0.237421 0.615262 -0.749621 0.239302 0.617092 -0.758569 0.207027 0.617829 -0.756519 0.208871 0.61972 -0.762347 0.190789 0.618407 -0.7606 0.192377 0.620064 -0.762742 0.192776 0.617302 -0.76203 0.193439 0.617974 -0.758848 0.209876 0.616523 -0.761123 0.207701 0.614452 -0.747901 0.250319 0.614804 -0.755379 0.242934 0.608593 -0.733657 0.295713 0.611802 -0.744415 0.284871 0.6039 -0.716857 0.353646 0.600874 -0.729558 0.340578 0.593086 -0.70094 0.419511 0.576796 -0.712836 0.407016 0.571142 -0.690139 0.483015 0.538892 -0.698329 0.474233 0.536134 -0.812678 0.213776 0.542084 -0.822845 0.202542 0.530946 -0.808661 0.189883 0.556787 -0.818155 0.17977 0.546173 -0.804757 0.177266 0.566519 -0.811327 0.170435 0.559196 -0.800706 0.180042 0.571362 -0.804954 0.175637 0.566745 -0.795905 0.194839 0.573212 -0.799476 0.191088 0.569494 -0.787786 0.229301 0.571677 -0.792816 0.223855 0.566862 -0.778428 0.268756 0.567292 -0.78454 0.261944 0.562034 -0.768276 0.319641 0.554601 -0.774658 0.312256 0.549911 -0.759089 0.378463 0.52967 -0.764706 0.371682 0.526381 -0.753261 0.436069 0.492384 -0.756924 0.431463 0.490822 -0.854659 0.187578 0.48412 -0.867756 0.170339 0.466887 -0.848512 0.167301 0.502033 -0.859676 0.153401 0.487263 -0.842827 0.158526 0.514307 -0.850874 0.148893 0.50383 -0.837798 0.163234 0.521008 -0.842995 0.157104 0.514468 -0.83271 0.177823 0.524379 -0.83669 0.17311 0.519599 -0.826574 0.208568 0.522756 -0.829724 0.204736 0.51927 -0.819822 0.243756 0.518145 -0.82327 0.239425 0.514686 -0.812558 0.289482 0.505915 -0.815783 0.285245 0.503123 -0.806052 0.342566 0.482626 -0.808594 0.339044 0.480859 -0.801882 0.394979 0.448304 -0.803664 0.392369 0.447403 -0.890957 0.158489 0.425532 -0.903338 0.139017 0.405778 -0.885506 0.142024 0.442389 -0.894838 0.128289 0.42756 -0.88117 0.136568 0.452645 -0.887114 0.128197 0.44339 -0.87711 0.143188 0.458448 -0.881038 0.137757 0.452543 -0.873415 0.157218 0.4609 -0.875932 0.153738 0.457284 -0.868687 0.185532 0.459304 -0.870401 0.183107 0.457027 -0.863793 0.216446 0.454987 -0.865222 0.214362 0.453254 -0.858135 0.256804 0.444585 -0.859229 0.255136 0.44343 -0.852783 0.303533 0.425004 -0.853366 0.30259 0.424507 -0.849462 0.348991 0.395751 -0.849828 0.348356 0.395527 -0.919368 0.130566 0.3711 -0.928836 0.112884 0.352876 -0.916486 0.118375 0.382153 -0.92174 0.109176 0.372124 -0.914434 0.116421 0.387629 -0.91717 0.111801 0.382491 -0.912145 0.124058 0.390641 -0.913952 0.12105 0.387349 -0.909925 0.137662 0.391263 -0.910816 0.13618 0.389704 -0.906496 0.163475 0.389283 -0.906892 0.162805 0.388641 -0.902752 0.190725 0.385569 -0.902896 0.190475 0.385354 -0.897615 0.226327 0.378236 -0.897694 0.226188 0.378134 -0.891481 0.267737 0.365485 -0.891766 0.267203 0.365179 -0.88716 0.306971 0.344551 -0.887167 0.306958 0.344546 -0.940506 0.106953 0.322506 -0.94623 0.0944023 0.309415 -0.939788 0.100902 0.326522 -0.941423 0.0975033 0.322825 -0.939295 0.101906 0.327627 -0.939788 0.100905 0.326522 -0.93856 0.109543 0.32727 -0.938534 0.109596 0.327327 -0.937377 0.122617 0.326019 -0.937082 0.123211 0.326643 -0.934811 0.146217 0.32365 -0.934361 0.147127 0.324534 -0.931636 0.17075 0.32078 -0.931152 0.171733 0.321658 -0.926799 0.202606 0.316218 -0.926208 0.203811 0.317175 -0.920188 0.23928 0.309837 -0.919884 0.239906 0.310256 -0.913059 0.275053 0.301112 -0.913907 0.27319 0.300236 -0.138751 0.970945 0.194974 -0.554677 0.831298 0.0357284 -0.350281 0.901585 0.253867 -0.539218 0.825494 0.166741 -0.533941 0.806378 0.254287 -0.595171 0.773143 0.219137 -0.667412 0.708491 0.22935 -0.676221 0.702131 0.22302 -0.756754 0.623135 0.197551 -0.746908 0.632133 0.206244 -0.829009 0.534923 0.163099 -0.817209 0.548772 0.176123 -0.872391 0.469312 0.136678 -0.862885 0.482834 0.149332 -0.906157 0.40707 0.114779 -0.900099 0.41751 0.124528 -0.930086 0.353406 0.100219 -0.92762 0.358474 0.104968 -0.946252 0.309395 0.0942494 -0.947047 0.307496 0.0924503 -0.551328 0.815613 0.175536 -0.703816 0.70556 0.0826312 -0.533632 0.813252 0.232073 -0.654619 0.73896 0.159415 -0.591647 0.767724 0.246079 -0.647983 0.732195 0.20978 -0.674927 0.700646 0.23145 -0.686252 0.692302 0.223104 -0.747028 0.632242 0.205474 -0.73869 0.639621 0.212655 -0.817756 0.549168 0.172307 -0.80575 0.562633 0.184961 -0.863387 0.483138 0.1454 -0.853339 0.496807 0.158097 -0.90037 0.417647 0.122085 -0.893781 0.428587 0.132168 -0.927597 0.358465 0.105202 -0.924471 0.364739 0.110986 -0.946814 0.307418 0.0950612 -0.946177 0.308938 0.0964748 -0.700157 0.692405 0.174226 -0.756718 0.641174 0.127571 -0.649795 0.728759 0.216048 -0.709051 0.683831 0.172109 -0.644808 0.727113 0.235646 -0.68361 0.699668 0.207709 -0.685206 0.69099 0.230272 -0.696117 0.682756 0.22196 -0.738881 0.639817 0.2114 -0.733797 0.644208 0.215727 -0.806279 0.563074 0.18128 -0.796086 0.574031 0.191667 -0.853789 0.497123 0.15464 -0.844097 0.509719 0.166394 -0.894013 0.428722 0.130151 -0.887175 0.439621 0.140191 -0.92446 0.364734 0.111094 -0.920767 0.371932 0.117704 -0.946001 0.308876 0.0983747 -0.944625 0.312106 0.10136 -0.752918 0.629183 0.192986 -0.773771 0.609475 0.172684 -0.704772 0.674362 0.220303 -0.727428 0.656053 0.201104 -0.680298 0.69392 0.235943 -0.697464 0.681211 0.222476 -0.694319 0.680208 0.235029 -0.700816 0.675284 0.229889 -0.732948 0.643188 0.221579 -0.730407 0.645321 0.223754 -0.795708 0.573652 0.194349 -0.787726 0.581842 0.202355 -0.843805 0.509469 0.168625 -0.835454 0.519764 0.178501 -0.886837 0.439384 0.143045 -0.880168 0.449478 0.152559 -0.920297 0.371678 0.122098 -0.91649 0.378777 0.128741 -0.944054 0.311885 0.10719 -0.942318 0.31582 0.110883 -0.770292 0.598692 0.219587 -0.772007 0.597139 0.217783 -0.723838 0.647426 0.238534 -0.725902 0.645798 0.236665 -0.694322 0.674955 0.249706 -0.696581 0.673313 0.247841 -0.698354 0.671111 0.248819 -0.699214 0.670477 0.248116 -0.728535 0.64254 0.237443 -0.726121 0.644489 0.239546 -0.786425 0.580166 0.211997 -0.779863 0.586549 0.218575 -0.8344 0.518593 0.18665 -0.827167 0.526997 0.195112 -0.879175 0.448593 0.160672 -0.873517 0.456662 0.168609 -0.91544 0.378086 0.137914 -0.911883 0.384359 0.144005 -0.941204 0.315339 0.121232 -0.939554 0.318896 0.124679 -0.767931 0.584085 0.262918 -0.75527 0.594205 0.276565 -0.721682 0.634463 0.276825 -0.707654 0.644377 0.289835 -0.692438 0.663615 0.283097 -0.681455 0.670901 0.292423 -0.695399 0.662353 0.278763 -0.688633 0.666974 0.284482 -0.722758 0.63794 0.265807 -0.717356 0.641987 0.270654 -0.777069 0.581628 0.240565 -0.771606 0.586542 0.246155 -0.824588 0.523107 0.215436 -0.819577 0.528474 0.22138 -0.870978 0.453674 0.188619 -0.867248 0.458571 0.19389 -0.909319 0.382263 0.164362 -0.907076 0.385903 0.168204 -0.936942 0.317616 0.145806 -0.935939 0.319608 0.147882 -0.751929 0.582354 0.308976 -0.727872 0.598675 0.33435 -0.70409 0.633169 0.321488 -0.680097 0.647705 0.343433 -0.677694 0.65972 0.324808 -0.659966 0.670001 0.339917 -0.68491 0.656144 0.316818 -0.6739 0.662857 0.326311 -0.713826 0.632041 0.301623 -0.707145 0.636562 0.30779 -0.768431 0.578074 0.274491 -0.763766 0.581887 0.279407 -0.816444 0.521496 0.247912 -0.813028 0.524827 0.252078 -0.864055 0.453353 0.218815 -0.861672 0.456206 0.222257 -0.903829 0.382486 0.191826 -0.902401 0.384604 0.194297 -0.932669 0.317758 0.170757 -0.932032 0.318918 0.172066 -0.724354 0.583628 0.367002 -0.688711 0.602867 0.402777 -0.676127 0.63153 0.379503 -0.646131 0.646178 0.406164 -0.655596 0.651897 0.381082 -0.637043 0.660788 0.396906 -0.669604 0.643966 0.370053 -0.658558 0.649657 0.379798 -0.703069 0.618126 0.351588 -0.696589 0.621889 0.357797 -0.760008 0.56519 0.320855 -0.756842 0.567439 0.32435 -0.809028 0.510674 0.291008 -0.807024 0.512375 0.29357 -0.85728 0.445509 0.258056 -0.856127 0.446715 0.259793 -0.897594 0.377693 0.227315 -0.897133 0.378294 0.228135 -0.926931 0.315431 0.203229 -0.926792 0.315655 0.203514 -0.685507 0.584176 0.434532 -0.641645 0.601748 0.475596 -0.642153 0.622067 0.447964 -0.617231 0.631324 0.469527 -0.63281 0.631803 0.447634 -0.620503 0.636399 0.458227 -0.654613 0.618857 0.434163 -0.647539 0.621747 0.440595 -0.692961 0.591119 0.412776 -0.689533 0.592715 0.416212 -0.753445 0.538778 0.376879 -0.752647 0.53924 0.377814 -0.803133 0.487414 0.342645 -0.80268 0.487726 0.34326 -0.851413 0.427054 0.304501 -0.851512 0.42697 0.304341 -0.891385 0.365586 0.267918 -0.891175 0.36581 0.268308 -0.920142 0.309768 0.239547 -0.920043 0.309904 0.23975 -0.639444 0.578435 0.506482 -0.600101 0.589391 0.54083 -0.614623 0.596856 0.515754 -0.603657 0.599815 0.525186 -0.618167 0.595816 0.512711 -0.614838 0.596729 0.515644 -0.64562 0.578791 0.498173 -0.645689 0.57877 0.498108 -0.687842 0.549512 0.474248 -0.689251 0.549026 0.472762 -0.751019 0.498833 0.432591 -0.752704 0.498107 0.430495 -0.800543 0.45172 0.393801 -0.801611 0.451178 0.392247 -0.848619 0.397297 0.349285 -0.849377 0.396832 0.347971 -0.886891 0.344999 0.307247 -0.88714 0.34481 0.306738 -0.913906 0.300264 0.273164 -0.913054 0.301145 0.275037 -0.998096 0.0603314 0.0128409 -0.998117 0.0128419 0.0599792 -0.995829 0.0842502 0.0350152 -0.996437 0.0605892 0.0586645 -0.993796 0.0940887 0.0593067 -0.994027 0.0846454 0.0688918 -0.991769 0.0963496 0.0843268 -0.991781 0.0945847 0.0861601 -0.989642 0.0941487 0.10837 -0.989695 0.0969078 0.105415 -0.986347 0.0902435 0.13775 -0.986627 0.095024 0.13243 -0.982602 0.085828 0.164704 -0.983155 0.0912539 0.158361 -0.977113 0.0825609 0.196047 -0.977892 0.0874738 0.189936 -0.969701 0.08252 0.229936 -0.97031 0.0851604 0.226377 -0.96035 0.0877714 0.264622 -0.959979 0.0866278 0.266337 -0.996081 0.0643962 0.0606366 -0.995386 0.0349959 0.0893372 -0.994623 0.085239 0.0588201 -0.994759 0.0644618 0.0793656 -0.993034 0.0955834 0.0688993 -0.993195 0.085455 0.0791273 -0.991419 0.0983204 0.0861455 -0.991435 0.095948 0.0886089 -0.989734 0.0965112 0.105418 -0.989767 0.0987888 0.10297 -0.986835 0.092808 0.13245 -0.987068 0.0973562 0.127351 -0.983374 0.088822 0.158388 -0.983847 0.0938535 0.152433 -0.978035 0.0858054 0.189959 -0.978764 0.0905912 0.183885 -0.970281 0.0855079 0.22637 -0.97102 0.0887068 0.221927 -0.959763 0.0891672 0.266279 -0.960052 0.0900222 0.264947 -0.993076 0.0750744 0.09035 -0.992657 0.0592474 0.105458 -0.992893 0.0883518 0.0797333 -0.992867 0.0750763 0.0926261 -0.992183 0.0964332 0.0792064 -0.99226 0.0884148 0.0871906 -0.99113 0.099039 0.0886126 -0.991144 0.0966364 0.0910794 -0.989836 0.0980881 0.102972 -0.98985 0.0993897 0.101585 -0.987268 0.095299 0.12736 -0.987423 0.0988868 0.123361 -0.984036 0.0918294 0.152446 -0.984419 0.0963703 0.14708 -0.978903 0.089044 0.1839 -0.979565 0.0936934 0.177972 -0.971017 0.0887341 0.221927 -0.971796 0.0921982 0.217052 -0.959905 0.0916827 0.26491 -0.960549 0.0935768 0.261896 -0.990109 0.0911584 0.106655 -0.990007 0.0841718 0.113142 -0.990895 0.0971892 0.0931735 -0.990914 0.0911775 0.0988717 -0.991027 0.101145 0.0873772 -0.991076 0.0971775 0.0912416 -0.990532 0.102679 0.0911287 -0.990546 0.101225 0.0925907 -0.989553 0.102285 0.101599 -0.989555 0.102938 0.100918 -0.987278 0.100316 0.123366 -0.987365 0.103032 0.120393 -0.984291 0.0976651 0.147081 -0.984555 0.101425 0.142703 -0.979372 0.0957009 0.177966 -0.979878 0.0996923 0.172915 -0.971455 0.0958129 0.217015 -0.972178 0.0992398 0.212182 -0.960031 0.0990472 0.261781 -0.960759 0.101235 0.25825 -0.987473 0.108701 0.114373 -0.987476 0.108144 0.114873 -0.989014 0.109318 0.0995017 -0.989024 0.108778 0.0999982 -0.989723 0.109857 0.0915426 -0.989736 0.109295 0.0920738 -0.989584 0.110095 0.0927489 -0.989588 0.109876 0.0929629 -0.98883 0.109593 0.101019 -0.988824 0.110286 0.100318 -0.986803 0.108194 0.120474 -0.98684 0.110294 0.118243 -0.984034 0.106272 0.142769 -0.984198 0.109353 0.139274 -0.979294 0.105202 0.172959 -0.979653 0.108534 0.16882 -0.971439 0.106274 0.212163 -0.972013 0.109263 0.207971 -0.959749 0.11083 0.258067 -0.960324 0.112624 0.255135 -0.984256 0.132979 0.116435 -0.984092 0.137426 0.112597 -0.986479 0.129128 0.100927 -0.986301 0.13315 0.0973711 -0.987641 0.126405 0.0926691 -0.987517 0.12913 0.0901984 -0.98779 0.124677 0.0934171 -0.987721 0.126397 0.0918162 -0.987232 0.123411 0.100715 -0.987192 0.124816 0.0993612 -0.985381 0.122263 0.118641 -0.985373 0.124075 0.11681 -0.982717 0.121498 0.139663 -0.982773 0.123518 0.137478 -0.977996 0.122108 0.169156 -0.978159 0.124161 0.166702 -0.97004 0.125361 0.208105 -0.970318 0.127072 0.205754 -0.957941 0.131978 0.254813 -0.958316 0.133236 0.252742 -0.981126 0.156167 0.114032 -0.980548 0.164366 0.107284 -0.9838 0.149885 0.0983438 -0.983317 0.15642 0.0928409 -0.985157 0.145546 0.0910052 -0.984841 0.149923 0.087246 -0.985393 0.14291 0.0926194 -0.985221 0.145542 0.0903131 -0.984904 0.141142 0.10021 -0.984804 0.143024 0.098515 -0.983097 0.14018 0.117767 -0.983048 0.14175 0.116288 -0.980438 0.139894 0.138459 -0.980435 0.141427 0.136916 -0.975686 0.141268 0.167571 -0.97575 0.142667 0.166004 -0.967599 0.145639 0.206254 -0.967736 0.146707 0.204851 -0.955243 0.154117 0.252504 -0.955395 0.15468 0.251582 -0.976804 0.184262 0.109091 -0.975533 0.195697 0.100188 -0.979745 0.176646 0.0943192 -0.978867 0.184574 0.0880409 -0.981069 0.172129 0.0887396 -0.980578 0.176719 0.0850701 -0.981298 0.169093 0.091993 -0.980996 0.172129 0.0895433 -0.980769 0.167343 0.100442 -0.980607 0.169176 0.0989373 -0.978847 0.166705 0.118607 -0.97877 0.167834 0.117649 -0.97607 0.166912 0.139381 -0.976033 0.167779 0.138599 -0.971163 0.168839 0.168333 -0.971163 0.169492 0.167677 -0.96285 0.174067 0.206446 -0.962874 0.174374 0.206076 -0.950212 0.183845 0.25159 -0.950246 0.18399 0.251358 -0.970833 0.216782 0.102413 -0.968801 0.229747 0.092961 -0.973426 0.210404 0.0904002 -0.972398 0.217093 0.0855097 -0.974359 0.20715 0.0878277 -0.973862 0.21047 0.0854148 -0.974303 0.205232 0.0928125 -0.974032 0.207121 0.0914467 -0.973515 0.204185 0.102842 -0.973375 0.20523 0.102085 -0.971288 0.203982 0.122439 -0.97124 0.20439 0.122139 -0.968245 0.204456 0.14387 -0.968231 0.204599 0.14376 -0.963083 0.206244 0.173017 -0.963086 0.206195 0.173058 -0.95483 0.21015 0.210086 -0.95483 0.210393 0.209843 -0.942574 0.21894 0.252228 -0.942583 0.218992 0.252152 -0.962717 0.252985 0.0957805 -0.960335 0.26461 0.0879677 -0.964104 0.250058 0.0893022 -0.963479 0.253173 0.0872507 -0.964242 0.249262 0.0900295 -0.964085 0.250054 0.0895192 -0.963638 0.249014 0.0969187 -0.963614 0.249141 0.0968389 -0.962317 0.249303 0.108599 -0.962406 0.248833 0.10889 -0.959509 0.249806 0.130149 -0.959653 0.24899 0.13065 -0.956047 0.250221 0.152854 -0.956142 0.249633 0.153216 -0.950559 0.250936 0.182945 -0.950645 0.250333 0.183324 -0.942713 0.25202 0.218583 -0.942721 0.251943 0.218636 -0.932618 0.254612 0.255726 -0.932618 0.255764 0.254574 0.141317 0 -0.989964 0.129943 1.42986e-05 -0.991521 0.362127 1.48066e-05 -0.932129 0.366853 8.114e-06 -0.930279 0.552267 8.93665e-06 -0.833667 0.552862 7.90038e-06 -0.833273 0.685554 8.6894e-06 -0.728021 0.684777 1.04307e-05 -0.728753 0.771996 1.10847e-05 -0.635627 0.775969 -4.46077e-07 -0.630771 0.840279 2.28325e-07 -0.542155 0.838081 8.54475e-06 -0.545546 0.880662 8.97882e-06 -0.473745 0.88148 5.02899e-06 -0.472222 0.912224 5.43291e-06 -0.409692 0.912253 5.25446e-06 -0.409627 0.934753 5.57038e-06 -0.355298 0.93461 6.66777e-06 -0.355674 0.950455 6.92784e-06 -0.310863 0.951191 -6.60601e-08 -0.308604 0.964102 1.71632e-07 -0.265532 0.963638 5.6436e-06 -0.26721 0.972993 5.83975e-06 -0.230834 0.973137 3.75546e-06 -0.230225 0.980479 3.9102e-06 -0.196624 0.980504 3.46888e-06 -0.196501 0.986241 3.58269e-06 -0.165314 0.986174 5.05658e-06 -0.165712 0.990381 5.13867e-06 -0.138367 0.990575 -2.01898e-07 -0.13697 0.994069 -1.19613e-07 -0.108755 0.993928 4.90498e-06 -0.110036 0.996405 4.95486e-06 -0.0847199 0.996442 3.20146e-06 -0.0842821 0.998223 3.24254e-06 -0.0595817 0.998223 3.28634e-06 -0.0595925 0.999383 3.30699e-06 -0.0351339 0.999371 4.70267e-06 -0.0354736 0.999917 4.70524e-06 -0.0128666 0.999931 1.96054e-07 -0.0117748 0.14151 0.989937 0 0.14151 0.989937 0 0.362145 0.932122 0 0.362145 0.932122 0 0.552089 0.833786 0 0.552089 0.833786 0 0.68557 0.728006 0 0.68557 0.728006 0 0.772072 0.635536 0 0.772072 0.635536 0 0.840174 0.542317 0 0.840174 0.542317 0 0.880691 0.473691 0 0.880691 0.473691 0 0.912214 0.409713 0 0.912214 0.409713 0 0.934769 0.355257 0 0.934769 0.355257 0 0.950456 0.310858 0 0.950463 0.310838 -6.43312e-08 0.964109 0.265508 -5.49497e-08 0.964104 0.265524 0 0.972988 0.230857 0 0.972988 0.230857 0 0.980477 0.196632 0 0.980477 0.196632 0 0.98624 0.165321 0 0.98624 0.165321 0 0.990383 0.138357 0 0.990383 0.138357 0 0.994067 0.108765 0 0.994067 0.108765 0 0.996405 0.0847158 0 0.996405 0.0847158 0 0.998224 0.0595796 0 0.998224 0.0595796 0 0.999383 0.0351364 0 0.999383 0.0351364 0 0.999917 0.0128651 0 0.999917 0.0128651 0 0.129364 0 0.991597 0.141317 1.58381e-05 0.989964 0.36738 1.62819e-05 0.930071 0.362177 8.53993e-06 0.932109 0.552533 9.46622e-06 0.833491 0.551855 8.2258e-06 0.83394 0.684972 9.05143e-06 0.72857 0.685554 1.04147e-05 0.728021 0.775877 1.12075e-05 0.630884 0.772157 -1.63013e-08 0.635431 0.838101 6.25074e-07 0.545516 0.840174 8.74819e-06 0.542317 0.881558 9.25243e-06 0.472076 0.880662 4.7908e-06 0.473745 0.912256 5.26448e-06 0.40962 0.912224 5.06267e-06 0.409692 0.934613 5.4245e-06 0.355668 0.934787 6.79592e-06 0.355209 0.951171 7.07054e-06 0.308665 0.950455 1.36783e-07 0.310863 0.963605 3.50637e-07 0.267329 0.964102 6.30565e-06 0.265532 0.973166 6.47604e-06 0.230106 0.972993 3.9507e-06 0.230834 0.980512 4.08684e-06 0.19646 0.980471 3.34964e-06 0.196665 0.986175 3.48647e-06 0.16571 0.986241 4.96473e-06 0.165314 0.990572 5.07105e-06 0.136992 0.990385 -1.11418e-07 0.138341 0.99393 -4.79848e-08 0.110016 0.994067 4.84539e-06 0.108774 0.996442 4.9105e-06 0.0842807 0.996405 3.14301e-06 0.084721 0.998223 3.20336e-06 0.0595919 0.998224 3.28848e-06 0.059571 0.999369 3.30882e-06 0.0355208 0.999382 4.87363e-06 0.0351402 0.999931 4.89353e-06 0.0117271 0.999917 1.96049e-07 0.0128643 0 -0.0391064 0.999235 0 -0.0391064 0.999235 0 -0.11767 0.993053 0 -0.11767 0.993053 0 -0.195026 0.980798 0 -0.195026 0.980798 0 -0.271489 0.962441 0 -0.27149 0.962441 0 -0.346049 0.938217 5.72662e-08 -0.346053 0.938215 6.92634e-08 -0.41868 0.908134 2.75198e-07 -0.418693 0.908128 3.20929e-07 -0.48867 0.872469 3.18736e-07 -0.48867 0.872469 3.62228e-07 -0.555551 0.831482 8.99549e-08 -0.555535 0.831493 1.00231e-07 -0.619115 0.785301 9.96419e-08 -0.619115 0.785301 1.09179e-07 -0.678724 0.734394 1.08286e-07 -0.678724 0.734394 1.17422e-07 -0.734328 0.678795 1.16856e-07 -0.734328 0.678795 1.2489e-07 -0.78532 0.61909 1.24446e-07 -0.78532 0.61909 1.31581e-07 -0.831517 0.555499 1.31061e-07 -0.831517 0.555499 1.37453e-07 -0.872483 0.488645 1.3724e-07 -0.872483 0.488645 1.42512e-07 -0.908121 0.418707 5.68058e-07 -0.908135 0.418678 5.8698e-07 -0.938201 0.346092 1.4634e-07 -0.938189 0.346124 1.50128e-07 -0.962458 0.27143 1.49809e-07 -0.962458 0.27143 1.5266e-07 -0.980784 0.195096 1.52436e-07 -0.980784 0.195096 1.54335e-07 -0.993071 0.117516 1.54163e-07 -0.993071 0.117516 1.55148e-07 -0.999229 0.0392494 1.55127e-07 -0.999229 0.0392494 -0.129903 -2.54697e-08 -0.991527 -0.141273 1.43141e-05 -0.989971 -0.366954 1.47362e-05 -0.930239 -0.362177 7.94773e-06 -0.932109 -0.5528 8.7218e-06 -0.833314 -0.552205 7.67969e-06 -0.833708 -0.684777 8.41667e-06 -0.728753 -0.685674 1.04378e-05 -0.727909 -0.775917 1.11119e-05 -0.630835 -0.771892 -6.36901e-07 -0.635754 -0.838081 3.91289e-08 -0.545546 -0.840365 8.7327e-06 -0.542021 -0.881515 9.16035e-06 -0.472156 -0.880626 4.8456e-06 -0.473811 -0.912253 5.25445e-06 -0.409627 -0.912195 4.89592e-06 -0.409756 -0.934634 5.20213e-06 -0.355611 -0.934777 6.30384e-06 -0.355236 -0.951152 6.56678e-06 -0.308724 -0.950475 1.08034e-07 -0.310803 -0.963638 3.51373e-07 -0.26721 -0.96407 5.46322e-06 -0.265648 -0.973164 5.65273e-06 -0.230114 -0.973019 3.56229e-06 -0.230723 -0.980493 3.71827e-06 -0.196555 -0.980468 3.27595e-06 -0.196678 -0.986174 3.3879e-06 -0.165712 -0.986241 4.86446e-06 -0.165314 -0.990568 4.94838e-06 -0.137021 -0.990388 -1.16472e-08 -0.138316 -0.993933 7.16771e-08 -0.109986 -0.994058 4.51761e-06 -0.108854 -0.996438 4.56486e-06 -0.0843309 -0.996405 3.00536e-06 -0.0847199 -0.998226 3.04688e-06 -0.0595444 -0.998223 2.8949e-06 -0.0595817 -0.999369 2.91479e-06 -0.0355212 -0.999383 4.50677e-06 -0.0351339 -0.999931 4.50925e-06 -0.0117748 -0.999917 0 -0.0128666 -0.141273 -2.92379e-08 0.989971 -0.129376 1.57648e-05 0.991596 -0.362177 1.6207e-05 0.932109 -0.367459 8.34347e-06 0.93004 -0.551854 9.12383e-06 0.83394 -0.552468 8.00417e-06 0.833534 -0.685674 8.77521e-06 0.727909 -0.685034 1.02705e-05 0.728511 -0.772053 1.10185e-05 0.635558 -0.775758 -1.40792e-07 0.63103 -0.84026 4.77529e-07 0.542183 -0.838195 8.55507e-06 0.54537 -0.880626 9.06319e-06 0.473811 -0.881519 4.62579e-06 0.472149 -0.912195 5.08005e-06 0.409756 -0.912256 4.69745e-06 0.409621 -0.934811 5.05316e-06 0.355146 -0.934637 6.42013e-06 0.355604 -0.950474 6.67868e-06 0.310803 -0.95113 3.36435e-07 0.308792 -0.96407 5.50809e-07 0.265648 -0.963639 5.7233e-06 0.267209 -0.973019 5.89351e-06 0.230723 -0.973165 3.76086e-06 0.230108 -0.98046 3.89165e-06 0.196719 -0.980501 3.15656e-06 0.196515 -0.986241 3.29331e-06 0.165314 -0.986175 4.76875e-06 0.165709 -0.990388 4.87089e-06 0.138315 -0.990565 -7.94679e-09 0.137045 -0.994058 7.53018e-08 0.108854 -0.993935 4.45141e-06 0.109965 -0.996405 4.51763e-06 0.084721 -0.996438 2.94831e-06 0.0843301 -0.998224 3.00741e-06 0.059571 -0.998226 2.89683e-06 0.0595438 -0.999382 2.91698e-06 0.0351402 -0.999369 4.48133e-06 0.0355207 -0.999917 4.50046e-06 0.0128643 -0.999931 0 0.0117748 -0.141465 0.989943 0 -0.141465 0.989943 0 -0.362145 0.932122 0 -0.362145 0.932122 0 -0.552089 0.833786 0 -0.552089 0.833786 0 -0.68569 0.727894 0 -0.68569 0.727894 0 -0.771967 0.635663 0 -0.771967 0.635663 0 -0.84026 0.542183 0 -0.84026 0.542183 0 -0.880655 0.473758 0 -0.880655 0.473758 0 -0.912185 0.409778 0 -0.912185 0.409778 0 -0.934793 0.355194 0 -0.934793 0.355194 0 -0.950476 0.310798 0 -0.950483 0.310778 6.43326e-08 -0.964077 0.265624 5.49736e-08 -0.964072 0.26564 0 -0.973014 0.230746 0 -0.973014 0.230746 0 -0.980466 0.196686 0 -0.980466 0.196686 0 -0.98624 0.165321 0 -0.98624 0.165321 0 -0.99039 0.138306 0 -0.99039 0.138306 0 -0.994057 0.108865 0 -0.994057 0.108865 0 -0.996405 0.0847158 0 -0.996405 0.0847158 0 -0.998224 0.0595796 0 -0.998224 0.0595796 0 -0.999383 0.0351364 0 -0.999383 0.0351364 0 -0.999917 0.0128651 0 -0.999917 0.0128651 0 0 0.0429549 -0.999077 0 0.0429549 -0.999077 0 0.116304 -0.993214 0 0.116304 -0.993214 0 0.195053 -0.980793 0 0.195053 -0.980793 0 0.272624 -0.962121 0 0.272624 -0.962121 0 0.342749 -0.939427 0 0.342749 -0.939427 0 0.421914 -0.906636 0 0.421914 -0.906636 0 0.487578 -0.87308 0 0.487578 -0.87308 0 0.555497 -0.831519 0 0.555497 -0.831519 0 0.620117 -0.784509 4.27954e-07 0.62014 -0.784491 4.6644e-07 0.676129 -0.736784 0 0.676105 -0.736805 0 0.736814 -0.676096 -1.74937e-06 0.736732 -0.676184 -1.60413e-06 0.784546 -0.620071 0 0.784614 -0.619985 0 0.831444 -0.555609 0 0.831444 -0.555609 0 0.873112 -0.487519 0 0.873112 -0.487519 0 0.906608 -0.421975 0 0.906608 -0.421975 0 0.939449 -0.342688 0 0.939449 -0.342688 0 0.962127 -0.272602 0 0.962127 -0.272602 0 0.980782 -0.195105 0 0.980782 -0.195105 0 0.993212 -0.116321 0 0.993212 -0.116321 0 0.999077 -0.0429466 0 0.999077 -0.0429466 0 0.0427772 0.999085 0 0.0427772 0.999085 0 0.116479 0.993193 0 0.116479 0.993193 0 0.195064 0.98079 0 0.195064 0.98079 0 0.272613 0.962124 0 0.272613 0.962124 0 0.342592 0.939484 0 0.342592 0.939484 0 0.422061 0.906568 0 0.422061 0.906568 0 0.487587 0.873075 0 0.487587 0.873075 0 0.555488 0.831524 0 0.555488 0.831524 0 0.620117 0.784509 -4.27954e-07 0.62014 0.784491 -4.66377e-07 0.676038 0.736866 0 0.676015 0.736888 0 0.736808 0.676102 0 0.736808 0.676102 0 0.784546 0.620071 0 0.784546 0.620071 0 0.831499 0.555527 0 0.831499 0.555527 0 0.87307 0.487595 0 0.87307 0.487595 0 0.90661 0.42197 0 0.90661 0.42197 0 0.939469 0.342634 0 0.939469 0.342634 0 0.962127 0.272602 0 0.962127 0.272602 0 0.980775 0.19514 0 0.980775 0.19514 0 0.993212 0.116319 0 0.993212 0.116319 0 0.999078 0.0429395 0 0.999078 0.0429395 0 0 -1 0 0 -1 1 1.96068e-07 0 1 1.96068e-07 0 0 1 0 0 1 0 0 0 1 0 0 1 1.72467e-07 -1 -1.316e-06 0 -1 0 0 -1 0 0 -1 0 0 -1 0 0 -1 0 0 -1 0 0 -1 0 0 -1 0 0 -1 0 0 -1 0 1.5522e-07 -1 0 0 -1 0 0 -1 0 0 -1 0 0 -1 0 0 -1 0 0 -1 0 0 -1 0 0 -1 0 0 -1 0 0 -1 0 1.71904e-07 -1 -3.25537e-07 0 -1 0 0 -1 0 0 -1 0 0 -1 0 1.55244e-07 -1 -7.93351e-12 0 -1 0 0 -1 0 0 -1 0 0 -1 0 0 -1 0 1.70885e-07 -1 -1.23776e-07 0 -1 0 1.55098e-07 -1 -1.11714e-08 0 -1 0 0 -1 0 1.59586e-07 -1 3.02298e-07 1.53299e-07 -1 -3.9278e-08 0 -1 0 1.64228e-07 -1 3.57962e-08 -1 0 0 -1 0 0 -0.0980169 -0.995185 0 -0.0980169 -0.995185 0 -0.290281 -0.956941 0 -0.290281 -0.956941 0 -0.471393 -0.881923 0 -0.471393 -0.881923 0 -0.63441 -0.772997 0 -0.63441 -0.772997 0 -0.773005 -0.6344 0 -0.773005 -0.6344 0 -0.881917 -0.471405 0 -0.881917 -0.471405 0 -0.956945 -0.29027 0 -0.956945 -0.29027 0 -0.995186 -0.0980063 0 -0.995186 -0.0980063 0 -0.995186 0.0980062 0 -0.995186 0.0980062 0 -0.956945 0.29027 0 -0.956945 0.29027 0 -0.881917 0.471405 0 -0.881917 0.471405 0 -0.773005 0.6344 0 -0.773005 0.6344 0 -0.63441 0.772997 0 -0.63441 0.772997 0 -0.471393 0.881923 0 -0.471393 0.881923 0 -0.290281 0.956941 0 -0.290281 0.956941 0 -0.0980165 0.995185 0 -0.0980165 0.995185 0 0.0980165 0.995185 0 0.0980165 0.995185 0 0.290288 0.956939 0 0.290288 0.956939 0 0.471393 0.881923 0 0.471393 0.881923 0 0.634398 0.773007 0 0.634398 0.773007 0 0.773005 0.6344 0 0.773005 0.6344 0 0.881917 0.471405 0 0.881917 0.471405 0 0.956945 0.29027 0 0.956945 0.29027 0 0.995186 0.0980062 0 0.995186 0.0980062 0 0.995186 -0.0980063 0 0.995186 -0.0980063 0 0.956945 -0.29027 0 0.956945 -0.29027 0 0.881917 -0.471405 0 0.881917 -0.471405 0 0.773005 -0.6344 0 0.773005 -0.6344 0 0.634398 -0.773007 0 0.634398 -0.773007 0 0.471393 -0.881923 0 0.471393 -0.881923 0 0 0 1 0 0 1 0 0 1 0 0 1 0 0 1 0 0 1 0 0 1 0 0 1 0 0 1 0 0 1 0 0 1 0 0 1 0 0 1 0 0 1 0 0 1 0 0 1 0 0 1 0 0 1 0 0 1 0 0 1 0 0 1 0 0 1 0 0 1 0 0 1 0 0 1 0 0 1 0 0 1 0 0 1 0 0 1 0 0 1 0.290289 -0.956939 0 0.290289 -0.956939 0 0.0980169 -0.995185 0 0.0980169 -0.995185 0 0 0 -1 0 0 -1 0 0 -1 0 0 -1 0 0 -1 0 0 -1 0 0 -1 0 0 -1 0 0 -1 0 0 -1 0 0 -1 0 0 -1 0 0 -1 0 0 -1 0 0 -1 0 0 -1 0 0 -1 0 0 -1 0 0 -1 0 0 -1 0 0 -1 0 0 -1 0 0 -1 0 0 -1 0 0 -1 0 0 -1 0 0 -1 0 0 -1 0 0 -1 0 0 -1 -0.0980169 -0.995185 0 -0.0980169 -0.995185 0 -0.290284 -0.956941 0 -0.290284 -0.956941 0 -0.4714 -0.881919 0 -0.4714 -0.881919 0 -0.634389 -0.773014 0 -0.634389 -0.773014 0 -0.773013 -0.63439 0 -0.773013 -0.63439 0 -0.88192 -0.471399 0 -0.88192 -0.471399 0 -0.95694 -0.290285 0 -0.95694 -0.290285 0 -0.995185 -0.0980146 0 -0.995185 -0.0980146 0 -0.995185 0.0980146 0 -0.995185 0.0980146 0 -0.95694 0.290285 0 -0.95694 0.290285 0 -0.88192 0.471399 0 -0.88192 0.471399 0 -0.773013 0.63439 0 -0.773013 0.63439 0 -0.634389 0.773014 0 -0.634389 0.773014 0 -0.4714 0.881919 0 -0.4714 0.881919 0 -0.290284 0.956941 0 -0.290284 0.956941 0 -0.0980169 0.995185 0 -0.0980169 0.995185 0 0.0980177 0.995185 0 0.0980177 0.995185 0 0.290283 0.956941 0 0.290283 0.956941 0 0.471397 0.881921 0 0.471397 0.881921 0 0.634393 0.77301 0 0.634393 0.77301 0 0.773009 0.634395 0 0.773009 0.634395 0 0.881924 0.471392 0 0.881924 0.471392 0 0.95694 0.290285 0 0.95694 0.290285 0 0.995185 0.0980146 0 0.995185 0.0980146 0 0.995185 -0.0980146 0 0.995185 -0.0980146 0 0.95694 -0.290285 0 0.95694 -0.290285 0 0.881924 -0.471392 0 0.881924 -0.471392 0 0.773009 -0.634395 0 0.773009 -0.634395 0 0.634393 -0.77301 0 0.634393 -0.77301 0 0.471397 -0.881921 0 0.471397 -0.881921 0 0 0 1 0 0 1 0 0 1 0 0 1 0 0 1 0 0 1 0 0 1 0 0 1 0 0 1 0 0 1 0 0 1 0 0 1 0 0 1 0 0 1 0 0 1 0 0 1 0 0 1 0 0 1 0 0 1 0 0 1 0 0 1 0 0 1 0 0 1 0 0 1 0 0 1 0 0 1 0 0 1 0 0 1 0 0 1 0 0 1 0.290284 -0.956941 0 0.290284 -0.956941 0 0.0980177 -0.995185 0 0.0980177 -0.995185 0 0 0 -1 0 0 -1 0 0 -1 0 0 -1 0 0 -1 0 0 -1 0 0 -1 0 0 -1 0 0 -1 0 0 -1 0 0 -1 0 0 -1 0 0 -1 0 0 -1 0 0 -1 0 0 -1 0 0 -1 0 0 -1 0 0 -1 0 0 -1 0 0 -1 0 0 -1 0 0 -1 0 0 -1 0 0 -1 0 0 -1 0 0 -1 0 0 -1 0 0 -1 0 0 -1 -0.0980175 -0.995185 0 -0.0980175 -0.995185 0 -0.290283 -0.956941 0 -0.290283 -0.956941 0 -0.471396 -0.881921 0 -0.471396 -0.881921 0 -0.634394 -0.77301 0 -0.634394 -0.77301 0 -0.773014 -0.634389 0 -0.773014 -0.634389 0 -0.881917 -0.471405 0 -0.881917 -0.471405 0 -0.956941 -0.290281 0 -0.956941 -0.290281 0 -0.995185 -0.0980188 0 -0.995185 -0.0980188 0 -0.995185 0.0980188 0 -0.995185 0.0980188 0 -0.956941 0.290281 0 -0.956941 0.290281 0 -0.881917 0.471405 0 -0.881917 0.471405 0 -0.773014 0.634389 0 -0.773014 0.634389 0 -0.634395 0.773009 0 -0.634395 0.773009 0 -0.471396 0.881922 0 -0.471396 0.881922 0 -0.290283 0.956941 0 -0.290283 0.956941 0 -0.0980171 0.995185 0 -0.0980171 0.995185 0 0.0980167 0.995185 0 0.0980167 0.995185 0 0.290283 0.956941 0 0.290283 0.956941 0 0.471396 0.881922 0 0.471396 0.881922 0 0.634398 0.773007 0 0.634398 0.773007 0 0.773008 0.634396 0 0.773008 0.634396 0 0.881922 0.471395 0 0.881922 0.471395 0 0.95694 0.290287 0 0.95694 0.290287 0 0.995185 0.0980125 0 0.995185 0.0980125 0 0.995185 -0.0980125 0 0.995185 -0.0980125 0 0.95694 -0.290287 0 0.95694 -0.290287 0 0.881922 -0.471395 0 0.881922 -0.471395 0 0.773008 -0.634396 0 0.773008 -0.634396 0 0.634397 -0.773007 0 0.634397 -0.773007 0 0.471396 -0.881921 0 0.471396 -0.881921 0 0 0 1 0 0 1 0 0 1 0 0 1 0 0 1 0 0 1 0 0 1 0 0 1 0 0 1 0 0 1 0 0 1 0 0 1 0 0 1 0 0 1 0 0 1 0 0 1 0 0 1 0 0 1 0 0 1 0 0 1 0 0 1 0 0 1 0 0 1 0 0 1 0 0 1 0 0 1 0 0 1 0 0 1 0 0 1 0 0 1 0.290283 -0.956941 0 0.290283 -0.956941 0 0.0980179 -0.995185 0 0.0980179 -0.995185 0 0 0 -1 0 0 -1 0 0 -1 0 0 -1 0 0 -1 0 0 -1 0 0 -1 0 0 -1 0 0 -1 0 0 -1 0 0 -1 0 0 -1 0 0 -1 0 0 -1 0 0 -1 0 0 -1 0 0 -1 0 0 -1 0 0 -1 0 0 -1 0 0 -1 0 0 -1 0 0 -1 0 0 -1 0 0 -1 0 0 -1 0 0 -1 0 0 -1 0 0 -1 0 0 -1 1 0 0 1 0 0 1 0 0 1 0 0 1 0 0 1 0 0 1 0 0 1 0 0 1 0 0 1 0 0 1 0 0 1 0 0 1 0 0 1 0 0 1 0 0 1 0 0 1 -1.33273e-07 -4.97424e-07 1 -9.41635e-08 -6.02751e-07 1 0 0 1 0 0 1 0 0 1 0 0 1 0 0 1 0 0 1 0 0 1 0 0 1 0 0 1 0 0 1 0 0 1 0 0 1 0 0 1 0 0 1 0 0 1 0 0 1 0 0 1 0 0 1 0 0 1 0 0 1 0 0 1 0 0 1 0 0 1 0 0 1 0 0 1 0 0 1 0 0 1 0 0 1 0 0 1 0 0 1 0 0 1 0 0 1 0 0 1 0 0 1 0 0 1 0 0 1 0 0 1 0 0 1 0 0 1 0 0 1 0 0 1 0 0 1 0 0 1 0 0 1 0 0 1 0 0 1 0 0 1 -4.77861e-07 -1.67447e-07 1 0 0 1 0 0 1 0 0 1 0 0 1 0 0 1 -3.86088e-07 0 1 -5.57745e-07 -5.57746e-07 1 -4.80968e-07 -1.28864e-07 1 -1.08706e-07 2.9133e-08 1 -1.1155e-07 1.11551e-07 1 -1.26988e-07 4.73831e-07 1 -1.18508e-07 2.86088e-07 1 0 0 1 0 0 1 0 0 1 0 0 1 0 0 1 0 0 1 0 0 1 0 0 1 0 0 1 0 0 1 0 0 1 0 0 1 0 0 1 0 0 1 0 0 1 0 0 1 0 0 1 0 0 1 0 0 1 0 0 1 0 0 1 0 0 1 0 0 1 0 0 1 0 0 1 0 0 1 0 0 1 0 0 1 0 0 1 0 0 1 0 0 1 0 0 1 0 0 1 0 0 1 0 0 1 0 0 1 0 0 1 0 0 1 0 0 1 0 0 1 0 0 1 0 0 1 0 0 1 0 0 1 0 0 1 0 0 1 0 0 1 0 0 1 0 0 1 0 0 1 0 0 1 0 0 1 0 0 1 0 0 1 0 0 1 0 0 1 0 0 1 0 0 1 0 0 1 0 0 1 0 0 1 0 0 1 0 0 1 0 0 1 0 0 1 -1.34585e-07 1.7717e-08 1 -1.31789e-07 5.45917e-08 1 -1.27872e-07 1.68337e-08 1 -1.22468e-07 9.39674e-08 1 -1.19158e-07 4.93585e-08 1 -1.07195e-07 1.39708e-07 1 0 6.94497e-06 1 -1.45065e-07 -1.90967e-08 1 -1.77888e-08 2.46897e-07 1 0 0 1 0 0 1 0 0 1 0 0 1 0 0 1 0 0 1 -1.38286e-06 -1.11467e-06 1 0 0 1 0 0 1 0 0 1 0 0 1 0 0 1 0 0 1 -9.53846e-07 -9.30568e-06 1 -1.15143e-07 3.64897e-07 1 0 -6.94498e-06 1 -1.15903e-07 -4.32469e-07 1 -1.22609e-07 -1.22609e-07 1 -1.25438e-07 -3.36172e-08 1 -1.14391e-07 -2.7615e-07 1 -1.30925e-07 -9.94558e-07 1 -6.74988e-08 6.74564e-07 1 0 0 1 0 0 1 0 0 1 0 0 1 0 0 1 0 0 1 0 0 1 0 0 1 0 0 1 0 0 1 0 0 1 0 0 1 0 0 1 0 0 1 0 0 1 -5.02182e-07 -1.34547e-07 1 -4.80968e-07 1.28864e-07 1 -4.579e-07 0 1 -2.55984e-07 2.55985e-07 1 -1.33273e-07 4.97424e-07 1 -6.82537e-07 -6.82537e-07 1 -2.31132e-07 3.56769e-07 1 0 0 1 0 0 1 0 0 1 0 0 1 0 0 1 0 0 1 0 0 1 0 0 1 0 0 1 0 0 1 0 0 1 0 0 1 0 0 1 0 0 1 0 0 1 0 0 1 0 0 1 0 0 1 0 0 1 0 0 1 0 0 1 0 0 1 0 0 1 0 0 1 0 0 1 0 0 1 0 0 1 0 0 1 0 0 1 0 0 1 0 0 1 0 0 1 0 0 1 0 0 1 0 0 1 0 0 1 0 0 1 0 0 1 0 0 1 0 0 1 0 0 1 0 0 1 0 0 1 0 0 1 0 0 1 0 0 1 0 0 1 0 0 1 0 0 1 0 0 1 0 0 1 0 0 1 0 0 1 0 0 1 0 0 1 0 0 1 0 0 1 0 0 1 0 0 1 0 0 1 0 0 1 0 0 1 0 0 1 0 0 1 0 0 1 0 0 1 0 0 1 0 0 1 0 0 1 0 0 1 0 0 1 0 0 1 0 0 1 0 0 1 0 0 1 0 0 1 0 0 1 0 0 1 0 0 1 0 0 1 0 0 1 0 0 1 0 0 1 0 0 1 0 0 1 0 0 1 0 0 1 0 0 1 0 0 1 0 0 1 0 0 1 0 0 1 0 0 1 0 0 1 0 0 1 0 0 1 0 0 1 0 0 1 0 0 1 0 0 1 0 0 1 0 0 1 0 0 1 0 0 1 0 0 1 0 0 1 0 0 1 0 0 1 0 0 1 0 0 0 0.258793 -0.965933 0 0.258793 -0.965933 0.373354 0.240079 -0.896085 0.373369 0.240061 -0.896084 0.853682 0.134768 -0.503055 0.853537 0.134846 -0.503281 0.919082 0.101987 -0.380641 0.919074 0.102013 -0.380653 0.990831 0.0349733 -0.1305 0.990832 0.0349628 -0.130499 0.99964 -0.00694107 0.0259075 0 0.707107 -0.707106 0 0.707107 -0.707106 0.373358 0.655974 -0.655973 0.373359 0.655974 -0.655974 0.853528 0.368436 -0.368436 0.853532 0.368431 -0.368431 0.919085 0.278642 -0.278643 0.919085 0.278642 -0.278643 0.990831 0.0955339 -0.0955342 0.990831 0.0955328 -0.0955348 0.99964 -0.0189652 0.0189656 0 0.965933 -0.258793 0 0.965933 -0.258793 0.373354 0.896085 -0.240079 0.373368 0.896084 -0.240061 0.853679 0.50306 -0.13477 0.853539 0.503278 -0.134845 0.919081 0.380642 -0.101987 0.919074 0.380653 -0.102013 0.990831 0.1305 -0.0349732 0.990832 0.130499 -0.0349629 0.99964 -0.0259074 0.00694102 0 0.965933 0.258793 0 0.965933 0.258793 0.373366 0.89608 0.240078 0.373352 0.89609 0.240063 0.853541 0.503279 0.134829 0.853681 0.503053 0.134785 0.919076 0.380654 0.10199 0.919084 0.380631 0.102007 0.990832 0.130499 0.0349629 0.990831 0.1305 0.0349732 0.99964 -0.0259074 -0.00694102 0 0.707107 0.707106 0 0.707107 0.707106 0.373359 0.655974 0.655973 0.373359 0.655974 0.655974 0.853528 0.368436 0.368436 0.853532 0.368431 0.368431 0.919085 0.278642 0.278643 0.919085 0.278642 0.278643 0.990831 0.0955339 0.0955342 0.990831 0.0955327 0.0955348 0.99964 -0.0189652 -0.0189656 0 0.258793 0.965933 0 0.258793 0.965933 0.373354 0.240079 0.896085 0.373369 0.240061 0.896084 0.853682 0.134769 0.503055 0.853537 0.134846 0.503281 0.919082 0.101987 0.380641 0.919074 0.102013 0.380653 0.990831 0.0349733 0.1305 0.990832 0.0349629 0.130499 0.99964 -0.00694107 -0.0259075 0 -0.258793 0.965933 0 -0.258793 0.965933 0.373367 -0.240078 0.89608 0.373353 -0.240063 0.89609 0.853539 -0.134829 0.503282 0.853684 -0.134784 0.503048 0.919074 -0.102013 0.380653 0.919082 -0.101987 0.380641 0.990832 -0.0349629 0.130499 0.990831 -0.0349733 0.1305 0.99964 0.00694107 -0.0259075 0 -0.707107 0.707106 0 -0.707107 0.707106 0.373358 -0.655974 0.655973 0.373359 -0.655974 0.655974 0.853532 -0.368431 0.368431 0.853528 -0.368436 0.368436 0.919085 -0.278643 0.278642 0.919085 -0.278642 0.278642 0.990831 -0.0955344 0.0955338 0.990831 -0.095534 0.0955339 0.99964 0.0189655 -0.0189654 0 -0.965933 0.258793 0 -0.965933 0.258793 0.373366 -0.89608 0.240078 0.373352 -0.89609 0.240063 0.853541 -0.503279 0.134829 0.853681 -0.503053 0.134785 0.919074 -0.380653 0.102013 0.919082 -0.380641 0.101987 0.990831 -0.130499 0.0349731 0.990831 -0.130504 0.0349668 0.99964 0.0259074 -0.00694155 0 -0.965933 -0.258793 0 -0.965933 -0.258793 0.373354 -0.896085 -0.240079 0.373368 -0.896084 -0.240061 0.853679 -0.50306 -0.13477 0.853539 -0.503278 -0.134845 0.919082 -0.380641 -0.101987 0.919074 -0.380653 -0.102013 0.990831 -0.1305 -0.0349732 0.990832 -0.130499 -0.0349657 0.99964 0.0259074 0.00694155 0 0.544692 -0.838636 0 0.544692 -0.838636 0.373396 0.505295 -0.777979 0.373337 0.50525 -0.778037 0.921298 0.211783 -0.326125 0.921299 0.211779 -0.326125 0.990832 0.0735788 -0.113306 0.990822 0.0738114 -0.11324 0.999931 -0.00640915 0.00983283 0 0.891002 -0.454 0 0.891002 -0.454 0.373363 0.826569 -0.42117 0.37333 0.826563 -0.421211 0.921293 0.346475 -0.176561 0.921304 0.346467 -0.17652 0.990832 0.120377 -0.0613304 0.99083 0.12037 -0.0613742 0.999931 -0.010461 0.00533387 0 0.998631 0.0523153 0 0.998631 0.0523153 0.373316 0.926434 0.0485331 0.373347 0.926419 0.0485696 0.921305 0.388308 0.0203579 0.921298 0.388326 0.0203372 0.990832 0.134918 0.00706585 0.990834 0.134896 0.00712379 0.999931 -0.0117263 -0.000619257 0 0.838671 0.544638 0 0.838671 0.544638 0.373346 0.778029 0.505257 0.373358 0.778017 0.505266 0.921299 0.326125 0.21178 0.921295 0.326126 0.211796 0.990833 0.113311 0.0735618 0.990832 0.113306 0.0735792 0.999931 -0.00984949 -0.00639431 0 0.454031 0.890986 0 0.454031 0.890986 0.373335 0.421203 0.826564 0.373362 0.42117 0.826569 0.921299 0.17654 0.34647 0.921304 0.17652 0.346466 0.990832 0.0613307 0.120377 0.99083 0.061371 0.12037 0.999931 -0.00533368 -0.0104612 0 -0.0523927 0.998627 0 -0.0523927 0.998627 0.373379 -0.0486036 0.926405 0.373347 -0.0485655 0.92642 0.921305 -0.0203562 0.388307 0.921297 -0.0203337 0.388327 0.990832 -0.00706458 0.134917 0.990833 -0.00710065 0.134904 0.999931 0.000617193 -0.011726 0 -0.544637 0.838672 0 -0.544637 0.838672 0.373345 -0.505256 0.778029 0.3734 -0.505298 0.777976 0.921299 -0.211779 0.326125 0.921288 -0.211822 0.326129 0.990833 -0.0735607 0.113311 0.990832 -0.0735789 0.113306 0.999931 0.00639006 -0.00984312 0 -0.891002 0.454 0 -0.891002 0.454 0.373392 -0.826559 0.421164 0.373392 -0.826559 0.421164 0.92129 -0.346496 0.176535 0.921285 -0.3465 0.176556 0.99083 -0.12037 0.061375 0.990832 -0.120377 0.0613304 0.999931 0.01045 -0.0053283 0 -0.998631 -0.0523112 0 -0.998631 -0.0523112 0.373347 -0.926422 -0.0485287 0.373386 -0.926408 -0.0484806 0.921296 -0.38833 -0.020322 0.921291 -0.388341 -0.020338 0.990832 -0.134915 -0.00706572 0.99083 -0.134929 -0.0071201 0.999931 0.0117123 0.000618041 0 -0.838672 -0.544637 0 -0.838672 -0.544637 0.373382 -0.778017 -0.505248 0.373395 -0.778004 -0.505258 0.921295 -0.326127 -0.211796 0.921299 -0.326125 -0.211779 0.990831 -0.113312 -0.0735828 0.990838 -0.113362 -0.0734073 0.999931 0.00984395 0.00637441 0 -0.453969 -0.891018 0 -0.453969 -0.891018 0.373389 -0.421136 -0.826574 0.373362 -0.42117 -0.826569 0.921295 -0.176557 -0.346474 0.921299 -0.176541 -0.34647 0.990846 -0.0609646 -0.120447 0.990831 -0.061344 -0.120381 0.999931 0.00529871 0.0104685 0 0.0523153 -0.998631 0 0.0523153 -0.998631 0.37341 0.0485312 -0.926396 0.373383 0.048565 -0.926405 0.9213 0.0203569 -0.38832 0.921284 0.0204073 -0.388355 0.990831 0.00708984 -0.134921 0.990842 0.00681671 -0.134852 0.999931 -0.000592465 0.0117207 0 -0.707107 -0.707106 0 -0.707107 -0.707106 0.373359 -0.655974 -0.655973 0.373359 -0.655974 -0.655974 0.853532 -0.368431 -0.368431 0.853528 -0.368436 -0.368436 0.919085 -0.278643 -0.278642 0.919085 -0.278642 -0.278642 0.990831 -0.0955344 -0.0955337 0.990831 -0.095534 -0.0955339 0.99964 0.0189655 0.0189654 0 -0.258793 -0.965933 0 -0.258793 -0.965933 0.373369 -0.240061 -0.896084 0.373354 -0.240079 -0.896085 0.853539 -0.134829 -0.503282 0.853684 -0.134784 -0.503048 0.919076 -0.10199 -0.380654 0.919084 -0.102007 -0.380631 0.990832 -0.0349628 -0.130499 0.990831 -0.0349733 -0.1305 0.99964 0.00694107 0.0259075 -1 0 0 -1 0 0 -1 0 0 -1 0 0 -1 0 0 -1 0 0 -1 0 0 -1 0 0 -1 0 0 -1 0 0 -1 0 0 -1 0 0 -1 0 0 -1 0 0 -1 0 0 -1 0 0 -1 0 0 -1 0 0 -1 0 0 -1 0 0 -1 0 0 -1 0 0 -1 0 0 -1 0 0 -1 3.18406e-08 -5.56738e-07 -1 1.44281e-07 1.10713e-07 -1 1.44932e-07 1.90795e-08 -1 1.53191e-07 6.34552e-08 -1 1.28492e-07 5.86917e-07 -1 0 0 -1 0 0 -1 0 0 -1 0 0 -1 0 0 -1 0 0 -1 0 0 -1 0 0 -1 0 0 -1 0 0 -1 0 0 -1 2.82663e-07 -6.82394e-07 -1 2.97858e-11 3.24793e-07 -1 0 0 -1 0 0 -1 0 0 -1 1.28492e-07 -5.86917e-07 -1 1.53191e-07 -6.34552e-08 -1 1.44932e-07 -1.90795e-08 -1 1.44281e-07 -1.10713e-07 -1 1.35055e-07 -5.59432e-08 -1 9.51931e-07 1.66447e-05 -1 0 0 -1 0 0 -1 0 0 -1 0 0 -1 0 0 -1 0 0 -1 0 0 -1 0 0 -1 0 0 -1 0 0 -1 0 0 -1 0 0 -1 0 0 -1 0 0 -1 0 0 -1 0 0 -1 0 0 -1 0 0 -1 0 0 -1 0 0 -1 0 0 -1 0 0 -1 0 0 -1 0 0 -1 0 0 -1 0 0 -1 0 0 -1 0 0 -1 0 0 -1 0 0 -1 0 0 -1 7.79668e-08 -2.82931e-07 -1 0 0 -1 0 0 -1 0 0 -1 0 0 -1 1.5522e-07 2.04346e-08 -1 1.55221e-07 2.04341e-08 -1 1.44642e-07 5.9914e-08 -1 1.44281e-07 1.10713e-07 -1 1.6097e-07 -2.09775e-07 -1 1.44281e-07 -1.10713e-07 -1 1.44932e-07 -1.90801e-08 -1 1.68021e-07 -6.9598e-08 -1 1.5522e-07 -2.04341e-08 -1 0 0 -1 0 0 -1 0 0 -1 0 0 -1 0 0 -1 0 0 -1 7.71318e-09 3.12032e-07 -1 0 0 -1 0 0 -1 0 0 -1 0 0 -1 0 0 -1 0 0 -1 0 0 -1 0 0 -1 0 0 -1 0 0 -1 0 0 -1 0 0 -1 0 0 -1 0 0 -1 1.48132e-07 -5.5273e-07 -1 3.24e-07 -3.24e-07 -1 2.68125e-06 1.76495e-06 -1 -6.3638e-06 -4.18903e-06 -1 6.89613e-07 0 -1 1.48132e-07 5.5273e-07 -1 3.24e-07 3.24e-07 -1 0 0 -1 9.51931e-07 3.94315e-07 -1 0 0 -1 0 0 -1 0 0 -1 2.57456e-07 -6.90085e-08 -1 0 0 -1 0 0 -1 0 0 -1 0 0 -1 0 0 -1 0 0 -1 0 0 -1 0 0 -1 0 0 -1 0 0 -1 2.49296e-07 -1.43935e-07 -1 1.53429e-06 -1.16547e-05 -1 2.49296e-07 1.43935e-07 -1 0 0 -1 0 0 -1 0 0 -1 0 0 -1 0 0 -1 0 0 -1 0 0 -1 0 0 -1 0 0 -1 0 0 -1 0 -6.90534e-07 -1 6.13814e-07 3.97171e-06 -1 7.77221e-08 5.02905e-07 -1 0 0 -1 0 0 -1 0 0 -1 0 0 -1 0 0 -1 0 0 -1 0 0 -1 0 0 -1 2.49296e-07 1.43935e-07 -1 2.57456e-07 6.90085e-08 -1 0 0 -1 2.49296e-07 -1.43935e-07 -1 0 0 -1 0 0 -1 0 0 -1 0 0 -1 0 0 -1 0 0 -1 0 0 -1 0 0 -1 1.53429e-06 1.16547e-05 5.70519e-09 0.13052 0.991446 6.968e-09 0.13052 0.991446 0.704016 -0.0926953 -0.704108 0.704061 -0.0926963 -0.704064 0.704067 -0.563339 0.432365 0.704081 -0.563378 0.432292 0.704076 0.656056 0.271787 0.704072 0.656067 0.27177 0.704072 0.563384 0.432297 0.704066 0.563412 0.432272 0.704064 0.432302 0.56339 0.704077 0.432237 0.563425 0.704071 0.271787 0.65606 0.704074 0.271769 0.656065 -0.793381 0.608726 0 -0.793381 0.608726 0 -0.923868 0.382711 0 -0.923868 0.382711 0 0.704069 0.0926596 0.704061 0.704062 0.092697 0.704062 -0.991448 0.130503 0 -0.991448 0.130503 0 0.704071 -0.65606 0.271789 0.704074 -0.656065 0.271769 3.78145e-08 0.991444 -0.130532 3.79943e-08 0.991444 -0.130532 0.704065 0.704065 -0.0926607 0.704071 0.704054 -0.0926949 3.78145e-08 0.991444 0.130532 3.72026e-08 0.991444 0.130532 0.704068 0.704061 0.09266 0.704062 0.704062 0.0926955 3.52368e-08 0.92386 0.382731 3.56541e-08 0.92386 0.382731 2.99478e-08 0.793387 0.608718 -1.43486e-05 0.793247 0.6089 3.08032e-08 0.793422 0.608672 3.09603e-08 0.608678 0.793417 2.33017e-08 0.608678 0.793417 1.58174e-08 0.382523 0.923946 -1.53048e-05 0.382951 0.923769 1.86851e-08 0.382729 0.923861 5.39759e-09 0.130534 0.991444 5.22412e-09 0.130534 0.991444 0.704068 -0.704061 0.0926599 0.704062 -0.704062 0.0926962 5.39739e-09 0.130529 -0.991445 6.09482e-09 0.130529 -0.991445 0.704065 0.092661 -0.704065 0.70407 0.0926924 -0.704055 1.94784e-08 0.382945 -0.923771 -1.409e-05 0.382533 -0.923942 1.55351e-08 0.382734 -0.923859 0.704076 0.271789 -0.656055 0.704072 0.27177 -0.656067 2.4259e-08 0.608678 -0.793417 3.05882e-08 0.608678 -0.793417 0.704072 0.432297 -0.563385 0.70406 0.432247 -0.563438 3.08031e-08 0.793419 -0.608675 -1.41562e-05 0.793247 -0.6089 3.32754e-08 0.793385 -0.60872 0.704068 0.563388 -0.432299 0.704074 0.563404 -0.432268 3.52368e-08 0.92386 -0.382729 3.5654e-08 0.923861 -0.382729 0.704071 0.656061 -0.271787 0.704074 0.656065 -0.27177 0.704065 -0.704065 -0.0926602 0.704071 -0.704054 -0.0926949 0.704063 0.0926842 0.704063 0.704089 0.0926998 0.704036 -1 0 0 -1 0 0 -1 0 0 -1 0 0 -1 0 0 -1 0 0 -1 0 0 -1 0 0 -1 0 0 -1 0 0 -1 0 0 -1 0 0 -1 0 0 -1 0 0 -1 0 0 -1 0 0 -1 0 0 -1 0 0 -1 0 0 -1 0 0 -1 0 0 -1 0 0 -1 0 0 -1 0 0 -1 0 0 -1 0 0 -1 0 0 -1 0 0 -1 0 0 -1 0 0 -1 0 0 -1 0 0 -1 0 0 -1 0 0 -1 0 0 -1 0 0 -1 0 0 -1 0 0 -1 0 0 -1 0 0 -1 0 0 -1 0 0 -1 0 0 -1 0 0 -1 0 0 -1 0 0 -1 0 0 -1 0 0 5.70619e-09 0.130542 0.991443 0 0.130542 0.991443 5.70872e-09 0.1306 0.991435 0.000269368 0.129997 0.991514 -2.1541e-05 0.13053 0.991444 3.22584e-08 0.130524 0.991445 -5.09905e-06 -0.130532 -0.991444 -1.31992e-05 -0.130523 -0.991445 3.54043e-06 -0.130549 -0.991442 1.43599e-05 -0.130573 -0.991439 -2.96851e-05 -0.130435 -0.991457 3.32717e-05 -0.130702 -0.991422 -5.37452e-06 -0.130505 -0.991448 -5.9689e-09 -0.131429 -0.991326 -7.23988e-09 -0.131429 -0.991326 6.44791e-06 -0.130505 -0.991448 -3.57033e-05 -0.130683 -0.991424 3.37475e-05 -0.130445 -0.991456 -1.69022e-05 -0.13057 -0.991439 -4.28739e-06 -0.130549 -0.991442 1.66014e-05 -0.130524 -0.991445 7.05794e-06 -0.130532 -0.991444 -5.70452e-09 -0.130504 -0.991448 -7.85529e-09 -0.130504 -0.991448 -0.704017 -0.092702 -0.704107 -0.704061 -0.0926894 -0.704064 0.498927 0.0656536 -0.864154 0.464915 0.192587 -0.864155 0.399234 0.30635 -0.864154 0.30635 0.399234 -0.864154 -0.30635 0.399234 -0.864154 -0.399234 0.30635 -0.864154 -0.92387 0.382707 0 -0.923779 0.382927 5.20629e-05 -0.923863 0.382724 2.08351e-05 -0.924329 0.381598 0 -0.464837 0.192707 -0.86417 -0.464851 0.192561 -0.864196 -0.465017 0.192397 -0.864143 -0.464834 0.192865 -0.864137 -0.991453 0.130462 0 -0.991444 0.130529 1.56229e-05 -0.991473 0.130316 0 -0.498932 0.065723 -0.864146 -0.498894 0.0656476 -0.864173 0.793347 0.60877 0 0.793347 0.60877 0 0.60877 0.793347 0 0.60877 0.793347 0 0.382707 0.92387 0 0.382707 0.92387 0 0.192588 0.464915 -0.864155 0.130464 0.991453 0 0.130464 0.991453 0 0.0656529 0.498927 -0.864154 -0.130464 0.991453 0 -0.130464 0.991453 0 -0.0656529 0.498927 -0.864154 -0.382707 0.92387 0 -0.382707 0.92387 0 -0.192588 0.464915 -0.864155 -0.60877 0.793347 0 -0.60877 0.793347 0 -0.793347 0.60877 0 -0.793307 0.608822 1.26132e-05 -0.793472 0.608607 -1.5222e-05 -0.792692 0.609623 3.68417e-05 -0.793776 0.60821 0 -0.793347 0.60877 -8.41109e-06 -0.792019 0.610497 0.00014648 -0.793505 0.608564 -1.31269e-05 -0.793299 0.608832 0 -0.382609 -0.837341 0.390475 -0.382599 -0.837353 0.390458 -0.924329 0.381598 0 -0.92386 0.382731 -1.04991e-05 -0.923775 0.382936 -2.56756e-05 -0.92387 0.382707 0 -0.130556 -0.898544 0.419015 -0.130547 -0.898538 0.419032 -0.13056 -0.898831 0.418398 0.92387 0.382705 0 0.92387 0.382705 0 0.130556 -0.898537 0.419031 0.130547 -0.898545 0.419016 0.13056 -0.898829 0.418403 0.382609 -0.83735 0.390456 0.382599 -0.837345 0.390476 -0.130504 0.991448 0 -0.130504 0.991448 0 -0.382711 0.923868 0 -0.382711 0.923868 0 -0.608725 0.793381 0 -0.608725 0.793381 0 0.608726 0.793381 0 0.608726 0.793381 0 0.382711 0.923868 0 0.382711 0.923868 0 0.130504 0.991448 0 0.130504 0.991448 0 0.991453 0.130465 0 0.991453 0.130465 0 0.923868 0.382711 0 0.923868 0.382711 0 0.793381 0.608726 0 0.793381 0.608726 0 -0.991473 0.130316 0 -0.991444 0.13053 -7.31352e-06 -0.991453 0.130462 0 0.991448 0.130504 0 0.991448 0.130504 0 2.76508e-09 0.13052 0.991446 4.82365e-09 0.13052 0.991446 1 0 0 1 0 0 1 0 0 1 0 0 1 0 0 1 0 0 1 0 0 1 0 0 1 0 0 1 0 0 1 0 0 1 0 0 1 0 0 1 0 0 1 -1.43938e-07 -2.49301e-07 1 -1.88477e-07 -1.88477e-07 1 0 0 1 0 0 1 0 0 1 0 0 1 0 0 1 0 0 1 0 0 1 -1.88477e-07 1.88477e-07 1 -1.43938e-07 2.49301e-07 1 0 0 1 0 0 1 0 0 1 0 0 1 0 0 1 0 0 1 0 0 1 0 0 1 0 0 1 0 0 1 0 0 1 0 0 1 0 0 1 0 0 1 0 0 1 0 0 1 0 0 1 0 0 1 0 0 1 0 0 1 0 0 1 0 0 1 0 0 1 0 0 1 0 0 1 0 0 1 -1.88477e-07 1.88477e-07 1 -1.43938e-07 2.49301e-07 1 0 0 1 0 0 1 0 0 1 0 0 1 0 0 1 0 0 1 0 0 1 0 0 1 -1.88477e-07 -1.88477e-07 1 -1.43938e-07 -2.49301e-07 1 0 0 1 0 0 1 0 0 1 0 0 1 0 0 1 0 0 1 0 0 1 0 0 1 0 0 -0.498925 0.0656612 -0.864154 1.78204e-08 0.382691 0.923876 4.18068e-08 0.382691 0.923876 0.704054 -0.271766 -0.656088 0.704018 -0.271775 -0.656123 -1.04722e-08 -0.130539 0.991443 -1.11317e-08 -0.130539 0.991443 0.704069 -0.0926612 0.704061 0.704062 -0.0927005 0.704062 -0.793384 -0.551679 0.257276 -0.793362 -0.551733 0.257231 -0.608796 -0.718987 0.3353 -0.608781 -0.719011 0.335275 0.704074 -0.271769 0.656065 0.704071 -0.271787 0.656061 0.704081 -0.432292 0.563377 0.704066 -0.432366 0.563338 -6.07929e-08 -0.793285 0.60885 -6.01951e-08 -0.793285 0.60885 -7.00992e-08 -0.92386 0.382731 -7.14096e-08 -0.92386 0.382731 0.704071 -0.65606 -0.271789 0.704074 -0.656064 -0.27177 -6.53824e-08 -0.792742 -0.609558 -1.22186e-05 -0.793403 -0.608697 -6.40858e-08 -0.793286 -0.608849 0.704066 -0.563339 -0.432365 0.70408 -0.563378 -0.432291 -5.02157e-08 -0.60885 -0.793285 -5.20888e-08 -0.60885 -0.793285 0.704081 -0.432292 -0.563378 0.704067 -0.432365 -0.563339 -3.17323e-08 -0.382632 -0.923901 -1.40398e-05 -0.382929 -0.923778 -3.12456e-08 -0.382731 -0.92386 0.704074 -0.271769 -0.656065 0.704071 -0.271789 -0.65606 -1.07684e-08 -0.131279 -0.991346 9.44004e-06 -0.130387 -0.991463 -1.12544e-08 -0.130531 -0.991444 0.704065 -0.0926617 -0.704064 0.70407 -0.0926939 -0.704054 1.07071e-08 0.130531 -0.991444 1.00494e-08 0.130531 -0.991444 0.704071 0.092694 -0.704054 0.704065 0.0926617 -0.704064 0 0.382877 -0.9238 -8.28836e-06 0.382609 -0.92391 3.01394e-08 0.382731 -0.92386 0.704072 0.271769 -0.656067 0.704076 0.271787 -0.656056 0 0.608851 -0.793285 0 0.608851 -0.793285 0.704086 0.432354 -0.563323 0.704072 0.432297 -0.563384 0 0.793285 -0.60885 0 0.793285 -0.60885 0.704072 0.563385 -0.432296 0.704086 0.563324 -0.432353 0 0.923859 -0.382732 0 0.923859 -0.382732 0.704071 0.65606 -0.271789 0.704074 0.656064 -0.27177 0 0.991444 -0.130531 0 0.991444 -0.130531 0.704062 0.704062 -0.092695 0.704068 0.704061 -0.0926596 0 0.991444 0.130531 0 0.991444 0.130531 0.704065 0.704065 0.0926604 0.704071 0.704054 0.0926942 0 0.923842 0.382773 -1.6962e-05 0.923964 0.382479 0 0.923859 0.382732 0.704076 0.656056 0.271788 0.704072 0.656067 0.27177 0 0.793284 0.608851 -5.87502e-05 0.792731 0.609571 0 0.793401 0.608699 0.704081 0.563377 0.432292 0.704067 0.563338 0.432366 0 0.608853 0.793284 0 0.608852 0.793284 0.704066 0.432367 0.563338 0.704081 0.432292 0.563377 -0.923872 0.346829 -0.16177 -0.92388 0.3468 -0.161787 -0.923126 0.348467 -0.16251 -0.991448 0.118278 -0.05515 -0.991449 0.11826 -0.0551599 3.17197e-08 0.38248 0.923964 -3.52074e-05 0.383227 0.923654 0 0.382729 0.923861 0.704071 0.271787 0.656061 0.704074 0.271769 0.656065 -0.991447 -0.118279 0.0551556 -0.991448 -0.118278 0.0551501 -0.923856 -0.346893 0.16173 -0.923863 -0.346864 0.16175 0.704062 0.0927006 0.704062 0.704069 0.0926612 0.704061 0.704083 0.271763 0.656058 0.704053 0.271753 0.656094 0 0.382672 0.923884 0 0.382672 0.923884 1.29036e-07 0.382698 0.923873 -8.7788e-05 0.382675 0.923883 0.000510459 0.383057 0.923725 -0.000141763 0.382574 0.923925 0.000304874 0.383076 0.923717 0 0.382668 0.923886 0 -0.382691 -0.923877 -7.10423e-06 -0.38272 -0.923864 1.64762e-05 -0.382675 -0.923883 -1.39858e-05 -0.382715 -0.923867 0.00019256 -0.382493 -0.923958 4.14078e-06 -0.382683 -0.92388 9.54173e-06 -0.382707 -0.92387 1.15464e-06 -0.382609 -0.92391 -2.10712e-08 -0.382517 -0.923949 -1.73721e-08 -0.382516 -0.923949 -9.78491e-07 -0.382609 -0.92391 -7.71067e-06 -0.382709 -0.923869 5.52182e-06 -0.382634 -0.9239 -1.76725e-05 -0.382703 -0.923872 -3.8319e-06 -0.382677 -0.923882 -4.05264e-05 -0.382726 -0.923862 -1.27491e-05 -0.382696 -0.923875 0 -0.382683 -0.92388 -0.704053 -0.271762 -0.65609 -0.704017 -0.27178 -0.656121 -0.608732 -0.71904 0.335301 -0.608886 -0.718937 0.335242 -0.382585 -0.837353 0.390472 -0.382794 -0.83728 0.390425 -0.130418 -0.898567 0.419008 -0.130495 -0.89856 0.419 0.130419 -0.898569 0.419004 0.130495 -0.898558 0.419004 0.382584 -0.837358 0.390461 0.382794 -0.837275 0.390436 0.608731 -0.719045 0.335292 0.608886 -0.718933 0.335251 0.608796 -0.718987 0.3353 0.608781 -0.719011 0.335275 0.793385 -0.551679 0.257276 0.793362 -0.551733 0.257231 -3.09489e-08 -0.382783 0.923838 1.9327e-06 -0.382729 0.923861 -2.93771e-08 -0.382666 0.923887 -4.7675e-08 -0.608852 0.793284 -4.47974e-08 -0.608852 0.793284 -7.64303e-08 -0.991444 0.130533 -7.53985e-08 -0.991444 0.130533 -7.64303e-08 -0.991444 -0.130532 -7.84066e-08 -0.991444 -0.130532 -7.46249e-08 -0.923795 -0.382888 -6.4783e-05 -0.924258 -0.381767 -7.26086e-08 -0.92386 -0.382731 -0.924009 -0.346547 0.161596 -0.923765 -0.347053 0.1619 -0.923874 -0.346842 0.161733 -0.991443 -0.118307 0.0551669 -0.99147 -0.118129 0.0550786 -0.991418 -0.118452 0.055306 -0.991454 -0.118233 0.0551348 -0.399164 -0.642904 -0.653715 -0.306358 -0.727012 -0.61449 -0.192578 -0.78655 -0.586731 -0.0655944 -0.817383 -0.572348 0.0655943 -0.817383 -0.572348 0.192578 -0.78655 -0.586731 0.306358 -0.727012 -0.61449 0.399164 -0.642904 -0.653715 -0.498893 -0.424843 -0.75539 -0.499011 -0.424233 -0.755655 -0.498834 -0.424701 -0.755508 -0.498914 -0.424933 -0.755326 -0.464872 -0.53977 -0.701814 0.464872 -0.539769 -0.701814 0.498895 -0.424695 -0.755472 0.498894 -0.305702 -0.810957 0.464852 -0.190574 -0.864635 -0.923843 0.34692 -0.16174 -0.923863 0.346873 -0.161729 -0.923747 0.347124 -0.161855 -0.924054 0.346447 -0.161553 -0.464969 -0.190992 -0.86448 -0.464897 -0.190544 -0.864618 -0.464791 -0.190471 -0.864691 -0.464934 -0.190833 -0.864534 -0.991447 0.118284 -0.0551588 -0.991454 0.118235 -0.0551292 -0.991454 0.118237 -0.0551305 -0.498916 -0.305622 -0.810974 -0.49888 -0.305708 -0.810963 0.793347 0.551735 -0.257275 0.793375 0.5517 -0.257261 0.399298 -0.0876665 -0.91262 0.306292 -0.00337369 -0.951932 -0.306292 -0.0033736 -0.951932 -0.793376 0.551698 -0.257263 -0.793078 0.552089 -0.257343 -0.793476 0.551582 -0.257203 -0.793475 0.551583 -0.257204 -0.793478 0.551579 -0.257202 -0.793744 0.551268 -0.257051 -0.793415 0.551652 -0.25724 -0.793283 0.551804 -0.257321 -0.793109 0.552 -0.257439 -0.793346 0.551735 -0.257274 -0.399299 -0.0876668 -0.91262 0.608732 0.719045 -0.335292 0.608732 0.719044 -0.335292 -0.608731 0.719045 -0.335292 -0.608732 0.719045 -0.335292 0.923863 0.346865 -0.161744 0.923875 0.346839 -0.161733 -0.92389 0.346806 -0.161716 -0.923877 0.346835 -0.161731 -0.923874 0.346841 -0.161735 0.991454 0.118233 -0.0551324 -0.997956 0.0639123 0 0.991454 0.118236 -0.0551348 0.991454 0.118237 -0.0551342 0.382651 0.837332 -0.390453 0.382584 0.837358 -0.390461 0.130494 0.898558 -0.419004 0.130659 0.898535 -0.419002 -0.13066 0.898539 -0.418994 -0.130494 0.898555 -0.419012 -0.382651 0.837333 -0.39045 -0.382584 0.837357 -0.390465 -0.991443 0.118307 -0.0551677 -0.99147 0.118127 -0.055081 -0.991406 0.118548 -0.0553214 -0.991454 0.118235 -0.0551329 0.991448 0.11827 -0.0551644 0.99145 0.118266 -0.0551446 0.923872 0.346839 -0.16175 0.923265 0.347308 -0.164192 0.923881 0.34681 -0.161762 -0.991453 -0.118242 0.0551362 -0.991449 -0.11827 0.0551509 -0.991451 -0.118255 0.0551419 -0.923964 -0.346646 0.161639 -0.923837 -0.346923 0.161773 -0.923972 -0.346637 0.161611 -0.923874 -0.346841 0.161734 -0.793512 -0.551539 0.257184 -0.791996 -0.553303 0.258066 -0.793387 -0.551693 0.25724 -0.793275 -0.551818 0.257314 -0.793392 -0.551695 0.25722 -0.793284 -0.551808 0.25731 -0.793266 -0.551829 0.25732 -0.793247 -0.551851 0.257332 -0.793521 -0.551538 0.257156 -0.793347 -0.551736 0.257271 0.793284 -0.551808 0.257309 0.793346 -0.551733 0.25728 0.923875 -0.346839 0.161735 0.923875 -0.346839 0.161735 0.923863 -0.346877 0.161722 0.923855 -0.346881 0.161757 0.991454 -0.118236 0.0551348 0.999423 -0.0339597 0 0.991453 -0.118242 0.0551369 0.991451 -0.118256 0.0551442 0.991448 -0.118278 0.0551501 0.991447 -0.118279 0.0551556 1.08585e-08 0.130428 0.991458 6.04299e-06 0.130539 0.991443 1.07621e-08 0.131107 0.991368 1.106e-08 0.382691 0.923877 1.41432e-08 0.382691 0.923877 -0.498896 -0.305722 -0.810948 5.66961e-08 0.60877 0.793347 0 0.60877 0.793347 0.704108 -0.432278 -0.563354 0.704055 -0.432303 -0.563401 0 -0.608756 -0.793358 -2.27082e-05 -0.608793 -0.793329 -5.34415e-06 -0.608769 -0.793348 -6.90281e-07 -0.608764 -0.793351 4.10806e-06 -0.60876 -0.793355 0.00303388 -0.606863 -0.794801 0 -0.608753 -0.79336 -1.13275e-05 -0.608753 -0.79336 -3.31371e-06 -0.608759 -0.793355 6.05628e-07 -0.608764 -0.793352 4.65922e-06 -0.608769 -0.793347 2.17402e-05 -0.608799 -0.793324 0 -0.60589 -0.795548 -0.707186 0 0.707028 -0.707186 0 0.707028 -0.362802 -0.858375 -0.362721 -0.495546 -0.858373 -0.132775 0 -0.42223 -0.906489 0 -0.422662 -0.906288 -8.81647e-08 -0.422662 -0.906287 -8.94531e-08 -0.422618 -0.906308 -6.20574e-08 -0.422618 -0.906308 -6.32492e-08 -0.422597 -0.906318 -5.32028e-08 -0.422597 -0.906318 -5.16534e-08 -0.422679 -0.90628 5.85494e-07 -0.422662 -0.906287 -1.47792e-05 -0.422627 -0.906304 -2.58766e-05 -0.422595 -0.906319 9.60694e-06 -0.422813 -0.906217 -6.66523e-07 -0.422663 -0.906287 0 -0.422672 -0.906283 0 -0.422603 -0.906315 -8.44582e-06 -0.422638 -0.906299 -3.73607e-06 -0.422654 -0.906291 -7.63975e-06 -0.422571 -0.90633 -8.93472e-06 -0.422561 -0.906335 -8.97216e-06 -0.42256 -0.906335 -1.24516e-05 -0.422634 -0.9063 -5.2915e-06 -0.42265 -0.906293 9.09e-06 -0.422559 -0.906335 -1.73151e-05 -0.422678 -0.90628 7.98835e-06 -0.422578 -0.906326 -1.92217e-05 -0.422181 -0.906512 -5.16534e-08 -0.422679 -0.90628 1.91405e-05 -0.42218 -0.906512 -8.10793e-06 -0.422578 -0.906326 1.70641e-05 -0.422677 -0.90628 -9.70972e-06 -0.422813 -0.906217 2.56088e-05 -0.422596 -0.906318 1.47792e-05 -0.422627 -0.906304 7.63975e-06 -0.422571 -0.90633 3.73607e-06 -0.422654 -0.906291 0 -0.422672 -0.906283 0 -0.422637 -0.906299 1.79773e-05 -0.422606 -0.906314 8.97216e-06 -0.42256 -0.906335 1.24516e-05 -0.422634 -0.9063 5.2915e-06 -0.42265 -0.906293 0 -0.42277 -0.906237 0 -0.422565 -0.906333 0 -0.422565 -0.906333 0 -0.422564 -0.906333 0 -0.422564 -0.906333 0 -0.422686 -0.906276 -5.32004e-08 -0.422686 -0.906276 -0.608745 0.719014 -0.335335 -0.608732 0.719034 -0.335315 -0.793368 0.551698 -0.257288 -0.793371 0.551698 -0.257279 0.704057 0.432291 0.563408 0.704058 0.432291 0.563406 0 0.608739 0.793371 0 0.608739 0.793371 0 0.608767 0.793349 0 0.608767 0.793349 -0.704054 -0.43231 -0.563397 -0.704107 -0.432272 -0.56336 -4.36696e-08 -0.965932 0.258798 -4.38428e-08 -0.965932 0.258798 -3.19682e-08 -0.707107 0.707106 -3.35255e-08 -0.707107 0.707106 -1.17002e-08 -0.258797 0.965932 -1.16054e-08 -0.258797 0.965932 1.17002e-08 0.258798 0.965932 1.16054e-08 0.258798 0.965932 3.19682e-08 0.707106 0.707107 0 0.707107 0.707107 0.793368 0.551697 -0.257288 0.793371 0.551697 -0.257279 0.608742 0.719027 -0.335312 0.608732 0.719023 -0.335339 0.382708 0.837286 -0.390495 0.382693 0.837307 -0.390465 0.192462 0.056186 -0.979695 0.13052 0.898546 -0.419023 0.130507 0.898562 -0.418993 0.06574 0.0869613 -0.99404 0.258806 -1.04438e-07 0.965929 0.258757 1.36451e-05 0.965942 0.258823 -1.05918e-07 0.965925 0.707106 -2.35018e-07 0.707107 0.707106 -2.84761e-07 0.707107 0.132774 -0.858373 0.495546 0.362769 -0.858369 0.36277 0.495547 -0.858373 0.132773 -0.258767 1.07918e-07 0.96594 -0.258821 1.5782e-05 0.965925 -0.258614 0 0.965981 0.495547 -0.858373 -0.132774 0.362769 -0.858369 -0.36277 0.132774 -0.858373 -0.495547 0 -0.965932 -0.258797 -5.4151e-06 -0.965922 -0.258834 6.30842e-07 -0.965935 -0.258785 -4.36696e-08 -0.965932 -0.258797 -7.40468e-08 -0.965917 -0.258853 -0.13052 0.89856 -0.418992 -0.130508 0.898547 -0.419023 -0.0657401 0.0869613 -0.99404 0 -0.707107 -0.707107 0 -0.707107 -0.707107 0 -0.707107 -0.707107 0 -0.707107 -0.707107 -0.495546 -0.858373 0.132775 -0.362802 -0.858375 0.362721 -0.132753 -0.858376 0.495548 -0.132753 -0.858376 -0.495548 -0.382708 0.837287 -0.390495 -0.382692 0.837308 -0.390465 -0.192462 0.056186 -0.979695 2.24985e-08 0.60877 0.793347 4.42409e-08 0.60877 0.793347 0 0.793347 0.60877 0 0.793347 0.60877 0.704058 -0.563394 -0.432307 0.704107 -0.563364 -0.432267 0 -0.793365 -0.608747 0 -0.793365 -0.608747 0 -0.258797 -0.965932 0 -0.258797 -0.965932 -0.965929 -4.30613e-06 0.258807 -0.965927 -5.41062e-06 0.258816 -0.966 0 0.258541 -0.965925 3.85959e-06 0.258822 -0.965918 5.96568e-06 0.258849 -0.965929 0 0.258807 -0.965916 0 0.258854 -0.707185 1.60185e-07 0.707029 -0.707186 0 0.707028 -0.707185 0 -0.707029 -0.707186 6.72779e-08 -0.707028 -0.965929 0 -0.258808 -0.965929 0 -0.258808 0 0.258798 -0.965932 0 0.258798 -0.965932 0 0.965932 0.258798 0 0.965932 0.258798 0.704058 0.563407 0.432291 0.704057 0.563407 0.432292 0 0.793371 0.608739 0 0.793371 0.608739 0 0.793349 0.608767 0 0.793349 0.608767 -0.704108 -0.563355 -0.432277 -0.704048 -0.56341 -0.432303 -2.10229e-08 -0.258797 -0.965932 -2.09885e-08 -0.258797 -0.965932 -5.42065e-08 -0.707107 -0.707107 -5.47501e-08 -0.707107 -0.707107 -5.90116e-08 -0.707107 -0.707107 -6.02388e-08 -0.707107 -0.707107 0 0.965932 -0.258797 4.34116e-06 0.965919 -0.258845 0 0.965934 -0.258789 -6.09198e-06 0.965921 -0.258839 0 0.965932 -0.258797 0.258806 0 0.965929 0.258823 -2.67345e-06 0.965925 0.258761 0 0.965941 0.707106 0 0.707108 0.707106 0 0.707108 0.96593 2.52148e-06 0.258805 0.965924 4.04609e-06 0.258824 0.966005 -9.0362e-08 0.258523 0.965926 -5.87763e-06 0.258818 0.96592 -8.59827e-06 0.25884 0.96593 -3.18771e-07 0.258805 0.965918 0 0.258848 -0.258614 5.85788e-08 0.965981 -0.258822 -8.91521e-06 0.965925 -0.258767 0 0.96594 -0.258767 2.42056e-08 -0.96594 -0.258767 2.46681e-08 -0.96594 0.96593 -9.0355e-08 -0.258805 0.96593 -8.97158e-08 -0.258805 0.707106 -6.61441e-08 -0.707108 0.707106 -6.5028e-08 -0.707107 0.258806 -2.42093e-08 -0.965929 0.258806 -2.46718e-08 -0.965929 0 0.707099 -0.707114 8.8652e-08 0.707107 -0.707107 9.742e-08 0.707107 -0.707107 0 0.707106 -0.707107 5.74406e-08 0.707107 -0.707107 5.74347e-08 0.707107 -0.707107 -1.08259e-06 0.707097 -0.707117 0 0.707106 -0.707108 2.11599e-08 0.258798 -0.965932 2.08527e-08 0.258798 -0.965932 5.86398e-08 0.793347 0.60877 6.63614e-08 0.793347 0.60877 0 0.923876 0.382691 0 0.923876 0.382691 0.704086 -0.656063 -0.271741 0.704036 -0.656103 -0.271775 0.704063 -0.656046 -0.271843 0 -0.923884 -0.382672 0 -0.923884 -0.382672 0 -1 0 0 -1 0 0 -1 0 0 -1 0 0 -1 0 0 -1 0 0 -1 0 0 -1 0 0 -1 0 0 -1 0 0 0 -1 0 0 -1 0 0 -1 0 0 -1 0 -0.258867 -0.965913 0 -0.258867 -0.965913 0 -0.707105 -0.707109 0 -0.707105 -0.707109 0 -0.965914 -0.258863 0 -0.965914 -0.258863 0.704055 0.656084 0.271773 0.704085 0.656065 0.271741 0 0.923884 0.382672 0 0.923884 0.382672 0 0.923873 0.382698 0 0.923873 0.382698 -0.704082 -0.656062 -0.271758 -0.704029 -0.656116 -0.271763 -0.704062 -0.656048 -0.271842 0 -1 0 0 -1 0 0 -1 0 0 -1 0 0 -1 0 0 -1 0 0 -1 0 0 -1 0 0 -1 0 0 -1 0 0 -1 0 0 -1 0 0 -1 0 0 -1 0 0 -1 0 0 -1 0 0 -1 0 0 -1 0 6.82879e-08 0.923877 0.382691 6.636e-08 0.923877 0.382691 0 0.991446 0.13052 0 0.991446 0.13052 0.704072 -0.704054 -0.0926851 0.704087 0.704039 0.0926811 0.704062 0.704062 0.0927032 0 0.991443 0.130542 0 0.991443 0.130542 0 0.991445 0.130524 0 0.991445 0.130524 -0.70407 -0.704056 -0.0926854 -1 0 0 -1 0 0 -1 0 0 -1 0 0 -1 6.20882e-07 -2.31713e-06 -1 6.20882e-07 2.31713e-06 -1 0 0 -1 0 0 -1 0 0 -1 0 0 0 -0.965913 0.258867 0 -0.965913 0.258867 0 -0.707107 0.707107 0 -0.707107 0.707107 0 -0.258865 0.965914 0 -0.258865 0.965914 0 0.258865 0.965914 0 0.258865 0.965914 0 0.707107 0.707107 0 0.707107 0.707107 0 0.965914 0.258865 0 0.965914 0.258865 7.32822e-08 0.991446 0.13052 7.46571e-08 0.991446 0.13052 0 0.991446 -0.13052 0 0.991446 -0.13052 0.704072 -0.704054 0.0926851 0.704062 0.704062 -0.0927032 0.704087 0.704039 -0.0926811 0 0.991443 -0.130542 0 0.991443 -0.130542 0 0.991445 -0.130524 0 0.991445 -0.130524 -0.70407 -0.704056 0.0926854 0 -0.258865 -0.965914 0 -0.258865 -0.965914 0 -0.707107 -0.707107 0 -0.707107 -0.707107 0 -0.965913 -0.258867 0 -0.965913 -0.258867 0 0.965914 -0.258865 0 0.965914 -0.258865 0 0.707107 -0.707107 0 0.707107 -0.707107 0 0.258865 -0.965914 0 0.258865 -0.965914 7.32822e-08 0.991446 -0.13052 7.1892e-08 0.991446 -0.13052 0 0.923876 -0.382691 0 0.923876 -0.382691 0.704083 -0.65606 0.271757 0.704031 -0.656114 0.271762 0.704063 -0.656046 0.271843 0 -0.923884 0.382672 0 -0.923884 0.382672 0 -0.965914 0.258863 0 -0.965914 0.258863 0 -0.707105 0.707109 0 -0.707105 0.707109 0 -0.258867 0.965913 0 -0.258867 0.965913 0 0 1 0 0 1 0 0 1 0 0 1 0.704085 0.656065 -0.271741 0.704055 0.656084 -0.271773 0 0.923884 -0.382672 0 0.923884 -0.382672 0 0.923873 -0.382698 0 0.923873 -0.382698 -0.704067 -0.656075 0.271763 -0.703981 -0.656147 0.271811 -0.704085 -0.656065 0.271742 6.82879e-08 0.923877 -0.382691 6.636e-08 0.923877 -0.382691 0 0.793347 -0.60877 0 0.793347 -0.60877 0.704108 -0.563355 0.432277 0.704049 -0.563409 0.432302 0 -0.793365 0.608747 0 -0.793365 0.608747 -0.965929 0 0.258808 -0.965929 0 0.258808 -0.707185 0 0.707029 -0.707186 6.61516e-08 0.707028 -0.707186 0 -0.707028 -0.707186 0 -0.707028 -0.965929 -5.23354e-06 -0.258807 -0.965924 -2.57458e-06 -0.258826 -0.965916 0 -0.258854 -0.966 0 -0.258541 -0.965929 3.66244e-06 -0.258807 -0.965923 1.39603e-06 -0.25883 -0.965916 0 -0.258854 0 -0.258797 0.965932 0 -0.258797 0.965932 0 0.965932 -0.258798 0 0.965932 -0.258798 0 0.258798 0.965932 0 0.258798 0.965932 -0.707185 0 -0.707029 -0.707186 1.62913e-07 -0.707028 0 0.707106 0.707107 9.742e-08 0.707107 0.707107 8.8652e-08 0.707107 0.707107 0 0.707099 0.707114 0.704057 0.563407 -0.432292 0.704058 0.563407 -0.432291 0 0.793371 -0.608739 0 0.793371 -0.608739 0 0.793349 -0.608767 0 0.793349 -0.608767 -0.704057 -0.563395 0.432308 -0.704107 -0.563364 0.432267 0 -1 0 0 -1 0 0 -1 0 0 -1 0 0 -1 0 0 -1 0 0 -1 0 0 -1 0 0 -1 0 0 -1 0 0 -1 0 0 -1 0 0 -1 0 0 -1 0 0 -1 0 0 -1 0 0 -1 0 0 -1 0 0.258806 -2.42093e-08 0.965929 0.258806 -2.35504e-08 0.965929 0.707106 -6.61441e-08 0.707107 0.707106 -6.72703e-08 0.707107 0.96593 -9.0355e-08 0.258805 0.96593 -9.08372e-08 0.258805 -0.258767 2.42056e-08 0.96594 -0.258767 2.46681e-08 0.96594 0.96593 3.77966e-06 -0.258805 0.965921 7.06073e-07 -0.258836 0.965918 0 -0.258848 0.966005 -9.0362e-08 -0.258523 0.96593 -5.62006e-06 -0.258805 0.965922 -1.73026e-06 -0.258832 0.965918 -3.21667e-07 -0.258848 -2.09885e-08 -0.258797 0.965932 -2.10229e-08 -0.258797 0.965932 2.08527e-08 0.258798 0.965932 2.11599e-08 0.258798 0.965932 -0.258767 0 -0.96594 -0.258822 -8.91521e-06 -0.965925 -0.258614 5.85788e-08 -0.965981 0.707106 0 -0.707108 0.707106 0 -0.707108 0.258761 0 -0.965941 0.258823 -2.67345e-06 -0.965925 0.258806 0 -0.965929 0 0.707099 0.707114 -5.47501e-08 0.707107 0.707107 -5.90116e-08 0.707107 0.707107 5.5605e-08 0.707106 0.707108 0 0.965932 0.258797 -6.09198e-06 0.965921 0.258839 7.97677e-07 0.965936 0.258783 0 0.965932 0.258797 0 0.965915 0.25886 5.86398e-08 0.793347 -0.60877 5.53011e-08 0.793347 -0.60877 0 0.60877 -0.793347 5.57436e-08 0.60877 -0.793347 0.704054 -0.43231 0.563397 0.704107 -0.432272 0.56336 0.704065 -0.0926617 0.704064 0.70407 -0.092694 0.704054 0.704067 0.563338 -0.432366 0.704081 0.563377 -0.432292 -0.923872 0.346838 0.16175 -0.923277 0.347298 0.164146 -0.923881 0.34681 0.161762 -0.793371 0.551698 0.257279 -0.793368 0.551698 0.257288 -0.608732 0.719023 0.335339 -0.608742 0.719027 0.335312 0.704074 0.656065 -0.271769 0.704071 0.65606 -0.271789 0.704068 0.704061 -0.0926598 0.704062 0.704062 -0.0926953 -1.17002e-08 -0.258797 -0.965932 -1.16054e-08 -0.258797 -0.965932 -3.19682e-08 -0.707107 -0.707106 -3.09466e-08 -0.707107 -0.707106 3.19682e-08 0.707107 -0.707107 0 0.707106 -0.707107 1.17002e-08 0.258798 -0.965932 1.16054e-08 0.258798 -0.965932 0.704071 0.704054 0.0926942 0.704065 0.704065 0.0926601 -4.36696e-08 -0.965932 -0.258798 -4.38428e-08 -0.965932 -0.258798 0.704072 0.656066 0.271771 0.704076 0.656056 0.271788 0 -0.707107 0.707107 0 -0.707107 0.707107 0 -0.707107 0.707107 0 -0.707107 0.707107 0.704086 0.563324 0.432353 0.704072 0.563385 0.432296 0.704081 0.432292 0.563377 0.704067 0.432366 0.563338 -0.495546 -0.858373 0.132775 -0.362802 -0.858375 0.362721 -0.362802 -0.858375 -0.362721 -0.495546 -0.858373 -0.132775 0.704074 0.271769 0.656065 0.704071 0.271789 0.65606 0.704063 0.0926951 0.704062 0.704068 0.0926613 0.704061 0.704058 0.432291 -0.563407 0.704057 0.432292 -0.563407 0 0.608739 -0.793371 0 0.608739 -0.793371 0 0.608767 -0.793349 0 0.608767 -0.793349 0 -0.608756 0.793358 2.17402e-05 -0.608799 0.793324 4.65922e-06 -0.608769 0.793347 6.05628e-07 -0.608764 0.793352 -3.31371e-06 -0.608759 0.793355 -0.00247001 -0.606687 0.794937 0 -0.608753 0.79336 1.52789e-05 -0.608753 0.79336 4.10806e-06 -0.60876 0.793355 -6.90281e-07 -0.608764 0.793351 -5.34415e-06 -0.608769 0.793348 -2.27082e-05 -0.608793 0.793329 0 -0.60589 0.795548 -0.704108 -0.432278 0.563355 -0.704055 -0.432303 0.563401 -0.399299 -0.0876668 0.91262 -0.306292 -0.00337359 0.951932 0.132774 -0.858373 0.495547 0.362769 -0.858369 0.36277 0.495547 -0.858373 0.132774 -0.132753 -0.858376 0.495548 -0.258614 0 -0.965981 -0.258821 1.5782e-05 -0.965925 -0.258767 1.07918e-07 -0.96594 -0.132753 -0.858376 -0.495548 0.258806 -1.03029e-07 -0.965929 0.258823 4.59791e-06 -0.965925 0.258761 -1.02462e-07 -0.965941 0.495547 -0.858373 -0.132773 0.362769 -0.858369 -0.36277 0.132774 -0.858373 -0.495546 -0.382692 0.837308 0.390465 -0.382708 0.837287 0.390495 -0.192462 0.056186 0.979695 -0.130494 0.898558 0.419004 -0.130659 0.898535 0.419002 -7.4048e-08 -0.965932 0.258797 3.80207e-06 -0.96592 0.25884 -4.36697e-08 -0.965934 0.25879 -5.4151e-06 -0.965922 0.258834 0 -0.965932 0.258797 0.707106 -2.79993e-07 -0.707107 0.707106 -2.31052e-07 -0.707107 -6.02388e-08 -0.707107 0.707107 -5.90116e-08 -0.707107 0.707107 -5.47501e-08 -0.707107 0.707107 -5.42065e-08 -0.707107 0.707107 -0.130507 0.898562 0.418993 -0.13052 0.898546 0.419023 -0.0657401 0.0869613 0.99404 0.130659 0.898539 0.418994 0.130494 0.898555 0.419012 0.13052 0.898546 0.419023 0.130507 0.898562 0.418993 0.06574 0.0869613 0.99404 0.382695 0.837291 0.390497 0.382708 0.837301 0.390462 0.192462 0.056186 0.979695 0.608732 0.719023 0.335339 0.608742 0.719027 0.335312 0.306292 -0.00337367 0.951932 0.793371 0.551697 0.257279 0.793368 0.551697 0.257288 0.399298 -0.0876665 0.91262 0.923872 0.346829 0.161771 0.92388 0.346799 0.161788 0.923112 0.348498 0.162524 4.49969e-08 0.60877 -0.793347 2.21205e-08 0.60877 -0.793347 4.18068e-08 0.382691 -0.923876 1.78204e-08 0.382691 -0.923876 0.704053 -0.271762 0.65609 0.704017 -0.27178 0.656121 -2.10712e-08 -0.382517 0.923949 1.15464e-06 -0.382609 0.92391 9.54173e-06 -0.382707 0.92387 -7.11848e-06 -0.382634 0.9239 2.29951e-05 -0.3827 0.923873 5.19195e-06 -0.382677 0.923882 5.90946e-05 -0.382728 0.923861 2.23912e-05 -0.3827 0.923873 0 -0.382683 0.92388 -3.1847e-08 -0.382928 0.923778 -7.04892e-06 -0.382632 0.923901 -3.28881e-08 -0.382731 0.92386 0.704074 -0.271769 0.656065 0.704071 -0.271789 0.65606 -5.02157e-08 -0.60885 0.793285 -4.86162e-08 -0.60885 0.793285 0.704081 -0.432292 0.563378 0.704067 -0.432365 0.563339 -6.40915e-08 -0.7934 0.608701 -5.74572e-05 -0.792746 0.609552 -6.54309e-08 -0.793286 0.608849 0.70408 -0.563378 0.432291 0.704066 -0.563339 0.432365 -7.30729e-08 -0.924244 0.381801 -1.0664e-05 -0.923796 0.382885 -7.58729e-08 -0.92386 0.382731 0.704074 -0.656064 0.27177 0.704071 -0.65606 0.271789 -7.64303e-08 -0.991444 0.130532 -7.84066e-08 -0.991444 0.130532 0.704062 -0.704062 0.092696 0.704068 -0.704061 0.0926596 -7.53783e-08 -0.991444 -0.130533 -7.64507e-08 -0.991444 -0.130533 0.704068 -0.704061 -0.0926598 0.704062 -0.704062 -0.0926962 -7.024e-08 -0.92386 -0.382731 -6.96828e-08 -0.92386 -0.382731 0.704076 -0.656056 -0.271787 0.704072 -0.656066 -0.27177 -6.07929e-08 -0.793285 -0.60885 -6.01951e-08 -0.793285 -0.60885 0.704072 -0.563384 -0.432297 0.704086 -0.563323 -0.432354 -4.6659e-08 -0.608852 -0.793284 -4.90424e-08 -0.608852 -0.793284 0.704081 -0.432292 -0.563377 0.704066 -0.432366 -0.563338 -3.07079e-08 -0.382783 -0.923838 4.32361e-06 -0.382663 -0.923888 -2.94183e-08 -0.382729 -0.923861 0.704074 -0.271769 -0.656065 0.704071 -0.271787 -0.656061 -1.07077e-08 -0.130539 -0.991443 -1.00494e-08 -0.130539 -0.991443 0.704069 -0.0926612 -0.704061 0.704062 -0.0927005 -0.704062 -0.608796 -0.718987 -0.3353 -0.608781 -0.719011 -0.335275 -0.793384 -0.551679 -0.257276 -0.793362 -0.551733 -0.257231 1.08166e-08 0.130428 -0.991458 3.78589e-05 0.131122 -0.991366 1.11317e-08 0.130539 -0.991443 0.704062 0.0927006 -0.704062 0.704069 0.0926612 -0.704061 -0.923856 -0.34688 -0.161757 -0.923863 -0.346876 -0.161722 0 0.383223 -0.923656 -1.7628e-05 0.382478 -0.923965 3.11572e-08 0.382729 -0.923861 0.704071 0.271787 -0.656061 0.704074 0.271769 -0.656065 -0.991448 -0.118278 -0.0551501 -0.991447 -0.118279 -0.0551556 -0.991448 0.118271 0.0551647 -0.991449 0.118267 0.0551449 0 0.608853 -0.793284 0 0.608853 -0.793283 0.704066 0.432367 -0.563338 0.704081 0.432292 -0.563377 0 0.793401 -0.608699 -5.87502e-05 0.792731 -0.609571 0 0.793284 -0.608851 0 0.923859 0.382732 0 0.923859 0.382732 0 0.793285 0.60885 0 0.793285 0.60885 1.07071e-08 0.130531 0.991444 1.08868e-08 0.130531 0.991444 0.704055 0.271773 -0.656084 0.704085 0.271741 -0.656065 0 0.382672 -0.923884 0 0.382672 -0.923884 0 0.382668 -0.923886 0.000304874 0.383076 -0.923717 -0.000141763 0.382574 -0.923925 0.000510459 0.383057 -0.923725 -8.7788e-05 0.382675 -0.923883 1.29036e-07 0.382698 -0.923873 0 -0.382691 0.923876 5.16283e-06 -0.38272 0.923864 -1.15442e-05 -0.382676 0.923883 9.02581e-06 -0.382713 0.923867 -9.40759e-05 -0.382563 0.923929 0.000254221 -0.383017 0.923741 -5.96783e-06 -0.382683 0.92388 -1.73267e-08 -0.382516 0.923949 -9.78491e-07 -0.382609 0.92391 -0.704018 -0.271775 0.656123 -0.704054 -0.271766 0.656088 -1.078e-08 -0.131279 0.991346 7.9139e-06 -0.130531 0.991444 -1.0855e-08 -0.130386 0.991463 -0.991454 0.118235 0.0551297 -0.991447 0.118289 0.0551472 -0.991454 0.118234 0.0551355 -0.464934 -0.190833 0.864534 -0.464791 -0.190471 0.864691 -0.464897 -0.190544 0.864618 -0.464969 -0.190992 0.86448 0.464852 -0.190574 0.864635 0.498895 -0.424695 0.755472 -0.991454 -0.118233 -0.0551348 -0.991418 -0.118452 -0.055306 -0.99147 -0.118129 -0.0550786 -0.991443 -0.118307 -0.0551669 -0.498914 -0.424933 0.755326 -0.498834 -0.424701 0.755508 -0.499011 -0.424233 0.755655 -0.498893 -0.424843 0.75539 -0.498916 -0.305622 0.810974 -0.49888 -0.305708 0.810963 0.498894 -0.305702 0.810957 0.464872 -0.539769 0.701814 0.793346 -0.551735 -0.257275 0.793284 -0.551806 -0.257314 0.399164 -0.642904 0.653715 0.306358 -0.727012 0.61449 0.192578 -0.78655 0.586731 0.0655943 -0.817383 0.572348 -0.0655944 -0.817383 0.572348 -0.192578 -0.78655 0.586731 -0.306358 -0.727012 0.61449 -0.793512 -0.551539 -0.257184 -0.793472 -0.551587 -0.257205 -0.79326 -0.551842 -0.257312 -0.793272 -0.551826 -0.257306 -0.793347 -0.551734 -0.257276 -0.793284 -0.551808 -0.25731 -0.793392 -0.551695 -0.25722 -0.793275 -0.551818 -0.257314 -0.793387 -0.551693 -0.25724 -0.791996 -0.553303 -0.258066 -0.399164 -0.642904 0.653715 -0.923874 -0.346842 -0.161733 -0.923765 -0.347053 -0.1619 -0.924009 -0.346547 -0.161596 -0.464872 -0.53977 0.701814 0.608731 -0.719041 -0.335301 0.608886 -0.718937 -0.335241 0.382585 -0.837353 -0.390472 0.382794 -0.83728 -0.390425 0.130418 -0.898568 -0.419008 0.130495 -0.89856 -0.419 -0.130419 -0.898569 -0.419004 -0.130495 -0.898558 -0.419003 -0.382584 -0.837358 -0.390461 -0.382794 -0.837275 -0.390436 -0.608886 -0.718933 -0.335251 -0.608732 -0.719045 -0.335292 0.923875 -0.346839 -0.161735 0.923875 -0.346839 -0.161735 -0.923963 -0.346647 -0.161643 -0.923839 -0.346922 -0.161762 -0.923961 -0.346642 -0.161664 -0.923874 -0.346843 -0.161731 0.793385 -0.551679 -0.257276 0.793362 -0.551733 -0.257231 0.608796 -0.718987 -0.3353 0.608781 -0.719011 -0.335275 0.382609 -0.837341 -0.390475 0.382599 -0.837353 -0.390458 0.130556 -0.898544 -0.419015 0.130547 -0.898538 -0.419032 0.13056 -0.898829 -0.418403 -0.130556 -0.898537 -0.419031 -0.130547 -0.898545 -0.419016 -0.13056 -0.898831 -0.418399 -0.382609 -0.837349 -0.390456 -0.382599 -0.837345 -0.390476 0.991451 -0.118256 -0.0551435 -0.99952 -0.0309861 0 0.991453 -0.118238 -0.0551357 0.991454 -0.118236 -0.0551348 0.923855 -0.346893 -0.16173 0.923862 -0.346865 -0.16175 -0.991449 -0.118271 -0.0551491 -0.991453 -0.118242 -0.0551376 -0.991451 -0.118255 -0.0551421 0.991448 -0.118278 -0.0551501 0.991447 -0.118279 -0.0551556 -0.991454 0.118235 0.0551329 -0.991406 0.118548 0.0553214 -0.99147 0.118127 0.055081 -0.991443 0.118307 0.0551677 -0.923877 0.346834 0.161731 -0.923892 0.346801 0.161719 -0.923874 0.346842 0.161733 0 -0.42223 0.906489 0 -0.422662 0.906287 -8.81646e-08 -0.422662 0.906287 -8.94531e-08 -0.422618 0.906308 -6.20574e-08 -0.422618 0.906308 -6.32492e-08 -0.422597 0.906318 -4.91103e-08 -0.422597 0.906318 -5.16534e-08 -0.422679 0.90628 -6.66523e-07 -0.422663 0.906287 1.47792e-05 -0.422627 0.906304 2.56088e-05 -0.422596 0.906318 -9.70744e-06 -0.422813 0.906217 5.85494e-07 -0.422662 0.906287 0 -0.422672 0.906283 0 -0.422603 0.906315 8.44582e-06 -0.422638 0.906299 3.73607e-06 -0.422654 0.906291 7.63975e-06 -0.422571 0.90633 9.09e-06 -0.422559 0.906335 8.97216e-06 -0.42256 0.906335 1.24516e-05 -0.422634 0.9063 5.2915e-06 -0.42265 0.906293 -8.92558e-06 -0.422561 0.906335 1.70641e-05 -0.422677 0.90628 -8.10793e-06 -0.422578 0.906326 1.91405e-05 -0.42218 0.906512 -5.16534e-08 -0.422679 0.90628 -1.92217e-05 -0.422181 0.906512 7.99233e-06 -0.422578 0.906326 -1.73151e-05 -0.422678 0.90628 9.60466e-06 -0.422813 0.906217 -2.58766e-05 -0.422595 0.906319 -1.47792e-05 -0.422627 0.906304 -7.63975e-06 -0.422571 0.90633 -3.73607e-06 -0.422654 0.906291 0 -0.422672 0.906283 0 -0.422637 0.906299 -1.79773e-05 -0.422606 0.906314 -8.97216e-06 -0.42256 0.906335 -1.24516e-05 -0.422634 0.9063 -5.2915e-06 -0.42265 0.906293 0 -0.42277 0.906237 0 -0.422565 0.906333 0 -0.422565 0.906333 0 -0.422564 0.906333 0 -0.422564 0.906333 0 -0.422686 0.906276 -5.32003e-08 -0.422686 0.906276 0.991454 0.118237 0.055134 0.991451 0.118252 0.0551421 0.999764 0.0217302 0 0.991454 0.118237 0.0551342 0.991448 0.118277 0.0551497 0.991449 0.11826 0.0551596 -0.793346 0.551735 0.257274 -0.793109 0.552 0.257439 -0.793283 0.551804 0.257321 -0.793415 0.551652 0.25724 -0.793744 0.551268 0.257051 -0.793478 0.551579 0.257202 -0.793376 0.551702 0.257255 -0.79357 0.551489 0.257112 -0.793506 0.55156 0.257158 -0.793029 0.552107 0.257455 -0.608732 0.719045 0.335292 -0.608731 0.719045 0.335292 -0.382651 0.837332 0.390453 -0.382584 0.837358 0.390461 0.382584 0.837357 0.390465 0.382651 0.837333 0.39045 0.608732 0.719045 0.335292 0.608732 0.719044 0.335291 0.793375 0.5517 0.257261 0.793347 0.551735 0.257275 0 0.92396 -0.382488 -2.77083e-06 0.923843 -0.382772 0 0.923859 -0.382732 0 0.991444 -0.130531 0 0.991444 -0.130531 0 0.991444 0.130531 0 0.991444 0.130531 0 0.608851 0.793285 0 0.608851 0.793285 0 0.382877 0.9238 -4.50852e-06 0.382731 0.92386 3.09343e-08 0.382607 0.923911 -0.923863 0.346865 0.161747 -0.924099 0.346398 0.161399 -0.923841 0.346921 0.161753 -0.923746 0.347125 0.161855 0.923875 0.346839 0.161732 0.923863 0.346864 0.161745 1.659e-08 0.382691 -0.923877 1.41432e-08 0.382691 -0.923877 -0.498896 -0.305722 0.810948 6.968e-09 0.13052 -0.991446 5.70519e-09 0.13052 -0.991446 0.704017 -0.092702 0.704107 0.704061 -0.0926894 0.704064 0.704068 0.563388 0.432299 0.704074 0.563404 0.432268 0.704064 0.432301 0.563391 0.704077 0.432237 0.563425 0.704071 0.271791 0.65606 0.704074 0.271769 0.656065 0.704068 0.0926605 0.704061 0.704063 0.0926934 0.704062 3.82228e-08 0.991444 0.130532 3.75885e-08 0.991444 0.130532 0.704062 0.704062 0.092696 0.704068 0.704061 0.0926602 0.704074 0.656065 0.27177 0.704071 0.656061 0.271787 2.42591e-08 0.608678 0.793417 3.05882e-08 0.608678 0.793417 1.91192e-08 0.382945 0.923771 -7.22534e-06 0.382734 0.923859 1.60341e-08 0.382531 0.923943 5.70559e-09 0.130529 0.991445 5.17987e-09 0.130529 0.991445 5.70581e-09 0.130534 -0.991444 6.04318e-09 0.130534 -0.991444 0.704071 0.0926959 -0.704054 0.704065 0.0926601 -0.704065 1.94784e-08 0.382945 -0.923771 -1.43798e-05 0.382524 -0.923945 1.72613e-08 0.382729 -0.923861 0.704076 0.271786 -0.656057 0.704073 0.27177 -0.656066 2.4259e-08 0.608678 -0.793417 3.05882e-08 0.608678 -0.793417 0.704072 0.432297 -0.563384 0.70406 0.432247 -0.563438 0.704068 0.563387 -0.432299 0.704075 0.563405 -0.432266 0.704072 0.656067 -0.27177 0.704076 0.656056 -0.271787 3.75885e-08 0.991444 -0.130532 3.82226e-08 0.991444 -0.130532 0.704062 0.704062 -0.0926955 0.704068 0.704061 -0.09266 -0.991448 0.130503 0 -0.991448 0.130503 0 -0.923868 0.382711 0 -0.923868 0.382711 0 -0.793381 0.608726 0 -0.793381 0.608726 0 -0.608725 0.793381 0 -0.608725 0.793381 0 0.704087 0.092681 -0.704039 0.704062 0.0927032 -0.704062 0 0.130542 -0.991443 0 0.130542 -0.991443 3.22584e-08 0.130524 -0.991445 -2.1541e-05 0.13053 -0.991444 0.000269368 0.129997 -0.991514 5.70872e-09 0.1306 -0.991435 7.05794e-06 -0.130532 0.991444 1.66014e-05 -0.130524 0.991445 -4.28739e-06 -0.130549 0.991442 -1.69022e-05 -0.13057 0.991439 3.37475e-05 -0.130445 0.991456 -3.57033e-05 -0.130683 0.991424 6.44791e-06 -0.130505 0.991448 -7.23988e-09 -0.131429 0.991326 -5.9689e-09 -0.131429 0.991326 -5.37452e-06 -0.130505 0.991448 3.32717e-05 -0.130702 0.991422 -2.96851e-05 -0.130435 0.991457 1.43599e-05 -0.130573 0.991439 3.54043e-06 -0.130549 0.991442 -1.31992e-05 -0.130523 0.991445 -2.61291e-05 -0.130508 0.991447 -1.10601e-08 -0.130532 0.991444 -5.4987e-09 -0.130504 0.991448 -0.704016 -0.0926953 0.704108 -0.704061 -0.0926963 0.704064 -0.991453 0.130462 0 -0.991444 0.13053 7.31352e-06 -0.991473 0.130316 0 -0.92387 0.382707 0 -0.923775 0.382936 2.56756e-05 -0.92386 0.382731 1.04991e-05 -0.924329 0.381598 0 -0.793347 0.60877 0 -0.793303 0.608827 6.94992e-06 -0.793479 0.608598 -8.68294e-06 -0.792638 0.609692 2.22999e-05 -0.793776 0.60821 0 -0.793347 0.60877 -1.45792e-05 -0.790488 0.612478 0.000562262 -0.793521 0.608543 -2.69154e-05 -0.793299 0.608832 0 -0.60877 0.793347 0 -0.60877 0.793347 0 0.60877 0.793347 0 0.60877 0.793347 0 0.793347 0.60877 0 0.793347 0.60877 0 0.923868 0.382711 0 0.923868 0.382711 0 0.991448 0.130504 0 0.991448 0.130504 0 -0.382707 0.92387 0 -0.382707 0.92387 0 -0.382711 0.923868 0 -0.382711 0.923868 0 -0.130464 0.991453 0 -0.130464 0.991453 0 0.130464 0.991453 0 0.130464 0.991453 0 0.382707 0.92387 0 0.382707 0.92387 0 0.382711 0.923868 0 0.382711 0.923868 0 0.608726 0.793381 0 0.608726 0.793381 0 0.793381 0.608726 0 0.793381 0.608726 0 0.130504 0.991448 0 0.130504 0.991448 0 -0.130504 0.991448 0 -0.130504 0.991448 0 3.08032e-08 0.793422 -0.608672 -1.43486e-05 0.793247 -0.6089 2.99478e-08 0.793387 -0.608718 3.58672e-08 0.92386 -0.382731 3.50274e-08 0.92386 -0.382731 3.58672e-08 0.92386 0.382729 3.50273e-08 0.92386 0.382729 3.1615e-08 0.793245 0.608903 -3.48893e-06 0.79342 0.608674 2.91724e-08 0.793385 0.60872 -0.924329 0.381598 0 -0.923863 0.382724 -2.08351e-05 -0.923779 0.382927 -5.20629e-05 -0.92387 0.382707 0 0.92387 0.382705 0 0.92387 0.382705 0 -0.991473 0.130316 0 -0.991444 0.130529 -1.56229e-05 -0.991453 0.130462 0 -0.464834 0.192865 0.864137 -0.465017 0.192397 0.864143 -0.464851 0.192561 0.864196 -0.464837 0.192707 0.86417 -0.399234 0.30635 0.864154 -0.30635 0.399234 0.864154 -0.192588 0.464915 0.864155 -0.065653 0.498927 0.864154 0.0656529 0.498927 0.864154 0.192588 0.464915 0.864155 0.30635 0.399234 0.864154 0.399234 0.30635 0.864154 0.464915 0.192587 0.864155 0.991453 0.130465 0 0.991453 0.130465 0 -0.498934 0.0656529 0.86415 -0.498881 0.0657009 0.864176 0.498927 0.0656536 0.864154 5.53016e-09 0.13052 -0.991446 5.70519e-09 0.13052 -0.991446 -0.498925 0.0656611 0.864154 -5.70519e-09 -0.13052 -0.991446 -6.968e-09 -0.13052 -0.991446 0.704018 0.0926951 0.704107 0.704061 0.0926961 0.704064 0.704072 0.563384 -0.432297 0.704086 0.563323 -0.432354 0.704076 -0.656056 -0.271787 0.704072 -0.656067 -0.27177 0.704072 -0.563384 -0.432297 0.704066 -0.563412 -0.432272 0.704077 -0.432237 -0.563425 0.704064 -0.432302 -0.56339 0.704074 -0.271769 -0.656065 0.704071 -0.271787 -0.65606 -0.793381 -0.608726 0 -0.793381 -0.608726 0 -0.923868 -0.382711 0 -0.923868 -0.382711 0 0.704065 -0.0926601 -0.704065 0.704071 -0.0926959 -0.704054 -0.991448 -0.130503 0 -0.991448 -0.130503 0 0.704074 0.656065 -0.271769 0.704071 0.65606 -0.271789 -3.75885e-08 -0.991444 -0.130532 -3.82226e-08 -0.991444 -0.130532 0.704065 -0.704065 -0.0926605 0.704071 -0.704054 -0.0926944 -3.58672e-08 -0.92386 -0.382731 -3.50274e-08 -0.92386 -0.382731 -3.32753e-08 -0.793387 -0.608718 -1.44071e-05 -0.793247 -0.6089 -3.08032e-08 -0.793422 -0.608672 -2.4259e-08 -0.608678 -0.793417 -3.05882e-08 -0.608678 -0.793417 -1.58174e-08 -0.382523 -0.923946 -1.53404e-05 -0.382951 -0.923769 -2.03838e-08 -0.382729 -0.923861 -5.70581e-09 -0.130534 -0.991444 -6.04318e-09 -0.130534 -0.991444 -3.79943e-08 -0.991444 0.130532 -3.78145e-08 -0.991444 0.130532 0.704071 -0.704054 0.0926949 0.704065 -0.704065 0.0926607 0.704065 0.704065 -0.0926603 0.704071 0.704054 -0.0926951 -5.70559e-09 -0.130529 0.991445 -5.17987e-09 -0.130529 0.991445 0.70407 -0.0926923 0.704055 0.704065 -0.0926609 0.704065 -1.94785e-08 -0.382945 0.923771 -1.41336e-05 -0.382533 0.923942 -1.55351e-08 -0.382734 0.923859 0.704072 -0.27177 0.656067 0.704076 -0.271789 0.656055 -2.4259e-08 -0.608678 0.793417 -3.05882e-08 -0.608678 0.793417 0.70406 -0.432247 0.563438 0.704072 -0.432297 0.563385 -3.08031e-08 -0.793419 0.608675 -1.42231e-05 -0.793247 0.6089 -2.99479e-08 -0.793385 0.60872 0.704072 -0.563385 0.432297 0.704066 -0.56341 0.432273 -3.58672e-08 -0.92386 0.382729 -3.50273e-08 -0.92386 0.382729 0.704074 -0.656065 0.27177 0.704071 -0.656061 0.271787 0.704068 0.704061 0.0926596 0.704062 0.704062 0.092696 0.704063 -0.0926842 -0.704063 0.704089 -0.0926998 -0.704036 -5.70619e-09 -0.130542 -0.991443 0 -0.130542 -0.991443 0 -0.130524 -0.991445 0.000133923 -0.130553 -0.991441 -0.000366163 -0.130409 -0.99146 -3.03914e-08 -0.13053 -0.991444 6.27109e-06 0.130533 0.991444 -3.15568e-05 0.130481 0.991451 0.000126089 0.130753 0.991415 2.72528e-05 0.130573 0.991439 3.73057e-06 0.130519 0.991446 5.70452e-09 0.130504 0.991448 -0.000102595 0.130692 0.991423 2.07873e-05 0.13049 0.99145 -9.2489e-05 0.130584 0.991437 5.95761e-05 0.130505 0.991448 -5.95761e-05 0.130505 0.991448 9.25206e-05 0.130584 0.991437 5.70452e-09 0.130504 0.991448 -2.59843e-06 0.130519 0.991446 -1.77982e-05 0.130565 0.99144 -6.18602e-05 0.130671 0.991426 6.79567e-09 0.130532 0.991444 7.24486e-09 0.131429 0.991326 -0.704017 0.092702 0.704107 -0.704061 0.0926894 0.704064 -0.382609 0.837341 -0.390475 -0.382599 0.837353 -0.390458 -0.924329 -0.381598 0 -0.92386 -0.382731 1.04991e-05 -0.923775 -0.382936 2.56756e-05 -0.92387 -0.382707 0 -0.130532 0.89854 -0.419032 -0.130556 0.898544 -0.419015 -0.130556 0.898544 -0.419015 0.130556 0.898544 -0.419015 0.130534 0.898558 -0.418993 0.130556 0.898537 -0.419031 0.382609 0.83735 -0.390456 0.382599 0.837345 -0.390476 -0.130504 -0.991448 0 -0.130504 -0.991448 0 -0.382711 -0.923868 0 -0.382711 -0.923868 0 -0.608725 -0.793381 0 -0.608725 -0.793381 0 0.608726 -0.793381 0 0.608726 -0.793381 0 0.382711 -0.923868 0 0.382711 -0.923868 0 0.130504 -0.991448 0 0.130504 -0.991448 0 0 0 1 0 0 1 0 0 1 0 0 1 0 0 1 0 0 1 0 0 1 0 0 1 0 0 1 0 0 1 0 0 1 0 0 1 0 0 1 0 0 1 0 0 1 0 0 1 0 0 1 0 0 1 0 0 1 0 0 1 0 0 1 0 0 1 0 0 1 0 0 1 0 0 1 0 0 1 0 0 1 0 0 1 0 0 1 0 0 1 0 0 1 0 0 1 0 0 1 0 0 1 0 0 1 0 0 1 0 0 1 0 0 1 0 0 1 0 0 1 0 0 1 0 0 1 0 0 1 0 0 1 0 0 1 0 0 1 0 0 1 0 0 1 0.923868 -0.382711 0 0.923868 -0.382711 0 0.793381 -0.608726 0 0.793381 -0.608726 0 -0.991473 -0.130316 0 -0.991444 -0.13053 7.31541e-06 -0.991453 -0.130462 0 0.991448 -0.130504 0 0.991448 -0.130504 0 0.991453 -0.130465 0 0.991453 -0.130465 0 0.498927 -0.0656536 0.864154 0.92387 -0.382706 0 0.92387 -0.382706 0 0.464915 -0.192587 0.864155 0.399234 -0.30635 0.864154 0.30635 -0.399234 0.864154 -0.30635 -0.399234 0.864154 -0.399234 -0.30635 0.864154 -0.92387 -0.382707 0 -0.923779 -0.382927 -5.20629e-05 -0.923863 -0.382724 -2.08351e-05 -0.924329 -0.381598 0 -0.464837 -0.192707 0.86417 -0.464851 -0.192561 0.864196 -0.465017 -0.192397 0.864143 -0.464834 -0.192865 0.864137 -0.991453 -0.130462 0 -0.991444 -0.130529 -1.56269e-05 -0.991473 -0.130316 0 -0.498894 -0.0656476 0.864173 -0.498932 -0.065723 0.864146 0.793347 -0.60877 0 0.793347 -0.60877 0 0.60877 -0.793347 0 0.60877 -0.793347 0 0.382707 -0.92387 0 0.382707 -0.92387 0 0.192588 -0.464915 0.864155 0.130464 -0.991453 0 0.130464 -0.991453 0 0.0656528 -0.498927 0.864154 -0.130464 -0.991453 0 -0.130464 -0.991453 0 -0.0656529 -0.498927 0.864154 -0.382707 -0.92387 0 -0.382707 -0.92387 0 -0.192588 -0.464915 0.864155 -0.60877 -0.793347 0 -0.60877 -0.793347 0 -0.793776 -0.60821 0 -0.792638 -0.609692 2.22999e-05 -0.793479 -0.608598 -8.68294e-06 -0.793303 -0.608827 6.94992e-06 -0.793347 -0.60877 0 -0.793347 -0.60877 0 -0.793307 -0.608822 -1.26132e-05 -0.793472 -0.608607 1.5222e-05 -0.792692 -0.609623 -3.68417e-05 -5.53016e-09 -0.13052 -0.991446 -4.82364e-09 -0.13052 -0.991446 -0.498925 -0.0656611 0.864154 -1.78204e-08 -0.382691 -0.923877 -2.78712e-08 -0.382691 -0.923877 0.704019 0.271775 0.656122 0.704055 0.271766 0.656087 -1.04716e-08 -0.130531 0.991444 -1.11317e-08 -0.130531 0.991444 0.704071 -0.092694 0.704054 0.704065 -0.0926617 0.704064 0 -0.382877 0.9238 -8.23824e-06 -0.382611 0.92391 -3.18138e-08 -0.382731 0.92386 0.704072 -0.271769 0.656067 0.704076 -0.271787 0.656056 0 -0.608851 0.793285 0 -0.608851 0.793285 0.704086 -0.432354 0.563323 0.704072 -0.432297 0.563384 0 -0.793285 0.60885 0 -0.793285 0.60885 0.704066 -0.563339 0.432365 0.704081 -0.563378 0.432291 0 -0.923859 0.382732 0 -0.923859 0.382732 0.704074 -0.656064 0.27177 0.704071 -0.65606 0.271789 0 -0.991444 0.130531 0 -0.991444 0.130531 0.704062 -0.704062 0.092695 0.704068 -0.704061 0.0926596 0 -0.991444 -0.130531 0 -0.991444 -0.130531 0.704065 -0.704065 -0.0926604 0.704071 -0.704054 -0.0926942 0 -0.923859 -0.382732 -2.77083e-06 -0.923843 -0.382772 0 -0.92396 -0.382488 0.704076 -0.656056 -0.271788 0.704072 -0.656067 -0.27177 0 -0.792727 -0.609576 -1.2441e-05 -0.793404 -0.608696 0 -0.793284 -0.608851 0.704072 -0.563384 -0.432297 0.704086 -0.563323 -0.432354 0 -0.608853 -0.793283 0 -0.608853 -0.793284 0.704081 -0.432292 -0.563377 0.704066 -0.432367 -0.563338 -0.923872 -0.34683 0.161771 -0.92388 -0.346799 0.161789 -0.923097 -0.348529 0.162539 -0.991448 -0.118277 0.0551497 -0.991449 -0.11826 0.0551596 -3.17198e-08 -0.382482 -0.923963 -3.52074e-05 -0.383227 -0.923654 0 -0.382729 -0.923861 0.704074 -0.271769 -0.656065 0.704071 -0.271787 -0.656061 -0.991448 0.118277 -0.0551497 -0.991448 0.118278 -0.0551553 -0.923862 0.346866 -0.16175 -0.923855 0.346894 -0.16173 0.704069 -0.0926612 -0.704061 0.704062 -0.0927006 -0.704062 -0.793361 0.551708 -0.257289 -0.793385 0.551706 -0.257218 -0.608781 0.719011 -0.335275 -0.608796 0.718987 -0.3353 1.07077e-08 0.130539 -0.991443 1.00494e-08 0.130539 -0.991443 0.704065 0.0926617 -0.704065 0.704071 0.0926993 -0.704053 0.704071 0.271787 -0.656061 0.704074 0.271769 -0.656065 0.704066 0.432366 -0.563338 0.704081 0.432292 -0.563377 6.07929e-08 0.793285 -0.60885 6.01951e-08 0.793285 -0.608851 7.024e-08 0.92386 -0.382731 6.96828e-08 0.92386 -0.382731 0.704074 0.656064 0.27177 0.704071 0.65606 0.271789 6.53824e-08 0.792742 0.609558 -1.20875e-05 0.793403 0.608697 6.40858e-08 0.793286 0.608849 0.704081 0.563378 0.432291 0.704066 0.563339 0.432365 5.06363e-08 0.60885 0.793285 4.82124e-08 0.60885 0.793285 0.704067 0.432365 0.563339 0.704081 0.432292 0.563378 3.17995e-08 0.382928 0.923778 -4.62506e-06 0.382731 0.92386 3.12048e-08 0.382632 0.923901 0.704071 0.271789 0.65606 0.704074 0.271769 0.656065 1.0855e-08 0.130386 0.991463 7.9354e-06 0.130531 0.991444 1.078e-08 0.131279 0.991346 0.704063 0.092695 0.704062 0.704068 0.0926612 0.704061 0.704055 -0.271773 -0.656084 0.704085 -0.271741 -0.656065 0 -0.382672 -0.923884 0 -0.382672 -0.923884 -8.90985e-08 -0.382675 -0.923883 -0.000446487 -0.382874 -0.923801 0.000441992 -0.382544 -0.923937 -0.0254019 -0.390852 -0.920103 0.000116429 -0.382668 -0.923886 0 -0.382698 -0.923873 1.82819e-06 0.382683 0.92388 5.90946e-05 0.382728 0.923861 5.19196e-06 0.382677 0.923882 2.29951e-05 0.3827 0.923873 -6.99815e-06 0.382635 0.9239 9.58842e-06 0.382707 0.92387 1.19917e-06 0.382609 0.92391 2.10712e-08 0.382516 0.923949 0 0.382691 0.923876 1.73721e-08 0.382517 0.923949 -9.42159e-07 0.38261 0.92391 -7.67313e-06 0.382709 0.923869 5.61677e-06 0.382633 0.9239 -1.76725e-05 0.382703 0.923872 -3.8319e-06 0.382677 0.923882 -4.05265e-05 0.382726 0.923862 -1.27491e-05 0.382696 0.923874 0 0.382683 0.92388 -0.704053 0.271762 0.65609 -0.704017 0.27178 0.656121 0.793375 -0.5517 0.257261 0.793346 -0.551735 0.257275 -0.793484 -0.551572 0.257199 -0.793746 -0.551265 0.25705 -0.793415 -0.551652 0.25724 -0.793282 -0.551806 0.257322 -0.793108 -0.552 0.25744 -0.793347 -0.551734 0.257274 -0.793029 -0.552107 0.257454 -0.793504 -0.551563 0.257159 -0.793571 -0.551488 0.25711 -0.793375 -0.551703 0.257255 0.608732 -0.719045 0.335292 0.60873 -0.719046 0.335292 -0.608731 -0.719045 0.335292 -0.608732 -0.719045 0.335292 -0.923892 -0.346803 0.161715 -0.923876 -0.346837 0.161732 -0.923874 -0.346841 0.161735 0.382651 -0.837332 0.390453 0.382584 -0.837358 0.390461 0.130494 -0.898559 0.419004 0.130659 -0.898535 0.419002 -0.130659 -0.898539 0.418994 -0.130494 -0.898555 0.419011 -0.382584 -0.837357 0.390465 -0.382651 -0.837333 0.39045 -0.991441 -0.118322 0.0551745 -0.99147 -0.118125 0.0550798 -0.991406 -0.118548 0.0553214 -0.991454 -0.118235 0.0551329 0.991448 -0.118271 0.0551651 0.991449 -0.118267 0.0551453 0.923872 -0.346839 0.16175 0.923265 -0.347308 0.164192 0.923881 -0.34681 0.161762 -0.991453 0.118243 -0.0551364 -0.991449 0.11827 -0.0551509 -0.991451 0.118255 -0.0551418 -0.923964 0.346645 -0.161639 -0.923836 0.346925 -0.161774 -0.923975 0.346631 -0.161608 -0.923874 0.346841 -0.161734 -0.793346 0.551735 -0.257277 -0.793273 0.551826 -0.257306 -0.793258 0.551844 -0.257313 -0.793472 0.551587 -0.257205 -0.793513 0.551537 -0.257183 -0.791996 0.553303 -0.258066 -0.793387 0.551693 -0.25724 -0.793274 0.55182 -0.257315 -0.793392 0.551695 -0.25722 -0.793284 0.551808 -0.25731 0.793284 0.551808 -0.257309 0.793346 0.551733 -0.25728 0.923855 0.346881 -0.161757 0.923863 0.346877 -0.161722 0.991448 0.118278 -0.0551501 0.991447 0.118279 -0.0551556 -1.07544e-08 -0.131107 -0.991368 7.1855e-06 -0.130429 -0.991458 -1.12544e-08 -0.130539 -0.991443 -0.608732 0.71904 -0.335301 -0.608886 0.718937 -0.335241 -0.382584 0.837354 -0.390472 -0.382794 0.83728 -0.390425 -0.130419 0.898567 -0.419008 -0.130495 0.89856 -0.419 0.130418 0.898569 -0.419004 0.130495 0.898558 -0.419003 0.382584 0.837358 -0.390461 0.382794 0.837275 -0.390435 0.608886 0.718933 -0.335251 0.608733 0.719044 -0.335291 0.608797 0.719 -0.33527 0.608781 0.718997 -0.335305 0.793385 0.551706 -0.257218 0.793361 0.551707 -0.257289 2.99639e-08 0.382666 -0.923887 3.63136e-06 0.382782 -0.923839 3.01395e-08 0.382729 -0.923861 4.6659e-08 0.608852 -0.793284 4.90424e-08 0.608852 -0.793284 7.53783e-08 0.991444 -0.130533 7.64507e-08 0.991444 -0.130533 7.64303e-08 0.991444 0.130532 7.84066e-08 0.991444 0.130532 7.41869e-08 0.92386 0.382731 -1.05175e-05 0.923796 0.382885 7.30729e-08 0.924244 0.381801 -0.924009 0.346547 -0.161596 -0.923765 0.347054 -0.161899 -0.923874 0.346842 -0.161732 0.923875 0.346839 -0.161735 0.923875 0.346839 -0.161735 -0.991441 0.118322 -0.0551735 -0.99147 0.118127 -0.0550768 -0.991418 0.118452 -0.0553057 -0.991454 0.118234 -0.0551355 -0.399164 0.642904 0.653715 -0.306358 0.727012 0.61449 -0.192578 0.78655 0.586731 -0.0655944 0.817383 0.572348 0.0655943 0.817383 0.572348 0.192578 0.78655 0.586731 0.306358 0.727012 0.61449 0.399164 0.642904 0.653715 0.991453 0.118238 -0.0551358 -0.999516 0.0311099 0 0.991451 0.118256 -0.0551435 0.991454 0.118236 -0.0551348 -0.498922 0.424691 0.755456 -0.498745 0.42494 0.755434 -0.499011 0.424233 0.755655 -0.498893 0.424843 0.75539 -0.464872 0.53977 0.701814 0.464872 0.539769 0.701814 0.498895 0.424695 0.755472 0.991454 -0.118237 0.0551342 0.999764 -0.0217302 0 0.991451 -0.118252 0.055142 0.991454 -0.118237 0.055134 0.498894 0.305702 0.810957 0.923863 -0.346865 0.161744 0.923874 -0.346841 0.161734 0.464852 0.190574 0.864635 -0.923746 -0.347125 0.161855 -0.92384 -0.346923 0.161754 -0.924101 -0.346394 0.161396 -0.923863 -0.346865 0.161747 -0.464969 0.190992 0.86448 -0.464896 0.190545 0.864618 -0.464791 0.190472 0.864691 -0.464934 0.190833 0.864534 -0.991447 -0.118284 0.0551588 -0.991454 -0.118235 0.0551292 -0.991454 -0.118237 0.0551305 -0.49888 0.305708 0.810963 -0.498915 0.305622 0.810974 0.399298 0.0876665 0.91262 0.306292 0.00337367 0.951932 -0.306292 0.0033736 0.951932 -0.399298 0.0876664 0.91262 -1.659e-08 -0.382691 -0.923877 -1.41432e-08 -0.382691 -0.923877 -0.498896 0.305722 0.810948 -5.66961e-08 -0.60877 -0.793347 0 -0.60877 -0.793347 0.704109 0.432277 0.563353 0.704056 0.432302 0.5634 6.10497e-06 0.608753 0.79336 4.23405e-05 0.608858 0.793279 1.89328e-05 0.608784 0.793336 1.53819e-05 0.608767 0.793349 0 0.60589 0.795548 -1.35796e-05 0.608778 0.79334 -2.60742e-05 0.608829 0.793302 -1.47441e-05 0.608788 0.793333 4.057e-05 0.608688 0.79341 -2.27082e-05 0.608793 0.793329 -1.13536e-05 0.608764 0.793351 0 0.60589 0.795548 0 0.608753 0.79336 0 0.42277 0.906237 0 0.422565 0.906333 0 0.422565 0.906333 0 0.422564 0.906333 0 0.422564 0.906333 0 0.422686 0.906276 5.32003e-08 0.422686 0.906276 5.16537e-08 0.422682 0.906278 1.93029e-05 0.422182 0.906511 6.60854e-06 0.422579 0.906326 2.55438e-06 0.422567 0.906332 1.06134e-05 0.422617 0.906309 -1.92217e-05 0.422181 0.906512 0 0.422603 0.906315 0 0.422672 0.906283 9.22671e-06 0.422634 0.9063 1.30867e-05 0.422647 0.906294 8.97215e-06 0.42256 0.906335 8.15859e-06 0.422575 0.906328 7.63975e-06 0.422571 0.90633 4.50955e-06 0.422637 0.906299 1.32355e-05 0.422657 0.90629 -8.32307e-06 0.422576 0.906327 -0.000128777 0.423116 0.906076 -3.18852e-06 0.422623 0.906306 -5.01851e-07 0.422662 0.906287 5.16531e-08 0.422676 0.906281 5.85494e-07 0.422662 0.906287 3.30809e-06 0.422623 0.906306 0.000129029 0.423116 0.906075 -1.05106e-05 0.422617 0.906308 -2.28653e-06 0.422566 0.906332 -6.60854e-06 0.422579 0.906326 -8.97216e-06 0.42256 0.906335 -1.30867e-05 0.422647 0.906294 0 0.422603 0.906315 0 0.422635 0.9063 -1.96427e-05 0.42267 0.906284 -7.63812e-06 0.422571 0.90633 -4.50955e-06 0.422637 0.906299 -1.32355e-05 0.422657 0.90629 0 0.42223 0.906489 0 0.422663 0.906287 8.81648e-08 0.422663 0.906287 8.94531e-08 0.422618 0.906308 6.20574e-08 0.422618 0.906308 6.32492e-08 0.422597 0.906318 4.91103e-08 0.422597 0.906318 -0.608732 -0.719034 0.335315 -0.608745 -0.719014 0.335335 -0.793371 -0.551697 0.257279 -0.793368 -0.551697 0.257288 0.704058 -0.432291 -0.563407 0.704057 -0.432292 -0.563407 0 -0.608739 -0.793371 0 -0.608739 -0.793371 0 -0.608767 -0.793349 0 -0.608767 -0.793349 -0.704054 0.43231 0.563397 -0.704107 0.432272 0.56336 -1.17002e-08 -0.258798 -0.965932 -1.16054e-08 -0.258798 -0.965932 4.36696e-08 0.965932 -0.258798 4.38428e-08 0.965932 -0.258798 3.19682e-08 0.707107 -0.707106 3.09466e-08 0.707107 -0.707106 1.17002e-08 0.258797 -0.965932 1.16054e-08 0.258797 -0.965932 3.35255e-08 0.707107 0.707107 3.19682e-08 0.707107 0.707107 4.36696e-08 0.965932 0.258797 4.38427e-08 0.965932 0.258797 -3.09466e-08 -0.707107 -0.707107 0 -0.707107 -0.707106 0.793371 -0.551697 0.257279 0.793368 -0.551697 0.257288 0.608732 -0.719023 0.335339 0.608742 -0.719027 0.335312 0.382707 -0.837287 0.390495 0.382691 -0.837308 0.390465 0.192462 -0.056186 0.979695 0.130508 -0.898547 0.419023 0.13052 -0.89856 0.418992 0.06574 -0.0869613 0.99404 -0.130507 -0.898562 0.418993 -0.13052 -0.898546 0.419023 -0.0657401 -0.0869613 0.99404 -0.382708 -0.837286 0.390495 -0.382692 -0.837307 0.390465 -0.192462 -0.056186 0.979695 -2.24985e-08 -0.60877 -0.793347 -4.42409e-08 -0.60877 -0.793347 0 -0.793347 -0.60877 0 -0.793347 -0.60877 0.704056 0.563396 0.432309 0.704108 0.563359 0.432271 0 0.79336 0.608753 0 0.79336 0.608753 0 -0.965932 0.258797 0 -0.965932 0.258797 -3.19682e-08 -0.707106 0.707107 0 -0.707107 0.707107 -1.17002e-08 -0.258798 0.965932 -1.16054e-08 -0.258798 0.965932 0 -0.965932 -0.258798 0 -0.965932 -0.258798 1.17002e-08 0.258797 0.965932 1.16054e-08 0.258797 0.965932 0.704058 -0.563407 -0.432291 0.704057 -0.563407 -0.432292 0 -0.793371 -0.608739 0 -0.793371 -0.608739 0 -0.793349 -0.608767 0 -0.793349 -0.608767 -0.704108 0.563354 0.432278 -0.704054 0.563402 0.432304 -5.86398e-08 -0.793347 -0.60877 -5.53011e-08 -0.793347 -0.60877 0 -0.923877 -0.382691 0 -0.923877 -0.382691 0.704019 0.65612 0.27178 0.704055 0.656089 0.271761 0 0.92388 0.382683 0 0.92388 0.382683 0.704055 -0.656084 -0.271773 0.704085 -0.656065 -0.271741 0 -0.923884 -0.382672 0 -0.923884 -0.382672 0 -0.923873 -0.382698 0 -0.923873 -0.382698 -0.704017 0.656121 0.27178 -0.704052 0.656092 0.271762 -6.82878e-08 -0.923876 -0.382691 -6.636e-08 -0.923876 -0.382691 0 -0.991446 -0.13052 0 -0.991446 -0.13052 0.704063 0.704063 0.0926892 0.704018 0.704106 0.0927019 0 0.991444 0.130532 0 0.991444 0.130532 0.704063 -0.704063 -0.0926842 0.704089 -0.704036 -0.0926998 0 -0.991443 -0.130542 0 -0.991443 -0.130542 0 -0.991445 -0.130524 0 -0.991445 -0.130524 -0.704061 0.704064 0.0926963 -0.704016 0.704108 0.0926953 -7.32822e-08 -0.991446 -0.13052 -7.1892e-08 -0.991446 -0.13052 0 -0.991446 0.13052 0 -0.991446 0.13052 0.704069 0.704055 -0.0926965 0.703967 0.704158 -0.0926884 0.704062 0.704062 -0.0927002 0 0.991443 -0.130538 0 0.991443 -0.130538 3.36005e-06 0.991445 -0.130524 0 0.991444 -0.130533 1 0 0 1 0 0 1 0 0 1 0 0 1 0 0 1 0 0 1 0 0 1 0 0 1 0 0 0 0.965914 0.258862 0 0.965914 0.258862 0 0.965914 -0.258863 0 0.965914 -0.258863 0 0.707107 -0.707107 0 0.707107 -0.707107 0 0.258865 -0.965914 0 0.258865 -0.965914 0 -0.258865 -0.965914 -1.06202e-05 -0.258833 -0.965922 0 -0.258905 -0.965903 0 -0.707104 -0.70711 0 -0.707104 -0.70711 0.704063 -0.704063 0.0926842 0.704089 -0.704036 0.0926998 0 -0.991443 0.130542 0 -0.991443 0.130542 0 -0.991445 0.130524 0 -0.991445 0.130524 -0.704017 0.704107 -0.092702 -0.704061 0.704064 -0.0926894 -7.32822e-08 -0.991446 0.13052 -7.46571e-08 -0.991446 0.13052 0 -0.923877 0.382691 0 -0.923877 0.382691 0.704054 0.65609 -0.271759 0.70401 0.656128 -0.271782 0.703938 0.656193 -0.271812 0 0.92388 -0.382683 3.34893e-05 0.923846 -0.382765 0 0.923881 -0.382681 0 0.923881 -0.38268 0 -0.258896 0.965905 0 -0.258896 0.965905 0 0.258865 0.965914 8.51525e-06 0.258895 0.965906 0 0.258683 0.965962 0 0.707107 0.707107 0 0.707107 0.707107 0.704055 -0.656084 0.271773 0.704085 -0.656065 0.271741 0 -0.923884 0.382672 0 -0.923884 0.382672 0 -0.923873 0.382698 0 -0.923873 0.382698 -0.704052 0.656092 -0.271762 -0.704017 0.656121 -0.27178 -6.82878e-08 -0.923877 0.382691 -6.636e-08 -0.923876 0.382691 0 -0.793347 0.60877 0 -0.793347 0.60877 0.704109 0.563353 -0.432277 0.704056 0.5634 -0.432302 0 0.79336 -0.608753 0 0.79336 -0.608753 0 -0.965932 0.258798 0 -0.965932 0.258798 -1.17002e-08 -0.258798 -0.965932 -1.16054e-08 -0.258798 -0.965932 -3.19682e-08 -0.707107 -0.707107 0 -0.707106 -0.707107 0 -0.965932 -0.258797 0 -0.965932 -0.258797 1.17002e-08 0.258797 -0.965932 1.16054e-08 0.258797 -0.965932 0.704058 -0.563407 0.432291 0.704057 -0.563407 0.432292 0 -0.793371 0.608739 0 -0.793371 0.608739 0 -0.793349 0.608767 0 -0.793349 0.608767 -0.704053 0.563398 -0.432311 -0.704107 0.56336 -0.432272 -5.86398e-08 -0.793347 0.60877 -6.63614e-08 -0.793347 0.60877 0 -0.60877 0.793347 -5.57436e-08 -0.60877 0.793347 0.704056 0.432309 -0.563396 0.704108 0.432271 -0.563359 0.704067 -0.563338 0.432366 0.704081 -0.563377 0.432292 -0.923872 -0.346839 -0.161751 -0.923253 -0.347317 -0.164238 -0.923881 -0.34681 -0.161762 -0.793368 -0.551697 -0.257288 -0.793371 -0.551697 -0.257279 -0.608732 -0.719023 -0.335339 -0.608742 -0.719027 -0.335312 0.704074 -0.656065 0.271769 0.704071 -0.65606 0.271789 0.704068 -0.704061 0.0926598 0.704062 -0.704062 0.0926953 -3.19682e-08 -0.707107 0.707107 0 -0.707107 0.707106 -1.17002e-08 -0.258798 0.965932 -1.16054e-08 -0.258798 0.965932 1.17002e-08 0.258797 0.965932 1.16054e-08 0.258797 0.965932 3.09466e-08 0.707107 0.707106 3.19682e-08 0.707107 0.707106 0.704071 -0.704054 -0.0926942 0.704065 -0.704065 -0.0926601 4.36696e-08 0.965932 0.258798 4.38428e-08 0.965932 0.258798 0.704072 -0.656066 -0.271771 0.704076 -0.656056 -0.271788 4.36696e-08 0.965932 -0.258797 4.38427e-08 0.965932 -0.258797 3.19682e-08 0.707107 -0.707107 3.35255e-08 0.707107 -0.707107 0.704086 -0.563324 -0.432353 0.704072 -0.563385 -0.432296 0.704081 -0.432292 -0.563377 0.704067 -0.432366 -0.563338 0.704074 -0.271769 -0.656065 0.704071 -0.271789 -0.65606 0.704063 -0.0926951 -0.704062 0.704068 -0.0926613 -0.704061 0.704068 0.0926612 -0.704061 0.704063 0.092695 -0.704062 0.704058 -0.432291 0.563407 0.704057 -0.432292 0.563407 0 -0.608739 0.793371 0 -0.608739 0.793371 0 -0.608767 0.793349 0 -0.608767 0.793349 -4.9192e-06 0.608753 -0.79336 -2.60742e-05 0.608829 -0.793302 -1.35859e-05 0.608778 -0.793341 -1.13536e-05 0.608764 -0.793351 0 0.60589 -0.795548 1.89241e-05 0.608784 -0.793336 4.23405e-05 0.608858 -0.793279 3.40879e-05 0.608834 -0.793298 -4.40759e-05 0.608667 -0.793426 2.17402e-05 0.608799 -0.793325 1.53819e-05 0.608767 -0.793349 0 0.60589 -0.795548 0 0.608753 -0.79336 -0.704055 0.432303 -0.563401 -0.704108 0.432278 -0.563354 -0.399298 0.0876664 -0.91262 -0.306292 0.00337361 -0.951932 -0.382708 -0.837301 -0.390462 -0.382695 -0.837291 -0.390497 -0.192462 -0.0561861 -0.979695 -0.130659 -0.898535 -0.419002 -0.130494 -0.898558 -0.419004 -0.130507 -0.898562 -0.418993 -0.13052 -0.898546 -0.419023 -0.0657401 -0.0869613 -0.99404 0.130493 -0.898555 -0.419012 0.130659 -0.898539 -0.418994 0.130508 -0.898547 -0.419023 0.13052 -0.89856 -0.418992 0.06574 -0.0869613 -0.99404 0.382694 -0.837292 -0.390497 0.382707 -0.837302 -0.390462 0.192462 -0.056186 -0.979695 0.608742 -0.719027 -0.335312 0.608732 -0.719023 -0.335339 0.306292 0.00337367 -0.951932 0.793368 -0.551697 -0.257288 0.793371 -0.551697 -0.257279 0.399298 0.0876665 -0.91262 0.923872 -0.346829 -0.161771 0.92388 -0.346799 -0.161788 0.923112 -0.348498 -0.162524 -4.49969e-08 -0.60877 0.793347 -2.21205e-08 -0.60877 0.793347 -2.78712e-08 -0.382691 0.923877 -1.78204e-08 -0.382691 0.923877 0.704019 0.27178 -0.65612 0.704055 0.271761 -0.656089 2.10712e-08 0.382516 -0.923949 1.19917e-06 0.382609 -0.92391 9.58842e-06 0.382707 -0.92387 -6.99815e-06 0.382635 -0.9239 2.29951e-05 0.3827 -0.923873 5.19196e-06 0.382677 -0.923882 5.90946e-05 0.382728 -0.923861 2.23912e-05 0.3827 -0.923873 0 0.382683 -0.92388 -1.07621e-08 -0.131107 0.991368 6.02139e-06 -0.130539 0.991443 -1.03415e-08 -0.130428 0.991458 0.704069 -0.0926612 0.704061 0.704062 -0.0927006 0.704062 -0.608796 0.718987 0.3353 -0.608781 0.719011 0.335275 -0.793385 0.551679 0.257276 -0.793362 0.551733 0.257231 -0.923863 0.346877 0.161722 -0.923855 0.346881 0.161757 -3.11931e-08 -0.382482 0.923963 -1.16943e-05 -0.382729 0.923861 0 -0.383223 0.923656 0.704074 -0.271769 0.656065 0.704071 -0.271787 0.656061 -0.991448 0.118278 0.0551553 -0.991448 0.118277 0.0551497 -0.991448 -0.11827 -0.0551644 -0.99145 -0.118266 -0.0551446 0 -0.608853 0.793283 0 -0.608853 0.793284 0.704081 -0.432292 0.563377 0.704066 -0.432367 0.563338 0 -0.793401 0.608699 -5.87502e-05 -0.792732 0.609571 0 -0.793284 0.608851 0 -0.923859 -0.382732 0 -0.923859 -0.382732 0 -0.793285 -0.60885 0 -0.793285 -0.60885 -1.07071e-08 -0.130531 -0.991444 -1.00494e-08 -0.130531 -0.991444 3.1847e-08 0.382928 -0.923778 -6.98466e-06 0.382632 -0.923901 3.11571e-08 0.382731 -0.92386 0.704071 0.271789 -0.65606 0.704074 0.271769 -0.656065 5.06363e-08 0.60885 -0.793285 5.16562e-08 0.60885 -0.793285 0.704067 0.432365 -0.563339 0.704081 0.432292 -0.563378 6.40915e-08 0.7934 -0.608701 -5.73191e-05 0.792746 -0.609552 6.54309e-08 0.793286 -0.608849 0.704066 0.563339 -0.432365 0.704081 0.563378 -0.432291 7.30729e-08 0.924244 -0.381801 -1.05175e-05 0.923796 -0.382885 7.41869e-08 0.92386 -0.382731 0.704071 0.65606 -0.271789 0.704074 0.656064 -0.27177 7.64303e-08 0.991444 -0.130532 7.84066e-08 0.991444 -0.130532 0.704062 0.704062 -0.092696 0.704068 0.704061 -0.0926596 7.64303e-08 0.991444 0.130533 7.53984e-08 0.991444 0.130533 0.704065 0.704065 0.0926604 0.704071 0.704054 0.0926951 7.00992e-08 0.92386 0.382731 7.14096e-08 0.92386 0.382731 0.704072 0.656066 0.27177 0.704076 0.656056 0.271787 6.01916e-08 0.793285 0.60885 6.07964e-08 0.793285 0.60885 0.704081 0.563378 0.432292 0.704067 0.563339 0.432365 4.6659e-08 0.608852 0.793284 4.57729e-08 0.608852 0.793284 0.704066 0.432366 0.563338 0.704081 0.432292 0.563377 3.07079e-08 0.382783 0.923838 4.38613e-06 0.382663 0.923888 2.94183e-08 0.382729 0.923861 0.704071 0.271787 0.656061 0.704074 0.271769 0.656065 1.07077e-08 0.130539 0.991443 1.08868e-08 0.130539 0.991443 0.704065 0.0926617 0.704065 0.704071 0.0926993 0.704053 0.704055 -0.271773 0.656084 0.704085 -0.271741 0.656065 0 -0.382672 0.923884 0 -0.382672 0.923884 2.27749e-05 -0.382698 0.923873 -0.0254019 -0.390852 0.920103 0.000441992 -0.382544 0.923937 -0.000446487 -0.382874 0.923801 -8.90985e-08 -0.382675 0.923883 0 -0.382668 0.923886 -1.31799e-06 0.382683 -0.92388 -4.05265e-05 0.382726 -0.923862 -3.8319e-06 0.382677 -0.923882 -1.76725e-05 0.382703 -0.923872 5.61677e-06 0.382633 -0.9239 -7.67313e-06 0.382709 -0.923869 -9.42159e-07 0.38261 -0.92391 1.73721e-08 0.382517 -0.923949 0 0.382691 -0.923876 -0.704018 0.271775 -0.656123 -0.704054 0.271766 -0.656088 0.923855 0.346893 0.16173 0.923862 0.346865 0.16175 0.793385 0.551679 0.257276 0.793362 0.551732 0.257231 0.608796 0.718987 0.3353 0.608781 0.719011 0.335275 -0.991449 0.118271 0.055149 -0.991453 0.118242 0.0551378 -0.991451 0.118255 0.0551421 0.991448 0.118276 0.0551543 0.991448 0.11828 0.0551513 -0.991454 -0.118235 -0.0551329 -0.991406 -0.118548 -0.0553214 -0.99147 -0.118125 -0.0550798 -0.991441 -0.118322 -0.0551745 -0.923876 -0.346836 -0.161733 -0.923893 -0.346798 -0.161717 -0.923874 -0.346842 -0.161733 0 0.42277 -0.906237 0 0.422565 -0.906333 0 0.422565 -0.906333 0 0.422564 -0.906333 0 0.422564 -0.906333 0 0.422686 -0.906276 5.32004e-08 0.422686 -0.906276 5.16537e-08 0.422682 -0.906278 -1.92217e-05 0.422181 -0.906512 -6.60854e-06 0.422579 -0.906326 -2.28653e-06 0.422566 -0.906332 -1.05129e-05 0.422617 -0.906308 1.93029e-05 0.422182 -0.906511 0 0.422603 -0.906315 0 0.422672 -0.906283 -9.22671e-06 0.422634 -0.9063 -1.30867e-05 0.422647 -0.906294 -8.97216e-06 0.42256 -0.906335 -8.32307e-06 0.422576 -0.906327 -7.63975e-06 0.422571 -0.90633 -4.50955e-06 0.422637 -0.906299 -1.32355e-05 0.422657 -0.90629 8.15859e-06 0.422575 -0.906328 0.000129029 0.423116 -0.906075 3.30809e-06 0.422623 -0.906306 5.85494e-07 0.422662 -0.906287 5.16531e-08 0.422676 -0.906281 -5.01851e-07 0.422662 -0.906287 -3.19051e-06 0.422623 -0.906306 -0.000128777 0.423116 -0.906076 1.06157e-05 0.422617 -0.906309 2.55438e-06 0.422567 -0.906332 6.60854e-06 0.422579 -0.906326 8.97215e-06 0.42256 -0.906335 1.30867e-05 0.422647 -0.906294 0 0.422603 -0.906315 0 0.422635 -0.9063 1.96427e-05 0.42267 -0.906284 7.63812e-06 0.422571 -0.90633 4.50955e-06 0.422637 -0.906299 1.32355e-05 0.422657 -0.90629 0 0.42223 -0.906489 0 0.422662 -0.906287 8.81649e-08 0.422663 -0.906287 8.94531e-08 0.422618 -0.906308 6.20574e-08 0.422618 -0.906308 6.32492e-08 0.422597 -0.906318 5.32028e-08 0.422597 -0.906318 0.991449 -0.118261 -0.0551603 0.991448 -0.118278 -0.0551504 -0.793484 -0.551572 -0.257199 -0.793475 -0.551583 -0.257204 -0.793474 -0.551584 -0.257204 -0.793078 -0.552089 -0.257343 -0.793375 -0.551699 -0.257264 -0.793347 -0.551734 -0.257274 -0.793108 -0.552 -0.25744 -0.793282 -0.551806 -0.257322 -0.793415 -0.551652 -0.25724 -0.793746 -0.551265 -0.25705 -0.608732 -0.719045 -0.335292 -0.608731 -0.719045 -0.335292 -0.382651 -0.837332 -0.390453 -0.382584 -0.837358 -0.390461 0.382584 -0.837357 -0.390465 0.382651 -0.837334 -0.39045 0.60873 -0.719046 -0.335292 0.608732 -0.719045 -0.335292 0.793346 -0.551734 -0.257277 0.793375 -0.551701 -0.257259 0 -0.92396 0.382488 -2.77083e-06 -0.923843 0.382772 0 -0.923859 0.382732 0 -0.991444 0.130531 0 -0.991444 0.130531 0 -0.991444 -0.130531 0 -0.991444 -0.130531 0 -0.608851 -0.793285 0 -0.608851 -0.793285 -3.06939e-08 -0.382609 -0.923911 -1.00028e-05 -0.382881 -0.923797 0 -0.382731 -0.92386 -0.924055 -0.346444 -0.161551 -0.923843 -0.346922 -0.161741 -0.923754 -0.347135 -0.161791 -0.923863 -0.34687 -0.161736 0.923874 -0.346842 -0.161733 0.923863 -0.346865 -0.161745 1.08131e-08 0.130386 -0.991463 4.98156e-05 0.131298 -0.991343 1.11317e-08 0.130531 -0.991444 -0.991454 -0.118235 -0.0551297 -0.991447 -0.118289 -0.0551472 -0.991454 -0.118234 -0.0551355 -0.464934 0.190833 -0.864534 -0.464791 0.190472 -0.864691 -0.464896 0.190545 -0.864618 -0.464969 0.190992 -0.86448 0.464852 0.190574 -0.864635 0.991454 -0.118236 -0.0551348 -0.997956 -0.0639123 0 0.991454 -0.118233 -0.0551323 0.991454 -0.118237 -0.0551342 0.991451 0.118256 0.0551442 0.991453 0.118242 0.0551369 0.999423 0.0339597 0 0.991454 0.118236 0.0551348 0.498895 0.424695 -0.755472 -0.991454 0.118234 0.0551355 -0.991418 0.118452 0.0553057 -0.99147 0.118127 0.0550768 -0.991441 0.118322 0.0551735 -0.498745 0.42494 -0.755434 -0.499011 0.424233 -0.755655 -0.498893 0.424843 -0.75539 -0.498922 0.424691 -0.755456 -0.49888 0.305708 -0.810963 -0.498915 0.305622 -0.810974 0.498894 0.305702 -0.810957 0.464872 0.539769 -0.701814 0.793346 0.551735 0.257275 0.793284 0.551806 0.257314 0.399164 0.642904 -0.653715 0.306358 0.727012 -0.61449 0.192578 0.78655 -0.586731 0.0655943 0.817383 -0.572348 -0.0655944 0.817383 -0.572348 -0.192578 0.78655 -0.586731 -0.306358 0.727012 -0.61449 -0.793284 0.551808 0.25731 -0.793392 0.551695 0.25722 -0.793274 0.55182 0.257315 -0.793387 0.551693 0.25724 -0.791996 0.553303 0.258066 -0.793513 0.551537 0.257183 -0.793346 0.551737 0.257272 -0.793522 0.551538 0.257156 -0.793245 0.551854 0.257333 -0.793266 0.551829 0.25732 -0.399164 0.642904 -0.653715 -0.923754 0.347105 0.161855 -0.924035 0.346456 0.161643 -0.923874 0.346842 0.161734 -0.464872 0.53977 -0.701814 0.608886 0.718937 0.335242 0.608733 0.71904 0.3353 0.382794 0.83728 0.390425 0.382584 0.837353 0.390472 0.130495 0.89856 0.419 0.130419 0.898567 0.419008 -0.130495 0.898558 0.419003 -0.130419 0.898569 0.419004 -0.382794 0.837275 0.390435 -0.382584 0.837358 0.390461 -0.608886 0.718933 0.335251 -0.608732 0.719045 0.335291 0.923875 0.346839 0.161735 0.923875 0.346839 0.161735 -0.923874 0.346841 0.161734 -0.923975 0.346631 0.161608 -0.923836 0.346925 0.161774 -0.923964 0.346645 0.161639 0.382609 0.837341 0.390475 0.382599 0.837353 0.390458 0.130532 0.89854 0.419032 0.130556 0.898544 0.419015 0.130556 0.898544 0.419015 -0.130556 0.898537 0.419031 -0.130547 0.898545 0.419016 -0.13056 0.898831 0.418399 -0.382609 0.83735 0.390456 -0.382599 0.837345 0.390476 -1.106e-08 -0.382691 0.923877 -1.41432e-08 -0.382691 0.923877 -0.498896 0.305721 -0.810948 -6.968e-09 -0.13052 0.991446 -5.70519e-09 -0.13052 0.991446 0.704018 0.0927017 -0.704106 0.704061 0.0926894 -0.704064 0.704066 -0.56341 -0.432273 0.704072 -0.563385 -0.432297 0.704077 -0.432237 -0.563425 0.704064 -0.432301 -0.563391 0.704074 -0.271769 -0.656065 0.704071 -0.271791 -0.65606 0.704065 -0.0926609 -0.704065 0.70407 -0.0926923 -0.704055 -3.78145e-08 -0.991444 -0.130532 -3.79943e-08 -0.991444 -0.130532 0.704068 -0.704061 -0.0926602 0.704062 -0.704062 -0.0926962 0.704071 -0.656061 -0.271787 0.704074 -0.656065 -0.27177 -2.4259e-08 -0.608678 -0.793417 -3.05882e-08 -0.608678 -0.793417 -1.58177e-08 -0.382531 -0.923943 -1.50322e-05 -0.382951 -0.923769 -2.03837e-08 -0.382734 -0.923859 -5.39739e-09 -0.130529 -0.991445 -6.09482e-09 -0.130529 -0.991445 -5.39759e-09 -0.130534 0.991444 -5.22412e-09 -0.130534 0.991444 0.704071 -0.0926959 0.704054 0.704065 -0.0926601 0.704065 -1.51902e-08 -0.382523 0.923946 -7.41146e-06 -0.382729 0.923861 -1.99883e-08 -0.382945 0.923771 0.704072 -0.27177 0.656066 0.704076 -0.271786 0.656056 -3.09603e-08 -0.608678 0.793417 -2.33017e-08 -0.608678 0.793417 0.70406 -0.432247 0.563438 0.704072 -0.432297 0.563384 0.704074 -0.563405 0.432266 0.704068 -0.563387 0.432299 0.704074 -0.656065 0.271769 0.704071 -0.65606 0.271789 -3.78145e-08 -0.991444 0.130532 -3.72026e-08 -0.991444 0.130532 0.704068 -0.704061 0.0926601 0.704062 -0.704062 0.0926955 -0.991448 -0.130503 0 -0.991448 -0.130503 0 -0.923868 -0.382711 0 -0.923868 -0.382711 0 -0.793381 -0.608726 0 -0.793381 -0.608726 0 -0.608725 -0.793381 0 -0.608725 -0.793381 0 0.704087 -0.092681 0.704039 0.704062 -0.0927032 0.704062 0 -0.130542 0.991443 0 -0.130542 0.991443 -3.22584e-08 -0.130524 0.991445 -2.15505e-05 -0.13053 0.991444 0.000269388 -0.129997 0.991514 -5.70872e-09 -0.1306 0.991435 -5.20312e-06 0.130532 -0.991444 2.07873e-05 0.13049 -0.99145 -6.18602e-05 0.130671 -0.991426 -1.77982e-05 0.130565 -0.99144 -2.59843e-06 0.130519 -0.991446 5.70452e-09 0.130504 -0.991448 0.00010591 0.130668 -0.991426 -3.15568e-05 0.130481 -0.991451 9.25206e-05 0.130584 -0.991437 -5.95761e-05 0.130505 -0.991448 5.95761e-05 0.130505 -0.991448 -9.2489e-05 0.130584 -0.991437 5.70452e-09 0.130504 -0.991448 3.73057e-06 0.130519 -0.991446 2.72528e-05 0.130573 -0.991439 0.000126089 0.130753 -0.991415 8.24269e-09 0.130533 -0.991444 5.97302e-09 0.131429 -0.991326 -0.704016 0.0926953 -0.704108 -0.704061 0.0926963 -0.704064 -3.52368e-08 -0.92386 -0.382729 -3.5654e-08 -0.923861 -0.382729 -3.1615e-08 -0.793245 -0.608903 -3.55221e-06 -0.79342 -0.608674 -3.24138e-08 -0.793385 -0.60872 -0.92387 -0.382707 0 -0.924466 -0.381265 0.000298902 -0.923862 -0.382727 1.66422e-05 -0.923771 -0.382945 0 -0.991473 -0.130316 0 -0.991444 -0.130529 1.56269e-05 -0.991453 -0.130462 0 -0.464834 -0.192865 -0.864137 -0.465017 -0.192397 -0.864143 -0.464851 -0.192561 -0.864196 -0.464837 -0.192707 -0.86417 -0.399234 -0.30635 -0.864154 -0.30635 -0.399234 -0.864154 -0.192588 -0.464915 -0.864155 -0.065653 -0.498927 -0.864154 0.0656528 -0.498927 -0.864154 0.192588 -0.464915 -0.864155 0.30635 -0.399234 -0.864154 0.399234 -0.30635 -0.864154 0.464915 -0.192587 -0.864155 -0.498894 -0.0656476 -0.864173 -0.498932 -0.065723 -0.864146 0.498927 -0.0656536 -0.864154 -0.991453 -0.130462 0 -0.991444 -0.13053 -7.31541e-06 -0.991473 -0.130316 0 -0.92387 -0.382707 0 -0.923775 -0.382936 -2.56756e-05 -0.92386 -0.382731 -1.04991e-05 -0.924329 -0.381598 0 -0.793776 -0.60821 0 -0.792692 -0.609623 3.68417e-05 -0.793472 -0.608607 -1.5222e-05 -0.793307 -0.608822 1.26132e-05 -0.793347 -0.60877 0 -0.793347 -0.60877 0 -0.793303 -0.608827 -6.94992e-06 -0.793479 -0.608598 8.68294e-06 -0.792638 -0.609692 -2.22999e-05 -0.60877 -0.793347 0 -0.60877 -0.793347 0 0.60877 -0.793347 0 0.60877 -0.793347 0 0 0 -1 0 0 -1 0 0 -1 0 0 -1 0 0 -1 0 0 -1 0 0 -1 0 0 -1 0 0 -1 0 0 -1 0 0 -1 0 0 -1 0 0 -1 0 0 -1 0 0 -1 0 0 -1 0 0 -1 0 0 -1 0 0 -1 0 0 -1 0 0 -1 0 0 -1 0 0 -1 0 0 -1 0 0 -1 0 0 -1 0 0 -1 0 0 -1 0 0 -1 0 0 -1 0 0 -1 0 0 -1 0 0 -1 0 0 -1 0 0 -1 0 0 -1 0 0 -1 0 0 -1 0 0 -1 0 0 -1 0 0 -1 0 0 -1 0 0 -1 0 0 -1 0 0 -1 0 0 -1 0 0 -1 0 0 -1 0.793347 -0.60877 0 0.793347 -0.60877 0 0.92387 -0.382706 0 0.92387 -0.382706 0 0.923868 -0.382711 0 0.923868 -0.382711 0 0.991453 -0.130465 0 0.991453 -0.130465 0 0.991448 -0.130504 0 0.991448 -0.130504 0 -0.382707 -0.92387 0 -0.382707 -0.92387 0 -0.382711 -0.923868 0 -0.382711 -0.923868 0 -0.130464 -0.991453 0 -0.130464 -0.991453 0 0.130464 -0.991453 0 0.130464 -0.991453 0 0.382707 -0.92387 0 0.382707 -0.92387 0 0.382711 -0.923868 0 0.382711 -0.923868 0 0.608726 -0.793381 0 0.608726 -0.793381 0 0.793381 -0.608726 0 0.793381 -0.608726 0 0.130504 -0.991448 0 0.130504 -0.991448 0 -0.130504 -0.991448 0 -0.130504 -0.991448 0 -3.08032e-08 -0.793422 0.608672 -1.44071e-05 -0.793247 0.6089 -3.32753e-08 -0.793387 0.608718 -3.52368e-08 -0.92386 0.382731 -3.56541e-08 -0.92386 0.382731 -2.76508e-09 -0.13052 0.991446 -5.70519e-09 -0.13052 0.991446 -0.498925 -0.0656612 -0.864154</float_array>
                    <technique_common>
                        <accessor count="10192" source="#shape0-lib-normals-array" stride="3">
                            <param name="X" type="float"/>
                            <param name="Y" type="float"/>
                            <param name="Z" type="float"/>
                        </accessor>
                    </technique_common>
                </source>
                <vertices id="shape0-lib-vertices">
                    <input semantic="POSITION" source="#shape0-lib-positions"/>
                </vertices>
                <triangles count="10192">
                    <input offset="0" semantic="VERTEX" source="#shape0-lib-vertices"/>
                    <input offset="1" semantic="NORMAL" source="#shape0-lib-normals"/>
                    <p>0 0 1 0 2 0 0 1 2 1 3 1 3 2 2 2 4 2 3 3 4 3 5 3 5 4 4 4 6 4 5 5 6 5 7 5 7 6 6 6 8 6 7 7 8 7 9 7 9 8 8 8 10 8 9 9 10 9 11 9 11 10 10 10 12 10 11 11 12 11 13 11 13 12 12 12 14 12 13 13 14 13 15 13 15 14 14 14 16 14 15 15 16 15 17 15 17 16 16 16 18 16 17 17 18 17 19 17 19 18 18 18 20 18 19 19 20 19 21 19 21 20 20 20 22 20 21 21 22 21 23 21 23 22 22 22 24 22 23 23 24 23 25 23 25 24 24 24 26 24 25 25 26 25 27 25 27 26 26 26 28 26 27 27 28 27 29 27 29 28 28 28 30 28 29 29 30 29 31 29 31 30 30 30 32 30 31 31 32 31 33 31 33 32 32 32 34 32 33 33 34 33 35 33 35 34 34 34 36 34 35 35 36 35 37 35 37 36 36 36 38 36 37 37 38 37 39 37 39 38 38 38 40 38 39 39 40 39 41 39 41 40 40 40 42 40 41 41 42 41 43 41 43 42 42 42 44 42 43 43 44 43 45 43 45 44 44 44 46 44 45 45 46 45 47 45 47 46 46 46 48 46 47 47 48 47 49 47 49 48 48 48 50 48 49 49 50 49 51 49 51 50 50 50 52 50 51 51 52 51 53 51 53 52 52 52 54 52 53 53 54 53 55 53 55 54 54 54 56 54 55 55 56 55 57 55 57 56 56 56 58 56 57 57 58 57 59 57 59 58 58 58 60 58 59 59 60 59 61 59 4 60 2 60 1 60 1 61 62 61 60 61 60 62 58 62 56 62 56 63 54 63 52 63 52 64 50 64 48 64 48 65 46 65 44 65 44 66 42 66 40 66 40 67 38 67 36 67 36 68 34 68 32 68 32 69 30 69 28 69 28 70 26 70 24 70 24 71 22 71 20 71 20 72 18 72 16 72 16 73 14 73 12 73 12 74 10 74 8 74 8 75 6 75 4 75 4 76 1 76 60 76 60 77 56 77 52 77 52 78 48 78 44 78 44 79 40 79 36 79 36 80 32 80 28 80 28 81 24 81 20 81 20 82 16 82 12 82 12 83 8 83 4 83 4 84 60 84 52 84 52 85 44 85 36 85 36 86 28 86 20 86 20 87 12 87 4 87 4 88 52 88 36 88 36 89 20 89 4 89 61 90 60 90 62 90 61 91 62 91 63 91 63 92 62 92 1 92 63 93 1 93 0 93 63 94 0 94 3 94 3 95 5 95 7 95 7 96 9 96 11 96 11 97 13 97 15 97 15 98 17 98 19 98 19 99 21 99 23 99 23 100 25 100 27 100 27 101 29 101 31 101 31 102 33 102 35 102 35 103 37 103 39 103 39 104 41 104 43 104 43 105 45 105 47 105 47 106 49 106 51 106 51 107 53 107 55 107 55 108 57 108 59 108 59 109 61 109 63 109 63 110 3 110 7 110 7 111 11 111 15 111 15 112 19 112 23 112 23 113 27 113 31 113 31 114 35 114 39 114 39 115 43 115 47 115 47 116 51 116 55 116 55 117 59 117 63 117 63 118 7 118 15 118 15 119 23 119 31 119 31 120 39 120 47 120 47 121 55 121 63 121 63 122 15 122 31 122 31 123 47 123 63 123 64 124 65 124 66 124 64 125 66 125 67 125 67 126 66 126 68 126 67 127 68 127 69 127 69 128 68 128 70 128 69 129 70 129 71 129 71 130 70 130 65 130 71 131 65 131 64 131 67 132 69 132 71 132 67 133 71 133 64 133 68 134 66 134 65 134 68 135 65 135 70 135 72 136 73 136 74 136 74 137 73 137 75 137 76 138 74 138 77 138 74 139 76 139 78 139 79 140 74 140 80 140 81 141 74 141 79 141 81 142 82 142 74 142 82 143 83 143 74 143 84 144 85 144 86 144 86 145 85 145 87 145 86 146 87 146 88 146 88 147 87 147 89 147 88 148 89 148 90 148 90 149 89 149 91 149 90 150 91 150 92 150 93 151 94 151 95 151 95 152 94 152 96 152 95 153 96 153 97 153 97 154 96 154 98 154 97 155 98 155 99 155 99 156 98 156 100 156 99 157 100 157 101 157 101 158 100 158 102 158 101 159 102 159 103 159 103 160 102 160 104 160 103 161 104 161 105 161 105 162 104 162 106 162 105 163 106 163 107 163 107 164 106 164 108 164 107 165 108 165 85 165 85 166 108 166 87 166 109 167 110 167 111 167 111 168 110 168 112 168 111 169 112 169 113 169 113 170 112 170 114 170 113 171 114 171 115 171 115 172 114 172 116 172 115 173 116 173 117 173 117 174 116 174 118 174 117 175 118 175 119 175 111 176 120 176 90 176 111 177 90 177 121 177 111 178 121 178 109 178 122 179 90 179 92 179 122 180 92 180 123 180 122 181 123 181 124 181 122 182 124 182 125 182 122 183 125 183 98 183 126 184 127 184 128 184 126 185 128 185 129 185 126 186 129 186 84 186 126 187 84 187 86 187 130 188 131 188 132 188 132 189 131 189 133 189 132 190 133 190 134 190 134 191 133 191 135 191 134 192 135 192 136 192 136 193 135 193 137 193 136 194 137 194 138 194 119 195 139 195 117 195 117 196 139 196 140 196 117 197 140 197 132 197 132 198 140 198 130 198 141 199 142 199 143 199 143 200 142 200 144 200 143 201 144 201 145 201 145 202 144 202 146 202 145 203 146 203 147 203 147 204 146 204 148 204 147 205 148 205 149 205 149 206 148 206 150 206 149 207 150 207 151 207 151 208 150 208 152 208 151 209 152 209 153 209 153 210 152 210 154 210 153 211 154 211 155 211 155 212 154 212 156 212 155 213 156 213 157 213 157 214 156 214 158 214 157 215 158 215 159 215 159 216 158 216 160 216 161 217 162 217 163 217 163 218 162 218 158 218 163 219 158 219 164 219 164 220 158 220 156 220 146 221 165 221 166 221 146 222 166 222 167 222 146 223 167 223 168 223 146 224 168 224 169 224 146 225 169 225 148 225 165 226 170 226 171 226 165 227 171 227 161 227 165 228 161 228 163 228 165 229 163 229 172 229 165 230 172 230 166 230 170 231 173 231 174 231 170 232 174 232 175 232 170 233 175 233 176 233 170 234 176 234 171 234 127 235 177 235 128 235 128 236 177 236 178 236 128 237 178 237 173 237 173 238 178 238 179 238 173 239 179 239 174 239 180 240 99 240 181 240 180 241 181 241 182 241 180 242 182 242 183 242 180 243 183 243 184 243 180 244 184 244 185 244 180 245 185 245 129 245 180 246 129 246 128 246 147 247 149 247 186 247 147 248 186 248 187 248 147 249 187 249 188 249 147 250 188 250 189 250 190 251 191 251 160 251 160 252 191 252 192 252 160 253 192 253 193 253 193 254 192 254 189 254 193 255 189 255 194 255 194 256 189 256 188 256 191 257 136 257 138 257 191 258 138 258 195 258 191 259 195 259 196 259 191 260 196 260 192 260 133 261 131 261 197 261 133 262 197 262 198 262 133 263 198 263 199 263 133 264 199 264 200 264 133 265 200 265 114 265 201 266 116 266 114 266 201 267 114 267 200 267 160 268 158 268 190 268 112 269 110 269 202 269 181 270 99 270 101 270 100 271 98 271 125 271 88 272 90 272 120 272 203 273 204 273 205 273 203 274 205 274 206 274 203 275 206 275 207 275 203 276 207 276 208 276 203 277 208 277 209 277 210 278 209 278 208 278 210 279 208 279 207 279 210 280 207 280 206 280 210 281 206 281 205 281 210 282 205 282 204 282 211 283 212 283 213 283 214 284 215 284 216 284 214 285 216 285 217 285 214 286 217 286 218 286 214 287 218 287 219 287 214 288 219 288 220 288 221 289 220 289 219 289 221 290 219 290 218 290 221 291 218 291 217 291 221 292 217 292 216 292 221 293 216 293 215 293 222 294 223 294 224 294 222 295 224 295 225 295 222 296 225 296 226 296 222 297 226 297 227 297 222 298 227 298 228 298 229 299 228 299 227 299 229 300 227 300 226 300 229 301 226 301 225 301 229 302 225 302 224 302 229 303 224 303 223 303 230 304 231 304 232 304 230 305 232 305 233 305 230 306 233 306 234 306 230 307 234 307 235 307 230 308 235 308 236 308 237 309 236 309 235 309 237 310 235 310 234 310 237 311 234 311 233 311 237 312 233 312 232 312 237 313 232 313 231 313 238 314 239 314 240 314 238 315 240 315 241 315 241 316 240 316 242 316 241 317 242 317 243 317 243 318 242 318 244 318 243 319 244 319 245 319 245 320 244 320 239 320 245 321 239 321 238 321 241 322 243 322 245 322 241 323 245 323 238 323 242 324 240 324 239 324 242 325 239 325 244 325 246 326 247 326 248 326 246 327 248 327 249 327 247 328 250 328 251 328 247 329 251 329 248 329 250 330 252 330 253 330 250 331 253 331 251 331 252 332 254 332 255 332 252 333 255 333 253 333 254 334 256 334 257 334 254 335 257 335 255 335 256 336 258 336 259 336 256 337 259 337 257 337 258 338 260 338 261 338 258 339 261 339 259 339 260 340 262 340 263 340 260 341 263 341 261 341 262 342 264 342 265 342 262 343 265 343 263 343 264 344 266 344 267 344 264 345 267 345 265 345 249 346 248 346 268 346 249 347 268 347 269 347 248 348 251 348 270 348 248 349 270 349 268 349 251 350 253 350 271 350 251 351 271 351 270 351 253 352 255 352 272 352 253 353 272 353 271 353 255 354 257 354 273 354 255 355 273 355 272 355 257 356 259 356 274 356 257 357 274 357 273 357 259 358 261 358 275 358 259 359 275 359 274 359 261 360 263 360 276 360 261 361 276 361 275 361 263 362 265 362 277 362 263 363 277 363 276 363 265 364 267 364 278 364 265 365 278 365 277 365 269 366 268 366 279 366 269 367 279 367 280 367 268 368 270 368 281 368 268 369 281 369 279 369 270 370 271 370 282 370 270 371 282 371 281 371 271 372 272 372 283 372 271 373 283 373 282 373 272 374 273 374 284 374 272 375 284 375 283 375 273 376 274 376 285 376 273 377 285 377 284 377 274 378 275 378 286 378 274 379 286 379 285 379 275 380 276 380 287 380 275 381 287 381 286 381 276 382 277 382 288 382 276 383 288 383 287 383 277 384 278 384 289 384 277 385 289 385 288 385 280 386 279 386 290 386 280 387 290 387 291 387 279 388 281 388 292 388 279 389 292 389 290 389 281 390 282 390 293 390 281 391 293 391 292 391 282 392 283 392 294 392 282 393 294 393 293 393 283 394 284 394 295 394 283 395 295 395 294 395 284 396 285 396 296 396 284 397 296 397 295 397 285 398 286 398 297 398 285 399 297 399 296 399 286 400 287 400 298 400 286 401 298 401 297 401 287 402 288 402 299 402 287 403 299 403 298 403 288 404 289 404 300 404 288 405 300 405 299 405 291 406 290 406 301 406 291 407 301 407 302 407 290 408 292 408 303 408 290 409 303 409 301 409 292 410 293 410 304 410 292 411 304 411 303 411 293 412 294 412 305 412 293 413 305 413 304 413 294 414 295 414 306 414 294 415 306 415 305 415 295 416 296 416 307 416 295 417 307 417 306 417 296 418 297 418 308 418 296 419 308 419 307 419 297 420 298 420 309 420 297 421 309 421 308 421 298 422 299 422 310 422 298 423 310 423 309 423 299 424 300 424 311 424 299 425 311 425 310 425 302 426 301 426 312 426 302 427 312 427 313 427 301 428 303 428 314 428 301 429 314 429 312 429 303 430 304 430 315 430 303 431 315 431 314 431 304 432 305 432 316 432 304 433 316 433 315 433 305 434 306 434 317 434 305 435 317 435 316 435 306 436 307 436 318 436 306 437 318 437 317 437 307 438 308 438 319 438 307 439 319 439 318 439 308 440 309 440 320 440 308 441 320 441 319 441 309 442 310 442 321 442 309 443 321 443 320 443 310 444 311 444 322 444 310 445 322 445 321 445 313 446 312 446 323 446 313 447 323 447 324 447 312 448 314 448 325 448 312 449 325 449 323 449 314 450 315 450 326 450 314 451 326 451 325 451 315 452 316 452 327 452 315 453 327 453 326 453 316 454 317 454 328 454 316 455 328 455 327 455 317 456 318 456 329 456 317 457 329 457 328 457 318 458 319 458 330 458 318 459 330 459 329 459 319 460 320 460 331 460 319 461 331 461 330 461 320 462 321 462 332 462 320 463 332 463 331 463 321 464 322 464 333 464 321 465 333 465 332 465 324 466 323 466 334 466 324 467 334 467 335 467 323 468 325 468 336 468 323 469 336 469 334 469 325 470 326 470 337 470 325 471 337 471 336 471 326 472 327 472 338 472 326 473 338 473 337 473 327 474 328 474 339 474 327 475 339 475 338 475 328 476 329 476 340 476 328 477 340 477 339 477 329 478 330 478 341 478 329 479 341 479 340 479 330 480 331 480 342 480 330 481 342 481 341 481 331 482 332 482 343 482 331 483 343 483 342 483 332 484 333 484 344 484 332 485 344 485 343 485 335 486 334 486 345 486 335 487 345 487 346 487 334 488 336 488 347 488 334 489 347 489 345 489 336 490 337 490 348 490 336 491 348 491 347 491 337 492 338 492 349 492 337 493 349 493 348 493 338 494 339 494 350 494 338 495 350 495 349 495 339 496 340 496 351 496 339 497 351 497 350 497 340 498 341 498 352 498 340 499 352 499 351 499 341 500 342 500 353 500 341 501 353 501 352 501 342 502 343 502 354 502 342 503 354 503 353 503 343 504 344 504 355 504 343 505 355 505 354 505 346 506 345 506 356 506 346 507 356 507 357 507 345 508 347 508 358 508 345 509 358 509 356 509 347 510 348 510 359 510 347 511 359 511 358 511 348 512 349 512 360 512 348 513 360 513 359 513 349 514 350 514 361 514 349 515 361 515 360 515 350 516 351 516 362 516 350 517 362 517 361 517 351 518 352 518 363 518 351 519 363 519 362 519 352 520 353 520 364 520 352 521 364 521 363 521 353 522 354 522 365 522 353 523 365 523 364 523 354 524 355 524 366 524 354 525 366 525 365 525 367 526 368 526 369 526 367 527 369 527 370 527 368 528 371 528 372 528 368 529 372 529 369 529 371 530 373 530 374 530 371 531 374 531 372 531 373 532 375 532 376 532 373 533 376 533 374 533 375 534 377 534 378 534 375 535 378 535 376 535 377 536 379 536 380 536 377 537 380 537 378 537 379 538 381 538 382 538 379 539 382 539 380 539 381 540 383 540 384 540 381 541 384 541 382 541 383 542 385 542 386 542 383 543 386 543 384 543 385 544 387 544 388 544 385 545 388 545 386 545 370 546 369 546 389 546 370 547 389 547 390 547 369 548 372 548 391 548 369 549 391 549 389 549 372 550 374 550 392 550 372 551 392 551 391 551 374 552 376 552 393 552 374 553 393 553 392 553 376 554 378 554 394 554 376 555 394 555 393 555 378 556 380 556 395 556 378 557 395 557 394 557 380 558 382 558 396 558 380 559 396 559 395 559 382 560 384 560 397 560 382 561 397 561 396 561 384 562 386 562 398 562 384 563 398 563 397 563 386 564 388 564 399 564 386 565 399 565 398 565 390 566 389 566 400 566 390 567 400 567 401 567 389 568 391 568 402 568 389 569 402 569 400 569 391 570 392 570 403 570 391 571 403 571 402 571 392 572 393 572 404 572 392 573 404 573 403 573 393 574 394 574 405 574 393 575 405 575 404 575 394 576 395 576 406 576 394 577 406 577 405 577 395 578 396 578 407 578 395 579 407 579 406 579 396 580 397 580 408 580 396 581 408 581 407 581 397 582 398 582 409 582 397 583 409 583 408 583 398 584 399 584 410 584 398 585 410 585 409 585 401 586 400 586 411 586 401 587 411 587 412 587 400 588 402 588 413 588 400 589 413 589 411 589 402 590 403 590 414 590 402 591 414 591 413 591 403 592 404 592 415 592 403 593 415 593 414 593 404 594 405 594 416 594 404 595 416 595 415 595 405 596 406 596 417 596 405 597 417 597 416 597 406 598 407 598 418 598 406 599 418 599 417 599 407 600 408 600 419 600 407 601 419 601 418 601 408 602 409 602 420 602 408 603 420 603 419 603 409 604 410 604 421 604 409 605 421 605 420 605 412 606 411 606 422 606 412 607 422 607 423 607 411 608 413 608 424 608 411 609 424 609 422 609 413 610 414 610 425 610 413 611 425 611 424 611 414 612 415 612 426 612 414 613 426 613 425 613 415 614 416 614 427 614 415 615 427 615 426 615 416 616 417 616 428 616 416 617 428 617 427 617 417 618 418 618 429 618 417 619 429 619 428 619 418 620 419 620 430 620 418 621 430 621 429 621 419 622 420 622 431 622 419 623 431 623 430 623 420 624 421 624 432 624 420 625 432 625 431 625 423 626 422 626 433 626 423 627 433 627 434 627 422 628 424 628 435 628 422 629 435 629 433 629 424 630 425 630 436 630 424 631 436 631 435 631 425 632 426 632 437 632 425 633 437 633 436 633 426 634 427 634 438 634 426 635 438 635 437 635 427 636 428 636 439 636 427 637 439 637 438 637 428 638 429 638 440 638 428 639 440 639 439 639 429 640 430 640 441 640 429 641 441 641 440 641 430 642 431 642 442 642 430 643 442 643 441 643 431 644 432 644 443 644 431 645 443 645 442 645 434 646 433 646 444 646 434 647 444 647 445 647 433 648 435 648 446 648 433 649 446 649 444 649 435 650 436 650 447 650 435 651 447 651 446 651 436 652 437 652 448 652 436 653 448 653 447 653 437 654 438 654 449 654 437 655 449 655 448 655 438 656 439 656 450 656 438 657 450 657 449 657 439 658 440 658 451 658 439 659 451 659 450 659 440 660 441 660 452 660 440 661 452 661 451 661 441 662 442 662 453 662 441 663 453 663 452 663 442 664 443 664 454 664 442 665 454 665 453 665 445 666 444 666 455 666 445 667 455 667 456 667 444 668 446 668 457 668 444 669 457 669 455 669 446 670 447 670 458 670 446 671 458 671 457 671 447 672 448 672 459 672 447 673 459 673 458 673 448 674 449 674 460 674 448 675 460 675 459 675 449 676 450 676 461 676 449 677 461 677 460 677 450 678 451 678 462 678 450 679 462 679 461 679 451 680 452 680 463 680 451 681 463 681 462 681 452 682 453 682 464 682 452 683 464 683 463 683 453 684 454 684 465 684 453 685 465 685 464 685 456 686 455 686 466 686 456 687 466 687 467 687 455 688 457 688 468 688 455 689 468 689 466 689 457 690 458 690 469 690 457 691 469 691 468 691 458 692 459 692 470 692 458 693 470 693 469 693 459 694 460 694 471 694 459 695 471 695 470 695 460 696 461 696 472 696 460 697 472 697 471 697 461 698 462 698 473 698 461 699 473 699 472 699 462 700 463 700 474 700 462 701 474 701 473 701 463 702 464 702 475 702 463 703 475 703 474 703 464 704 465 704 476 704 464 705 476 705 475 705 467 706 466 706 267 706 467 707 267 707 266 707 466 708 468 708 278 708 466 709 278 709 267 709 468 710 469 710 289 710 468 711 289 711 278 711 469 712 470 712 300 712 469 713 300 713 289 713 470 714 471 714 311 714 470 715 311 715 300 715 471 716 472 716 322 716 471 717 322 717 311 717 472 718 473 718 333 718 472 719 333 719 322 719 473 720 474 720 344 720 473 721 344 721 333 721 474 722 475 722 355 722 474 723 355 723 344 723 475 724 476 724 366 724 475 725 366 725 355 725 477 726 478 726 479 726 477 727 479 727 480 727 478 728 481 728 482 728 478 729 482 729 479 729 481 730 483 730 484 730 481 731 484 731 482 731 483 732 485 732 486 732 483 733 486 733 484 733 485 734 487 734 488 734 485 735 488 735 486 735 487 736 489 736 490 736 487 737 490 737 488 737 489 738 491 738 492 738 489 739 492 739 490 739 491 740 493 740 494 740 491 741 494 741 492 741 493 742 495 742 496 742 493 743 496 743 494 743 495 744 357 744 356 744 495 745 356 745 496 745 480 746 479 746 497 746 480 747 497 747 498 747 479 748 482 748 499 748 479 749 499 749 497 749 482 750 484 750 500 750 482 751 500 751 499 751 484 752 486 752 501 752 484 753 501 753 500 753 486 754 488 754 502 754 486 755 502 755 501 755 488 756 490 756 503 756 488 757 503 757 502 757 490 758 492 758 504 758 490 759 504 759 503 759 492 760 494 760 505 760 492 761 505 761 504 761 494 762 496 762 506 762 494 763 506 763 505 763 496 764 356 764 358 764 496 765 358 765 506 765 498 766 497 766 507 766 498 767 507 767 508 767 497 768 499 768 509 768 497 769 509 769 507 769 499 770 500 770 510 770 499 771 510 771 509 771 500 772 501 772 511 772 500 773 511 773 510 773 501 774 502 774 512 774 501 775 512 775 511 775 502 776 503 776 513 776 502 777 513 777 512 777 503 778 504 778 514 778 503 779 514 779 513 779 504 780 505 780 515 780 504 781 515 781 514 781 505 782 506 782 516 782 505 783 516 783 515 783 506 784 358 784 359 784 506 785 359 785 516 785 508 786 507 786 517 786 508 787 517 787 518 787 507 788 509 788 519 788 507 789 519 789 517 789 509 790 510 790 520 790 509 791 520 791 519 791 510 792 511 792 521 792 510 793 521 793 520 793 511 794 512 794 522 794 511 795 522 795 521 795 512 796 513 796 523 796 512 797 523 797 522 797 513 798 514 798 524 798 513 799 524 799 523 799 514 800 515 800 525 800 514 801 525 801 524 801 515 802 516 802 526 802 515 803 526 803 525 803 516 804 359 804 360 804 516 805 360 805 526 805 518 806 517 806 527 806 518 807 527 807 528 807 517 808 519 808 529 808 517 809 529 809 527 809 519 810 520 810 530 810 519 811 530 811 529 811 520 812 521 812 531 812 520 813 531 813 530 813 521 814 522 814 532 814 521 815 532 815 531 815 522 816 523 816 533 816 522 817 533 817 532 817 523 818 524 818 534 818 523 819 534 819 533 819 524 820 525 820 535 820 524 821 535 821 534 821 525 822 526 822 536 822 525 823 536 823 535 823 526 824 360 824 361 824 526 825 361 825 536 825 528 826 527 826 537 826 528 827 537 827 538 827 527 828 529 828 539 828 527 829 539 829 537 829 529 830 530 830 540 830 529 831 540 831 539 831 530 832 531 832 541 832 530 833 541 833 540 833 531 834 532 834 542 834 531 835 542 835 541 835 532 836 533 836 543 836 532 837 543 837 542 837 533 838 534 838 544 838 533 839 544 839 543 839 534 840 535 840 545 840 534 841 545 841 544 841 535 842 536 842 546 842 535 843 546 843 545 843 536 844 361 844 362 844 536 845 362 845 546 845 538 846 537 846 547 846 538 847 547 847 548 847 537 848 539 848 549 848 537 849 549 849 547 849 539 850 540 850 550 850 539 851 550 851 549 851 540 852 541 852 551 852 540 853 551 853 550 853 541 854 542 854 552 854 541 855 552 855 551 855 542 856 543 856 553 856 542 857 553 857 552 857 543 858 544 858 554 858 543 859 554 859 553 859 544 860 545 860 555 860 544 861 555 861 554 861 545 862 546 862 556 862 545 863 556 863 555 863 546 864 362 864 363 864 546 865 363 865 556 865 548 866 547 866 557 866 548 867 557 867 558 867 547 868 549 868 559 868 547 869 559 869 557 869 549 870 550 870 560 870 549 871 560 871 559 871 550 872 551 872 561 872 550 873 561 873 560 873 551 874 552 874 562 874 551 875 562 875 561 875 552 876 553 876 563 876 552 877 563 877 562 877 553 878 554 878 564 878 553 879 564 879 563 879 554 880 555 880 565 880 554 881 565 881 564 881 555 882 556 882 566 882 555 883 566 883 565 883 556 884 363 884 364 884 556 885 364 885 566 885 558 886 557 886 567 886 558 887 567 887 568 887 557 888 559 888 569 888 557 889 569 889 567 889 559 890 560 890 570 890 559 891 570 891 569 891 560 892 561 892 571 892 560 893 571 893 570 893 561 894 562 894 572 894 561 895 572 895 571 895 562 896 563 896 573 896 562 897 573 897 572 897 563 898 564 898 574 898 563 899 574 899 573 899 564 900 565 900 575 900 564 901 575 901 574 901 565 902 566 902 576 902 565 903 576 903 575 903 566 904 364 904 365 904 566 905 365 905 576 905 568 906 567 906 388 906 568 907 388 907 387 907 567 908 569 908 399 908 567 909 399 909 388 909 569 910 570 910 410 910 569 911 410 911 399 911 570 912 571 912 421 912 570 913 421 913 410 913 571 914 572 914 432 914 571 915 432 915 421 915 572 916 573 916 443 916 572 917 443 917 432 917 573 918 574 918 454 918 573 919 454 919 443 919 574 920 575 920 465 920 574 921 465 921 454 921 575 922 576 922 476 922 575 923 476 923 465 923 576 924 365 924 366 924 576 925 366 925 476 925 577 926 578 926 579 926 577 927 579 927 580 927 578 928 581 928 582 928 578 929 582 929 579 929 581 930 583 930 584 930 581 931 584 931 582 931 583 932 585 932 586 932 583 933 586 933 584 933 585 934 587 934 588 934 585 935 588 935 586 935 587 936 589 936 590 936 587 937 590 937 588 937 589 938 591 938 592 938 589 939 592 939 590 939 591 940 593 940 594 940 591 941 594 941 592 941 593 942 595 942 596 942 593 943 596 943 594 943 595 944 597 944 598 944 595 945 598 945 596 945 580 946 579 946 599 946 580 947 599 947 600 947 579 948 582 948 601 948 579 949 601 949 599 949 582 950 584 950 602 950 582 951 602 951 601 951 584 952 586 952 603 952 584 953 603 953 602 953 586 954 588 954 604 954 586 955 604 955 603 955 588 956 590 956 605 956 588 957 605 957 604 957 590 958 592 958 606 958 590 959 606 959 605 959 592 960 594 960 607 960 592 961 607 961 606 961 594 962 596 962 608 962 594 963 608 963 607 963 596 964 598 964 609 964 596 965 609 965 608 965 600 966 599 966 610 966 600 967 610 967 611 967 599 968 601 968 612 968 599 969 612 969 610 969 601 970 602 970 613 970 601 971 613 971 612 971 602 972 603 972 614 972 602 973 614 973 613 973 603 974 604 974 615 974 603 975 615 975 614 975 604 976 605 976 616 976 604 977 616 977 615 977 605 978 606 978 617 978 605 979 617 979 616 979 606 980 607 980 618 980 606 981 618 981 617 981 607 982 608 982 619 982 607 983 619 983 618 983 608 984 609 984 620 984 608 985 620 985 619 985 611 986 610 986 621 986 611 987 621 987 622 987 610 988 612 988 623 988 610 989 623 989 621 989 612 990 613 990 624 990 612 991 624 991 623 991 613 992 614 992 625 992 613 993 625 993 624 993 614 994 615 994 626 994 614 995 626 995 625 995 615 996 616 996 627 996 615 997 627 997 626 997 616 998 617 998 628 998 616 999 628 999 627 999 617 1000 618 1000 629 1000 617 1001 629 1001 628 1001 618 1002 619 1002 630 1002 618 1003 630 1003 629 1003 619 1004 620 1004 631 1004 619 1005 631 1005 630 1005 622 1006 621 1006 632 1006 622 1007 632 1007 633 1007 621 1008 623 1008 634 1008 621 1009 634 1009 632 1009 623 1010 624 1010 635 1010 623 1011 635 1011 634 1011 624 1012 625 1012 636 1012 624 1013 636 1013 635 1013 625 1014 626 1014 637 1014 625 1015 637 1015 636 1015 626 1016 627 1016 638 1016 626 1017 638 1017 637 1017 627 1018 628 1018 639 1018 627 1019 639 1019 638 1019 628 1020 629 1020 640 1020 628 1021 640 1021 639 1021 629 1022 630 1022 641 1022 629 1023 641 1023 640 1023 630 1024 631 1024 642 1024 630 1025 642 1025 641 1025 633 1026 632 1026 643 1026 633 1027 643 1027 644 1027 632 1028 634 1028 645 1028 632 1029 645 1029 643 1029 634 1030 635 1030 646 1030 634 1031 646 1031 645 1031 635 1032 636 1032 647 1032 635 1033 647 1033 646 1033 636 1034 637 1034 648 1034 636 1035 648 1035 647 1035 637 1036 638 1036 649 1036 637 1037 649 1037 648 1037 638 1038 639 1038 650 1038 638 1039 650 1039 649 1039 639 1040 640 1040 651 1040 639 1041 651 1041 650 1041 640 1042 641 1042 652 1042 640 1043 652 1043 651 1043 641 1044 642 1044 653 1044 641 1045 653 1045 652 1045 644 1046 643 1046 654 1046 644 1047 654 1047 655 1047 643 1048 645 1048 656 1048 643 1049 656 1049 654 1049 645 1050 646 1050 657 1050 645 1051 657 1051 656 1051 646 1052 647 1052 658 1052 646 1053 658 1053 657 1053 647 1054 648 1054 659 1054 647 1055 659 1055 658 1055 648 1056 649 1056 660 1056 648 1057 660 1057 659 1057 649 1058 650 1058 661 1058 649 1059 661 1059 660 1059 650 1060 651 1060 662 1060 650 1061 662 1061 661 1061 651 1062 652 1062 663 1062 651 1063 663 1063 662 1063 652 1064 653 1064 664 1064 652 1065 664 1065 663 1065 655 1066 654 1066 665 1066 655 1067 665 1067 666 1067 654 1068 656 1068 667 1068 654 1069 667 1069 665 1069 656 1070 657 1070 668 1070 656 1071 668 1071 667 1071 657 1072 658 1072 669 1072 657 1073 669 1073 668 1073 658 1074 659 1074 670 1074 658 1075 670 1075 669 1075 659 1076 660 1076 671 1076 659 1077 671 1077 670 1077 660 1078 661 1078 672 1078 660 1079 672 1079 671 1079 661 1080 662 1080 673 1080 661 1081 673 1081 672 1081 662 1082 663 1082 674 1082 662 1083 674 1083 673 1083 663 1084 664 1084 675 1084 663 1085 675 1085 674 1085 666 1086 665 1086 676 1086 666 1087 676 1087 677 1087 665 1088 667 1088 678 1088 665 1089 678 1089 676 1089 667 1090 668 1090 679 1090 667 1091 679 1091 678 1091 668 1092 669 1092 680 1092 668 1093 680 1093 679 1093 669 1094 670 1094 681 1094 669 1095 681 1095 680 1095 670 1096 671 1096 682 1096 670 1097 682 1097 681 1097 671 1098 672 1098 683 1098 671 1099 683 1099 682 1099 672 1100 673 1100 684 1100 672 1101 684 1101 683 1101 673 1102 674 1102 685 1102 673 1103 685 1103 684 1103 674 1104 675 1104 686 1104 674 1105 686 1105 685 1105 677 1106 676 1106 687 1106 677 1107 687 1107 688 1107 676 1108 678 1108 689 1108 676 1109 689 1109 687 1109 678 1110 679 1110 690 1110 678 1111 690 1111 689 1111 679 1112 680 1112 691 1112 679 1113 691 1113 690 1113 680 1114 681 1114 692 1114 680 1115 692 1115 691 1115 681 1116 682 1116 693 1116 681 1117 693 1117 692 1117 682 1118 683 1118 694 1118 682 1119 694 1119 693 1119 683 1120 684 1120 695 1120 683 1121 695 1121 694 1121 684 1122 685 1122 696 1122 684 1123 696 1123 695 1123 685 1124 686 1124 697 1124 685 1125 697 1125 696 1125 698 1126 699 1126 700 1126 698 1127 700 1127 701 1127 699 1128 702 1128 703 1128 699 1129 703 1129 700 1129 702 1130 704 1130 705 1130 702 1131 705 1131 703 1131 704 1132 706 1132 707 1132 704 1133 707 1133 705 1133 706 1134 708 1134 709 1134 706 1135 709 1135 707 1135 708 1136 710 1136 711 1136 708 1137 711 1137 709 1137 710 1138 712 1138 713 1138 710 1139 713 1139 711 1139 712 1140 714 1140 715 1140 712 1141 715 1141 713 1141 714 1142 716 1142 717 1142 714 1143 717 1143 715 1143 716 1144 718 1144 719 1144 716 1145 719 1145 717 1145 701 1146 700 1146 720 1146 701 1147 720 1147 721 1147 700 1148 703 1148 722 1148 700 1149 722 1149 720 1149 703 1150 705 1150 723 1150 703 1151 723 1151 722 1151 705 1152 707 1152 724 1152 705 1153 724 1153 723 1153 707 1154 709 1154 725 1154 707 1155 725 1155 724 1155 709 1156 711 1156 726 1156 709 1157 726 1157 725 1157 711 1158 713 1158 727 1158 711 1159 727 1159 726 1159 713 1160 715 1160 728 1160 713 1161 728 1161 727 1161 715 1162 717 1162 729 1162 715 1163 729 1163 728 1163 717 1164 719 1164 730 1164 717 1165 730 1165 729 1165 721 1166 720 1166 731 1166 721 1167 731 1167 732 1167 720 1168 722 1168 733 1168 720 1169 733 1169 731 1169 722 1170 723 1170 734 1170 722 1171 734 1171 733 1171 723 1172 724 1172 735 1172 723 1173 735 1173 734 1173 724 1174 725 1174 736 1174 724 1175 736 1175 735 1175 725 1176 726 1176 737 1176 725 1177 737 1177 736 1177 726 1178 727 1178 738 1178 726 1179 738 1179 737 1179 727 1180 728 1180 739 1180 727 1181 739 1181 738 1181 728 1182 729 1182 740 1182 728 1183 740 1183 739 1183 729 1184 730 1184 741 1184 729 1185 741 1185 740 1185 732 1186 731 1186 742 1186 732 1187 742 1187 743 1187 731 1188 733 1188 744 1188 731 1189 744 1189 742 1189 733 1190 734 1190 745 1190 733 1191 745 1191 744 1191 734 1192 735 1192 746 1192 734 1193 746 1193 745 1193 735 1194 736 1194 747 1194 735 1195 747 1195 746 1195 736 1196 737 1196 748 1196 736 1197 748 1197 747 1197 737 1198 738 1198 749 1198 737 1199 749 1199 748 1199 738 1200 739 1200 750 1200 738 1201 750 1201 749 1201 739 1202 740 1202 751 1202 739 1203 751 1203 750 1203 740 1204 741 1204 752 1204 740 1205 752 1205 751 1205 743 1206 742 1206 753 1206 743 1207 753 1207 754 1207 742 1208 744 1208 755 1208 742 1209 755 1209 753 1209 744 1210 745 1210 756 1210 744 1211 756 1211 755 1211 745 1212 746 1212 757 1212 745 1213 757 1213 756 1213 746 1214 747 1214 758 1214 746 1215 758 1215 757 1215 747 1216 748 1216 759 1216 747 1217 759 1217 758 1217 748 1218 749 1218 760 1218 748 1219 760 1219 759 1219 749 1220 750 1220 761 1220 749 1221 761 1221 760 1221 750 1222 751 1222 762 1222 750 1223 762 1223 761 1223 751 1224 752 1224 763 1224 751 1225 763 1225 762 1225 754 1226 753 1226 764 1226 754 1227 764 1227 765 1227 753 1228 755 1228 766 1228 753 1229 766 1229 764 1229 755 1230 756 1230 767 1230 755 1231 767 1231 766 1231 756 1232 757 1232 768 1232 756 1233 768 1233 767 1233 757 1234 758 1234 769 1234 757 1235 769 1235 768 1235 758 1236 759 1236 770 1236 758 1237 770 1237 769 1237 759 1238 760 1238 771 1238 759 1239 771 1239 770 1239 760 1240 761 1240 772 1240 760 1241 772 1241 771 1241 761 1242 762 1242 773 1242 761 1243 773 1243 772 1243 762 1244 763 1244 774 1244 762 1245 774 1245 773 1245 765 1246 764 1246 775 1246 765 1247 775 1247 776 1247 764 1248 766 1248 777 1248 764 1249 777 1249 775 1249 766 1250 767 1250 778 1250 766 1251 778 1251 777 1251 767 1252 768 1252 779 1252 767 1253 779 1253 778 1253 768 1254 769 1254 780 1254 768 1255 780 1255 779 1255 769 1256 770 1256 781 1256 769 1257 781 1257 780 1257 770 1258 771 1258 782 1258 770 1259 782 1259 781 1259 771 1260 772 1260 783 1260 771 1261 783 1261 782 1261 772 1262 773 1262 784 1262 772 1263 784 1263 783 1263 773 1264 774 1264 785 1264 773 1265 785 1265 784 1265 776 1266 775 1266 786 1266 776 1267 786 1267 787 1267 775 1268 777 1268 788 1268 775 1269 788 1269 786 1269 777 1270 778 1270 789 1270 777 1271 789 1271 788 1271 778 1272 779 1272 790 1272 778 1273 790 1273 789 1273 779 1274 780 1274 791 1274 779 1275 791 1275 790 1275 780 1276 781 1276 792 1276 780 1277 792 1277 791 1277 781 1278 782 1278 793 1278 781 1279 793 1279 792 1279 782 1280 783 1280 794 1280 782 1281 794 1281 793 1281 783 1282 784 1282 795 1282 783 1283 795 1283 794 1283 784 1284 785 1284 796 1284 784 1285 796 1285 795 1285 787 1286 786 1286 797 1286 787 1287 797 1287 798 1287 786 1288 788 1288 799 1288 786 1289 799 1289 797 1289 788 1290 789 1290 800 1290 788 1291 800 1291 799 1291 789 1292 790 1292 801 1292 789 1293 801 1293 800 1293 790 1294 791 1294 802 1294 790 1295 802 1295 801 1295 791 1296 792 1296 803 1296 791 1297 803 1297 802 1297 792 1298 793 1298 804 1298 792 1299 804 1299 803 1299 793 1300 794 1300 805 1300 793 1301 805 1301 804 1301 794 1302 795 1302 806 1302 794 1303 806 1303 805 1303 795 1304 796 1304 807 1304 795 1305 807 1305 806 1305 798 1306 797 1306 598 1306 798 1307 598 1307 597 1307 797 1308 799 1308 609 1308 797 1309 609 1309 598 1309 799 1310 800 1310 620 1310 799 1311 620 1311 609 1311 800 1312 801 1312 631 1312 800 1313 631 1313 620 1313 801 1314 802 1314 642 1314 801 1315 642 1315 631 1315 802 1316 803 1316 653 1316 802 1317 653 1317 642 1317 803 1318 804 1318 664 1318 803 1319 664 1319 653 1319 804 1320 805 1320 675 1320 804 1321 675 1321 664 1321 805 1322 806 1322 686 1322 805 1323 686 1323 675 1323 806 1324 807 1324 697 1324 806 1325 697 1325 686 1325 808 1326 809 1326 810 1326 808 1327 810 1327 811 1327 809 1328 812 1328 813 1328 809 1329 813 1329 810 1329 812 1330 814 1330 815 1330 812 1331 815 1331 813 1331 814 1332 816 1332 817 1332 814 1333 817 1333 815 1333 816 1334 818 1334 819 1334 816 1335 819 1335 817 1335 818 1336 820 1336 821 1336 818 1337 821 1337 819 1337 820 1338 822 1338 823 1338 820 1339 823 1339 821 1339 822 1340 824 1340 825 1340 822 1341 825 1341 823 1341 824 1342 826 1342 827 1342 824 1343 827 1343 825 1343 826 1344 688 1344 687 1344 826 1345 687 1345 827 1345 811 1346 810 1346 828 1346 811 1347 828 1347 829 1347 810 1348 813 1348 830 1348 810 1349 830 1349 828 1349 813 1350 815 1350 831 1350 813 1351 831 1351 830 1351 815 1352 817 1352 832 1352 815 1353 832 1353 831 1353 817 1354 819 1354 833 1354 817 1355 833 1355 832 1355 819 1356 821 1356 834 1356 819 1357 834 1357 833 1357 821 1358 823 1358 835 1358 821 1359 835 1359 834 1359 823 1360 825 1360 836 1360 823 1361 836 1361 835 1361 825 1362 827 1362 837 1362 825 1363 837 1363 836 1363 827 1364 687 1364 689 1364 827 1365 689 1365 837 1365 829 1366 828 1366 838 1366 829 1367 838 1367 839 1367 828 1368 830 1368 840 1368 828 1369 840 1369 838 1369 830 1370 831 1370 841 1370 830 1371 841 1371 840 1371 831 1372 832 1372 842 1372 831 1373 842 1373 841 1373 832 1374 833 1374 843 1374 832 1375 843 1375 842 1375 833 1376 834 1376 844 1376 833 1377 844 1377 843 1377 834 1378 835 1378 845 1378 834 1379 845 1379 844 1379 835 1380 836 1380 846 1380 835 1381 846 1381 845 1381 836 1382 837 1382 847 1382 836 1383 847 1383 846 1383 837 1384 689 1384 690 1384 837 1385 690 1385 847 1385 839 1386 838 1386 848 1386 839 1387 848 1387 849 1387 838 1388 840 1388 850 1388 838 1389 850 1389 848 1389 840 1390 841 1390 851 1390 840 1391 851 1391 850 1391 841 1392 842 1392 852 1392 841 1393 852 1393 851 1393 842 1394 843 1394 853 1394 842 1395 853 1395 852 1395 843 1396 844 1396 854 1396 843 1397 854 1397 853 1397 844 1398 845 1398 855 1398 844 1399 855 1399 854 1399 845 1400 846 1400 856 1400 845 1401 856 1401 855 1401 846 1402 847 1402 857 1402 846 1403 857 1403 856 1403 847 1404 690 1404 691 1404 847 1405 691 1405 857 1405 849 1406 848 1406 858 1406 849 1407 858 1407 859 1407 848 1408 850 1408 860 1408 848 1409 860 1409 858 1409 850 1410 851 1410 861 1410 850 1411 861 1411 860 1411 851 1412 852 1412 862 1412 851 1413 862 1413 861 1413 852 1414 853 1414 863 1414 852 1415 863 1415 862 1415 853 1416 854 1416 864 1416 853 1417 864 1417 863 1417 854 1418 855 1418 865 1418 854 1419 865 1419 864 1419 855 1420 856 1420 866 1420 855 1421 866 1421 865 1421 856 1422 857 1422 867 1422 856 1423 867 1423 866 1423 857 1424 691 1424 692 1424 857 1425 692 1425 867 1425 859 1426 858 1426 868 1426 859 1427 868 1427 869 1427 858 1428 860 1428 870 1428 858 1429 870 1429 868 1429 860 1430 861 1430 871 1430 860 1431 871 1431 870 1431 861 1432 862 1432 872 1432 861 1433 872 1433 871 1433 862 1434 863 1434 873 1434 862 1435 873 1435 872 1435 863 1436 864 1436 874 1436 863 1437 874 1437 873 1437 864 1438 865 1438 875 1438 864 1439 875 1439 874 1439 865 1440 866 1440 876 1440 865 1441 876 1441 875 1441 866 1442 867 1442 877 1442 866 1443 877 1443 876 1443 867 1444 692 1444 693 1444 867 1445 693 1445 877 1445 869 1446 868 1446 878 1446 869 1447 878 1447 879 1447 868 1448 870 1448 880 1448 868 1449 880 1449 878 1449 870 1450 871 1450 881 1450 870 1451 881 1451 880 1451 871 1452 872 1452 882 1452 871 1453 882 1453 881 1453 872 1454 873 1454 883 1454 872 1455 883 1455 882 1455 873 1456 874 1456 884 1456 873 1457 884 1457 883 1457 874 1458 875 1458 885 1458 874 1459 885 1459 884 1459 875 1460 876 1460 886 1460 875 1461 886 1461 885 1461 876 1462 877 1462 887 1462 876 1463 887 1463 886 1463 877 1464 693 1464 694 1464 877 1465 694 1465 887 1465 879 1466 878 1466 888 1466 879 1467 888 1467 889 1467 878 1468 880 1468 890 1468 878 1469 890 1469 888 1469 880 1470 881 1470 891 1470 880 1471 891 1471 890 1471 881 1472 882 1472 892 1472 881 1473 892 1473 891 1473 882 1474 883 1474 893 1474 882 1475 893 1475 892 1475 883 1476 884 1476 894 1476 883 1477 894 1477 893 1477 884 1478 885 1478 895 1478 884 1479 895 1479 894 1479 885 1480 886 1480 896 1480 885 1481 896 1481 895 1481 886 1482 887 1482 897 1482 886 1483 897 1483 896 1483 887 1484 694 1484 695 1484 887 1485 695 1485 897 1485 889 1486 888 1486 898 1486 889 1487 898 1487 899 1487 888 1488 890 1488 900 1488 888 1489 900 1489 898 1489 890 1490 891 1490 901 1490 890 1491 901 1491 900 1491 891 1492 892 1492 902 1492 891 1493 902 1493 901 1493 892 1494 893 1494 903 1494 892 1495 903 1495 902 1495 893 1496 894 1496 904 1496 893 1497 904 1497 903 1497 894 1498 895 1498 905 1498 894 1499 905 1499 904 1499 895 1500 896 1500 906 1500 895 1501 906 1501 905 1501 896 1502 897 1502 907 1502 896 1503 907 1503 906 1503 897 1504 695 1504 696 1504 897 1505 696 1505 907 1505 899 1506 898 1506 719 1506 899 1507 719 1507 718 1507 898 1508 900 1508 730 1508 898 1509 730 1509 719 1509 900 1510 901 1510 741 1510 900 1511 741 1511 730 1511 901 1512 902 1512 752 1512 901 1513 752 1513 741 1513 902 1514 903 1514 763 1514 902 1515 763 1515 752 1515 903 1516 904 1516 774 1516 903 1517 774 1517 763 1517 904 1518 905 1518 785 1518 904 1519 785 1519 774 1519 905 1520 906 1520 796 1520 905 1521 796 1521 785 1521 906 1522 907 1522 807 1522 906 1523 807 1523 796 1523 907 1524 696 1524 697 1524 907 1525 697 1525 807 1525 908 1526 909 1526 910 1526 908 1527 910 1527 911 1527 909 1528 912 1528 913 1528 909 1529 913 1529 910 1529 912 1530 914 1530 915 1530 912 1531 915 1531 913 1531 914 1532 916 1532 917 1532 914 1533 917 1533 915 1533 916 1534 918 1534 919 1534 916 1535 919 1535 917 1535 918 1536 920 1536 921 1536 918 1537 921 1537 919 1537 920 1538 922 1538 923 1538 920 1539 923 1539 921 1539 922 1540 924 1540 925 1540 922 1541 925 1541 923 1541 924 1542 926 1542 927 1542 924 1543 927 1543 925 1543 926 1544 928 1544 929 1544 926 1545 929 1545 927 1545 911 1546 910 1546 930 1546 911 1547 930 1547 931 1547 910 1548 913 1548 932 1548 910 1549 932 1549 930 1549 913 1550 915 1550 933 1550 913 1551 933 1551 932 1551 915 1552 917 1552 934 1552 915 1553 934 1553 933 1553 917 1554 919 1554 935 1554 917 1555 935 1555 934 1555 919 1556 921 1556 936 1556 919 1557 936 1557 935 1557 921 1558 923 1558 937 1558 921 1559 937 1559 936 1559 923 1560 925 1560 938 1560 923 1561 938 1561 937 1561 925 1562 927 1562 939 1562 925 1563 939 1563 938 1563 927 1564 929 1564 940 1564 927 1565 940 1565 939 1565 931 1566 930 1566 941 1566 931 1567 941 1567 942 1567 930 1568 932 1568 943 1568 930 1569 943 1569 941 1569 932 1570 933 1570 944 1570 932 1571 944 1571 943 1571 933 1572 934 1572 945 1572 933 1573 945 1573 944 1573 934 1574 935 1574 946 1574 934 1575 946 1575 945 1575 935 1576 936 1576 947 1576 935 1577 947 1577 946 1577 936 1578 937 1578 948 1578 936 1579 948 1579 947 1579 937 1580 938 1580 949 1580 937 1581 949 1581 948 1581 938 1582 939 1582 950 1582 938 1583 950 1583 949 1583 939 1584 940 1584 951 1584 939 1585 951 1585 950 1585 942 1586 941 1586 952 1586 942 1587 952 1587 953 1587 941 1588 943 1588 954 1588 941 1589 954 1589 952 1589 943 1590 944 1590 955 1590 943 1591 955 1591 954 1591 944 1592 945 1592 956 1592 944 1593 956 1593 955 1593 945 1594 946 1594 957 1594 945 1595 957 1595 956 1595 946 1596 947 1596 958 1596 946 1597 958 1597 957 1597 947 1598 948 1598 959 1598 947 1599 959 1599 958 1599 948 1600 949 1600 960 1600 948 1601 960 1601 959 1601 949 1602 950 1602 961 1602 949 1603 961 1603 960 1603 950 1604 951 1604 962 1604 950 1605 962 1605 961 1605 953 1606 952 1606 963 1606 953 1607 963 1607 964 1607 952 1608 954 1608 965 1608 952 1609 965 1609 963 1609 954 1610 955 1610 966 1610 954 1611 966 1611 965 1611 955 1612 956 1612 967 1612 955 1613 967 1613 966 1613 956 1614 957 1614 968 1614 956 1615 968 1615 967 1615 957 1616 958 1616 969 1616 957 1617 969 1617 968 1617 958 1618 959 1618 970 1618 958 1619 970 1619 969 1619 959 1620 960 1620 971 1620 959 1621 971 1621 970 1621 960 1622 961 1622 972 1622 960 1623 972 1623 971 1623 961 1624 962 1624 973 1624 961 1625 973 1625 972 1625 964 1626 963 1626 974 1626 964 1627 974 1627 975 1627 963 1628 965 1628 976 1628 963 1629 976 1629 974 1629 965 1630 966 1630 977 1630 965 1631 977 1631 976 1631 966 1632 967 1632 978 1632 966 1633 978 1633 977 1633 967 1634 968 1634 979 1634 967 1635 979 1635 978 1635 968 1636 969 1636 980 1636 968 1637 980 1637 979 1637 969 1638 970 1638 981 1638 969 1639 981 1639 980 1639 970 1640 971 1640 982 1640 970 1641 982 1641 981 1641 971 1642 972 1642 983 1642 971 1643 983 1643 982 1643 972 1644 973 1644 984 1644 972 1645 984 1645 983 1645 975 1646 974 1646 985 1646 975 1647 985 1647 986 1647 974 1648 976 1648 987 1648 974 1649 987 1649 985 1649 976 1650 977 1650 988 1650 976 1651 988 1651 987 1651 977 1652 978 1652 989 1652 977 1653 989 1653 988 1653 978 1654 979 1654 990 1654 978 1655 990 1655 989 1655 979 1656 980 1656 991 1656 979 1657 991 1657 990 1657 980 1658 981 1658 992 1658 980 1659 992 1659 991 1659 981 1660 982 1660 993 1660 981 1661 993 1661 992 1661 982 1662 983 1662 994 1662 982 1663 994 1663 993 1663 983 1664 984 1664 995 1664 983 1665 995 1665 994 1665 986 1666 985 1666 996 1666 986 1667 996 1667 997 1667 985 1668 987 1668 998 1668 985 1669 998 1669 996 1669 987 1670 988 1670 999 1670 987 1671 999 1671 998 1671 988 1672 989 1672 1000 1672 988 1673 1000 1673 999 1673 989 1674 990 1674 1001 1674 989 1675 1001 1675 1000 1675 990 1676 991 1676 1002 1676 990 1677 1002 1677 1001 1677 991 1678 992 1678 1003 1678 991 1679 1003 1679 1002 1679 992 1680 993 1680 1004 1680 992 1681 1004 1681 1003 1681 993 1682 994 1682 1005 1682 993 1683 1005 1683 1004 1683 994 1684 995 1684 1006 1684 994 1685 1006 1685 1005 1685 997 1686 996 1686 1007 1686 997 1687 1007 1687 1008 1687 996 1688 998 1688 1009 1688 996 1689 1009 1689 1007 1689 998 1690 999 1690 1010 1690 998 1691 1010 1691 1009 1691 999 1692 1000 1692 1011 1692 999 1693 1011 1693 1010 1693 1000 1694 1001 1694 1012 1694 1000 1695 1012 1695 1011 1695 1001 1696 1002 1696 1013 1696 1001 1697 1013 1697 1012 1697 1002 1698 1003 1698 1014 1698 1002 1699 1014 1699 1013 1699 1003 1700 1004 1700 1015 1700 1003 1701 1015 1701 1014 1701 1004 1702 1005 1702 1016 1702 1004 1703 1016 1703 1015 1703 1005 1704 1006 1704 1017 1704 1005 1705 1017 1705 1016 1705 1008 1706 1007 1706 1018 1706 1008 1707 1018 1707 1019 1707 1007 1708 1009 1708 1020 1708 1007 1709 1020 1709 1018 1709 1009 1710 1010 1710 1021 1710 1009 1711 1021 1711 1020 1711 1010 1712 1011 1712 1022 1712 1010 1713 1022 1713 1021 1713 1011 1714 1012 1714 1023 1714 1011 1715 1023 1715 1022 1715 1012 1716 1013 1716 1024 1716 1012 1717 1024 1717 1023 1717 1013 1718 1014 1718 1025 1718 1013 1719 1025 1719 1024 1719 1014 1720 1015 1720 1026 1720 1014 1721 1026 1721 1025 1721 1015 1722 1016 1722 1027 1722 1015 1723 1027 1723 1026 1723 1016 1724 1017 1724 1028 1724 1016 1725 1028 1725 1027 1725 1029 1726 1030 1726 1031 1726 1029 1727 1031 1727 1032 1727 1030 1728 1033 1728 1034 1728 1030 1729 1034 1729 1031 1729 1033 1730 1035 1730 1036 1730 1033 1731 1036 1731 1034 1731 1035 1732 1037 1732 1038 1732 1035 1733 1038 1733 1036 1733 1037 1734 1039 1734 1040 1734 1037 1735 1040 1735 1038 1735 1039 1736 1041 1736 1042 1736 1039 1737 1042 1737 1040 1737 1041 1738 1043 1738 1044 1738 1041 1739 1044 1739 1042 1739 1043 1740 1045 1740 1046 1740 1043 1741 1046 1741 1044 1741 1045 1742 1047 1742 1048 1742 1045 1743 1048 1743 1046 1743 1047 1744 1049 1744 1050 1744 1047 1745 1050 1745 1048 1745 1032 1746 1031 1746 1051 1746 1032 1747 1051 1747 1052 1747 1031 1748 1034 1748 1053 1748 1031 1749 1053 1749 1051 1749 1034 1750 1036 1750 1054 1750 1034 1751 1054 1751 1053 1751 1036 1752 1038 1752 1055 1752 1036 1753 1055 1753 1054 1753 1038 1754 1040 1754 1056 1754 1038 1755 1056 1755 1055 1755 1040 1756 1042 1756 1057 1756 1040 1757 1057 1757 1056 1757 1042 1758 1044 1758 1058 1758 1042 1759 1058 1759 1057 1759 1044 1760 1046 1760 1059 1760 1044 1761 1059 1761 1058 1761 1046 1762 1048 1762 1060 1762 1046 1763 1060 1763 1059 1763 1048 1764 1050 1764 1061 1764 1048 1765 1061 1765 1060 1765 1052 1766 1051 1766 1062 1766 1052 1767 1062 1767 1063 1767 1051 1768 1053 1768 1064 1768 1051 1769 1064 1769 1062 1769 1053 1770 1054 1770 1065 1770 1053 1771 1065 1771 1064 1771 1054 1772 1055 1772 1066 1772 1054 1773 1066 1773 1065 1773 1055 1774 1056 1774 1067 1774 1055 1775 1067 1775 1066 1775 1056 1776 1057 1776 1068 1776 1056 1777 1068 1777 1067 1777 1057 1778 1058 1778 1069 1778 1057 1779 1069 1779 1068 1779 1058 1780 1059 1780 1070 1780 1058 1781 1070 1781 1069 1781 1059 1782 1060 1782 1071 1782 1059 1783 1071 1783 1070 1783 1060 1784 1061 1784 1072 1784 1060 1785 1072 1785 1071 1785 1063 1786 1062 1786 1073 1786 1063 1787 1073 1787 1074 1787 1062 1788 1064 1788 1075 1788 1062 1789 1075 1789 1073 1789 1064 1790 1065 1790 1076 1790 1064 1791 1076 1791 1075 1791 1065 1792 1066 1792 1077 1792 1065 1793 1077 1793 1076 1793 1066 1794 1067 1794 1078 1794 1066 1795 1078 1795 1077 1795 1067 1796 1068 1796 1079 1796 1067 1797 1079 1797 1078 1797 1068 1798 1069 1798 1080 1798 1068 1799 1080 1799 1079 1799 1069 1800 1070 1800 1081 1800 1069 1801 1081 1801 1080 1801 1070 1802 1071 1802 1082 1802 1070 1803 1082 1803 1081 1803 1071 1804 1072 1804 1083 1804 1071 1805 1083 1805 1082 1805 1074 1806 1073 1806 1084 1806 1074 1807 1084 1807 1085 1807 1073 1808 1075 1808 1086 1808 1073 1809 1086 1809 1084 1809 1075 1810 1076 1810 1087 1810 1075 1811 1087 1811 1086 1811 1076 1812 1077 1812 1088 1812 1076 1813 1088 1813 1087 1813 1077 1814 1078 1814 1089 1814 1077 1815 1089 1815 1088 1815 1078 1816 1079 1816 1090 1816 1078 1817 1090 1817 1089 1817 1079 1818 1080 1818 1091 1818 1079 1819 1091 1819 1090 1819 1080 1820 1081 1820 1092 1820 1080 1821 1092 1821 1091 1821 1081 1822 1082 1822 1093 1822 1081 1823 1093 1823 1092 1823 1082 1824 1083 1824 1094 1824 1082 1825 1094 1825 1093 1825 1085 1826 1084 1826 1095 1826 1085 1827 1095 1827 1096 1827 1084 1828 1086 1828 1097 1828 1084 1829 1097 1829 1095 1829 1086 1830 1087 1830 1098 1830 1086 1831 1098 1831 1097 1831 1087 1832 1088 1832 1099 1832 1087 1833 1099 1833 1098 1833 1088 1834 1089 1834 1100 1834 1088 1835 1100 1835 1099 1835 1089 1836 1090 1836 1101 1836 1089 1837 1101 1837 1100 1837 1090 1838 1091 1838 1102 1838 1090 1839 1102 1839 1101 1839 1091 1840 1092 1840 1103 1840 1091 1841 1103 1841 1102 1841 1092 1842 1093 1842 1104 1842 1092 1843 1104 1843 1103 1843 1093 1844 1094 1844 1105 1844 1093 1845 1105 1845 1104 1845 1096 1846 1095 1846 1106 1846 1096 1847 1106 1847 1107 1847 1095 1848 1097 1848 1108 1848 1095 1849 1108 1849 1106 1849 1097 1850 1098 1850 1109 1850 1097 1851 1109 1851 1108 1851 1098 1852 1099 1852 1110 1852 1098 1853 1110 1853 1109 1853 1099 1854 1100 1854 1111 1854 1099 1855 1111 1855 1110 1855 1100 1856 1101 1856 1112 1856 1100 1857 1112 1857 1111 1857 1101 1858 1102 1858 1113 1858 1101 1859 1113 1859 1112 1859 1102 1860 1103 1860 1114 1860 1102 1861 1114 1861 1113 1861 1103 1862 1104 1862 1115 1862 1103 1863 1115 1863 1114 1863 1104 1864 1105 1864 1116 1864 1104 1865 1116 1865 1115 1865 1107 1866 1106 1866 1117 1866 1107 1867 1117 1867 1118 1867 1106 1868 1108 1868 1119 1868 1106 1869 1119 1869 1117 1869 1108 1870 1109 1870 1120 1870 1108 1871 1120 1871 1119 1871 1109 1872 1110 1872 1121 1872 1109 1873 1121 1873 1120 1873 1110 1874 1111 1874 1122 1874 1110 1875 1122 1875 1121 1875 1111 1876 1112 1876 1123 1876 1111 1877 1123 1877 1122 1877 1112 1878 1113 1878 1124 1878 1112 1879 1124 1879 1123 1879 1113 1880 1114 1880 1125 1880 1113 1881 1125 1881 1124 1881 1114 1882 1115 1882 1126 1882 1114 1883 1126 1883 1125 1883 1115 1884 1116 1884 1127 1884 1115 1885 1127 1885 1126 1885 1118 1886 1117 1886 1128 1886 1118 1887 1128 1887 1129 1887 1117 1888 1119 1888 1130 1888 1117 1889 1130 1889 1128 1889 1119 1890 1120 1890 1131 1890 1119 1891 1131 1891 1130 1891 1120 1892 1121 1892 1132 1892 1120 1893 1132 1893 1131 1893 1121 1894 1122 1894 1133 1894 1121 1895 1133 1895 1132 1895 1122 1896 1123 1896 1134 1896 1122 1897 1134 1897 1133 1897 1123 1898 1124 1898 1135 1898 1123 1899 1135 1899 1134 1899 1124 1900 1125 1900 1136 1900 1124 1901 1136 1901 1135 1901 1125 1902 1126 1902 1137 1902 1125 1903 1137 1903 1136 1903 1126 1904 1127 1904 1138 1904 1126 1905 1138 1905 1137 1905 1129 1906 1128 1906 929 1906 1129 1907 929 1907 928 1907 1128 1908 1130 1908 940 1908 1128 1909 940 1909 929 1909 1130 1910 1131 1910 951 1910 1130 1911 951 1911 940 1911 1131 1912 1132 1912 962 1912 1131 1913 962 1913 951 1913 1132 1914 1133 1914 973 1914 1132 1915 973 1915 962 1915 1133 1916 1134 1916 984 1916 1133 1917 984 1917 973 1917 1134 1918 1135 1918 995 1918 1134 1919 995 1919 984 1919 1135 1920 1136 1920 1006 1920 1135 1921 1006 1921 995 1921 1136 1922 1137 1922 1017 1922 1136 1923 1017 1923 1006 1923 1137 1924 1138 1924 1028 1924 1137 1925 1028 1925 1017 1925 1139 1926 1140 1926 1141 1926 1139 1927 1141 1927 1142 1927 1140 1928 1143 1928 1144 1928 1140 1929 1144 1929 1141 1929 1143 1930 1145 1930 1146 1930 1143 1931 1146 1931 1144 1931 1145 1932 1147 1932 1148 1932 1145 1933 1148 1933 1146 1933 1147 1934 1149 1934 1150 1934 1147 1935 1150 1935 1148 1935 1149 1936 1151 1936 1152 1936 1149 1937 1152 1937 1150 1937 1151 1938 1153 1938 1154 1938 1151 1939 1154 1939 1152 1939 1153 1940 1155 1940 1156 1940 1153 1941 1156 1941 1154 1941 1155 1942 1157 1942 1158 1942 1155 1943 1158 1943 1156 1943 1157 1944 1019 1944 1018 1944 1157 1945 1018 1945 1158 1945 1142 1946 1141 1946 1159 1946 1142 1947 1159 1947 1160 1947 1141 1948 1144 1948 1161 1948 1141 1949 1161 1949 1159 1949 1144 1950 1146 1950 1162 1950 1144 1951 1162 1951 1161 1951 1146 1952 1148 1952 1163 1952 1146 1953 1163 1953 1162 1953 1148 1954 1150 1954 1164 1954 1148 1955 1164 1955 1163 1955 1150 1956 1152 1956 1165 1956 1150 1957 1165 1957 1164 1957 1152 1958 1154 1958 1166 1958 1152 1959 1166 1959 1165 1959 1154 1960 1156 1960 1167 1960 1154 1961 1167 1961 1166 1961 1156 1962 1158 1962 1168 1962 1156 1963 1168 1963 1167 1963 1158 1964 1018 1964 1020 1964 1158 1965 1020 1965 1168 1965 1160 1966 1159 1966 1169 1966 1160 1967 1169 1967 1170 1967 1159 1968 1161 1968 1171 1968 1159 1969 1171 1969 1169 1969 1161 1970 1162 1970 1172 1970 1161 1971 1172 1971 1171 1971 1162 1972 1163 1972 1173 1972 1162 1973 1173 1973 1172 1973 1163 1974 1164 1974 1174 1974 1163 1975 1174 1975 1173 1975 1164 1976 1165 1976 1175 1976 1164 1977 1175 1977 1174 1977 1165 1978 1166 1978 1176 1978 1165 1979 1176 1979 1175 1979 1166 1980 1167 1980 1177 1980 1166 1981 1177 1981 1176 1981 1167 1982 1168 1982 1178 1982 1167 1983 1178 1983 1177 1983 1168 1984 1020 1984 1021 1984 1168 1985 1021 1985 1178 1985 1170 1986 1169 1986 1179 1986 1170 1987 1179 1987 1180 1987 1169 1988 1171 1988 1181 1988 1169 1989 1181 1989 1179 1989 1171 1990 1172 1990 1182 1990 1171 1991 1182 1991 1181 1991 1172 1992 1173 1992 1183 1992 1172 1993 1183 1993 1182 1993 1173 1994 1174 1994 1184 1994 1173 1995 1184 1995 1183 1995 1174 1996 1175 1996 1185 1996 1174 1997 1185 1997 1184 1997 1175 1998 1176 1998 1186 1998 1175 1999 1186 1999 1185 1999 1176 2000 1177 2000 1187 2000 1176 2001 1187 2001 1186 2001 1177 2002 1178 2002 1188 2002 1177 2003 1188 2003 1187 2003 1178 2004 1021 2004 1022 2004 1178 2005 1022 2005 1188 2005 1180 2006 1179 2006 1189 2006 1180 2007 1189 2007 1190 2007 1179 2008 1181 2008 1191 2008 1179 2009 1191 2009 1189 2009 1181 2010 1182 2010 1192 2010 1181 2011 1192 2011 1191 2011 1182 2012 1183 2012 1193 2012 1182 2013 1193 2013 1192 2013 1183 2014 1184 2014 1194 2014 1183 2015 1194 2015 1193 2015 1184 2016 1185 2016 1195 2016 1184 2017 1195 2017 1194 2017 1185 2018 1186 2018 1196 2018 1185 2019 1196 2019 1195 2019 1186 2020 1187 2020 1197 2020 1186 2021 1197 2021 1196 2021 1187 2022 1188 2022 1198 2022 1187 2023 1198 2023 1197 2023 1188 2024 1022 2024 1023 2024 1188 2025 1023 2025 1198 2025 1190 2026 1189 2026 1199 2026 1190 2027 1199 2027 1200 2027 1189 2028 1191 2028 1201 2028 1189 2029 1201 2029 1199 2029 1191 2030 1192 2030 1202 2030 1191 2031 1202 2031 1201 2031 1192 2032 1193 2032 1203 2032 1192 2033 1203 2033 1202 2033 1193 2034 1194 2034 1204 2034 1193 2035 1204 2035 1203 2035 1194 2036 1195 2036 1205 2036 1194 2037 1205 2037 1204 2037 1195 2038 1196 2038 1206 2038 1195 2039 1206 2039 1205 2039 1196 2040 1197 2040 1207 2040 1196 2041 1207 2041 1206 2041 1197 2042 1198 2042 1208 2042 1197 2043 1208 2043 1207 2043 1198 2044 1023 2044 1024 2044 1198 2045 1024 2045 1208 2045 1200 2046 1199 2046 1209 2046 1200 2047 1209 2047 1210 2047 1199 2048 1201 2048 1211 2048 1199 2049 1211 2049 1209 2049 1201 2050 1202 2050 1212 2050 1201 2051 1212 2051 1211 2051 1202 2052 1203 2052 1213 2052 1202 2053 1213 2053 1212 2053 1203 2054 1204 2054 1214 2054 1203 2055 1214 2055 1213 2055 1204 2056 1205 2056 1215 2056 1204 2057 1215 2057 1214 2057 1205 2058 1206 2058 1216 2058 1205 2059 1216 2059 1215 2059 1206 2060 1207 2060 1217 2060 1206 2061 1217 2061 1216 2061 1207 2062 1208 2062 1218 2062 1207 2063 1218 2063 1217 2063 1208 2064 1024 2064 1025 2064 1208 2065 1025 2065 1218 2065 1210 2066 1209 2066 1219 2066 1210 2067 1219 2067 1220 2067 1209 2068 1211 2068 1221 2068 1209 2069 1221 2069 1219 2069 1211 2070 1212 2070 1222 2070 1211 2071 1222 2071 1221 2071 1212 2072 1213 2072 1223 2072 1212 2073 1223 2073 1222 2073 1213 2074 1214 2074 1224 2074 1213 2075 1224 2075 1223 2075 1214 2076 1215 2076 1225 2076 1214 2077 1225 2077 1224 2077 1215 2078 1216 2078 1226 2078 1215 2079 1226 2079 1225 2079 1216 2080 1217 2080 1227 2080 1216 2081 1227 2081 1226 2081 1217 2082 1218 2082 1228 2082 1217 2083 1228 2083 1227 2083 1218 2084 1025 2084 1026 2084 1218 2085 1026 2085 1228 2085 1220 2086 1219 2086 1229 2086 1220 2087 1229 2087 1230 2087 1219 2088 1221 2088 1231 2088 1219 2089 1231 2089 1229 2089 1221 2090 1222 2090 1232 2090 1221 2091 1232 2091 1231 2091 1222 2092 1223 2092 1233 2092 1222 2093 1233 2093 1232 2093 1223 2094 1224 2094 1234 2094 1223 2095 1234 2095 1233 2095 1224 2096 1225 2096 1235 2096 1224 2097 1235 2097 1234 2097 1225 2098 1226 2098 1236 2098 1225 2099 1236 2099 1235 2099 1226 2100 1227 2100 1237 2100 1226 2101 1237 2101 1236 2101 1227 2102 1228 2102 1238 2102 1227 2103 1238 2103 1237 2103 1228 2104 1026 2104 1027 2104 1228 2105 1027 2105 1238 2105 1230 2106 1229 2106 1050 2106 1230 2107 1050 2107 1049 2107 1229 2108 1231 2108 1061 2108 1229 2109 1061 2109 1050 2109 1231 2110 1232 2110 1072 2110 1231 2111 1072 2111 1061 2111 1232 2112 1233 2112 1083 2112 1232 2113 1083 2113 1072 2113 1233 2114 1234 2114 1094 2114 1233 2115 1094 2115 1083 2115 1234 2116 1235 2116 1105 2116 1234 2117 1105 2117 1094 2117 1235 2118 1236 2118 1116 2118 1235 2119 1116 2119 1105 2119 1236 2120 1237 2120 1127 2120 1236 2121 1127 2121 1116 2121 1237 2122 1238 2122 1138 2122 1237 2123 1138 2123 1127 2123 1238 2124 1027 2124 1028 2124 1238 2125 1028 2125 1138 2125 1239 2126 1240 2126 1241 2126 1239 2127 1241 2127 1242 2127 1240 2128 1243 2128 1244 2128 1240 2129 1244 2129 1241 2129 1243 2130 1245 2130 1246 2130 1243 2131 1246 2131 1244 2131 1245 2132 1247 2132 1248 2132 1245 2133 1248 2133 1246 2133 1247 2134 1249 2134 1250 2134 1247 2135 1250 2135 1248 2135 1249 2136 1251 2136 1252 2136 1249 2137 1252 2137 1250 2137 1251 2138 1253 2138 1254 2138 1251 2139 1254 2139 1252 2139 1253 2140 1255 2140 1256 2140 1253 2141 1256 2141 1254 2141 1255 2142 1257 2142 1258 2142 1255 2143 1258 2143 1256 2143 1257 2144 1259 2144 1260 2144 1257 2145 1260 2145 1258 2145 1242 2146 1241 2146 1261 2146 1242 2147 1261 2147 1262 2147 1241 2148 1244 2148 1263 2148 1241 2149 1263 2149 1261 2149 1244 2150 1246 2150 1264 2150 1244 2151 1264 2151 1263 2151 1246 2152 1248 2152 1265 2152 1246 2153 1265 2153 1264 2153 1248 2154 1250 2154 1266 2154 1248 2155 1266 2155 1265 2155 1250 2156 1252 2156 1267 2156 1250 2157 1267 2157 1266 2157 1252 2158 1254 2158 1268 2158 1252 2159 1268 2159 1267 2159 1254 2160 1256 2160 1269 2160 1254 2161 1269 2161 1268 2161 1256 2162 1258 2162 1270 2162 1256 2163 1270 2163 1269 2163 1258 2164 1260 2164 1271 2164 1258 2165 1271 2165 1270 2165 1262 2166 1261 2166 1272 2166 1262 2167 1272 2167 1273 2167 1261 2168 1263 2168 1274 2168 1261 2169 1274 2169 1272 2169 1263 2170 1264 2170 1275 2170 1263 2171 1275 2171 1274 2171 1264 2172 1265 2172 1276 2172 1264 2173 1276 2173 1275 2173 1265 2174 1266 2174 1277 2174 1265 2175 1277 2175 1276 2175 1266 2176 1267 2176 1278 2176 1266 2177 1278 2177 1277 2177 1267 2178 1268 2178 1279 2178 1267 2179 1279 2179 1278 2179 1268 2180 1269 2180 1280 2180 1268 2181 1280 2181 1279 2181 1269 2182 1270 2182 1281 2182 1269 2183 1281 2183 1280 2183 1270 2184 1271 2184 1282 2184 1270 2185 1282 2185 1281 2185 1273 2186 1272 2186 1283 2186 1273 2187 1283 2187 1284 2187 1272 2188 1274 2188 1285 2188 1272 2189 1285 2189 1283 2189 1274 2190 1275 2190 1286 2190 1274 2191 1286 2191 1285 2191 1275 2192 1276 2192 1287 2192 1275 2193 1287 2193 1286 2193 1276 2194 1277 2194 1288 2194 1276 2195 1288 2195 1287 2195 1277 2196 1278 2196 1289 2196 1277 2197 1289 2197 1288 2197 1278 2198 1279 2198 1290 2198 1278 2199 1290 2199 1289 2199 1279 2200 1280 2200 1291 2200 1279 2201 1291 2201 1290 2201 1280 2202 1281 2202 1292 2202 1280 2203 1292 2203 1291 2203 1281 2204 1282 2204 1293 2204 1281 2205 1293 2205 1292 2205 1284 2206 1283 2206 1294 2206 1284 2207 1294 2207 1295 2207 1283 2208 1285 2208 1296 2208 1283 2209 1296 2209 1294 2209 1285 2210 1286 2210 1297 2210 1285 2211 1297 2211 1296 2211 1286 2212 1287 2212 1298 2212 1286 2213 1298 2213 1297 2213 1287 2214 1288 2214 1299 2214 1287 2215 1299 2215 1298 2215 1288 2216 1289 2216 1300 2216 1288 2217 1300 2217 1299 2217 1289 2218 1290 2218 1301 2218 1289 2219 1301 2219 1300 2219 1290 2220 1291 2220 1302 2220 1290 2221 1302 2221 1301 2221 1291 2222 1292 2222 1303 2222 1291 2223 1303 2223 1302 2223 1292 2224 1293 2224 1304 2224 1292 2225 1304 2225 1303 2225 1295 2226 1294 2226 1305 2226 1295 2227 1305 2227 1306 2227 1294 2228 1296 2228 1307 2228 1294 2229 1307 2229 1305 2229 1296 2230 1297 2230 1308 2230 1296 2231 1308 2231 1307 2231 1297 2232 1298 2232 1309 2232 1297 2233 1309 2233 1308 2233 1298 2234 1299 2234 1310 2234 1298 2235 1310 2235 1309 2235 1299 2236 1300 2236 1311 2236 1299 2237 1311 2237 1310 2237 1300 2238 1301 2238 1312 2238 1300 2239 1312 2239 1311 2239 1301 2240 1302 2240 1313 2240 1301 2241 1313 2241 1312 2241 1302 2242 1303 2242 1314 2242 1302 2243 1314 2243 1313 2243 1303 2244 1304 2244 1315 2244 1303 2245 1315 2245 1314 2245 1306 2246 1305 2246 1316 2246 1306 2247 1316 2247 1317 2247 1305 2248 1307 2248 1318 2248 1305 2249 1318 2249 1316 2249 1307 2250 1308 2250 1319 2250 1307 2251 1319 2251 1318 2251 1308 2252 1309 2252 1320 2252 1308 2253 1320 2253 1319 2253 1309 2254 1310 2254 1321 2254 1309 2255 1321 2255 1320 2255 1310 2256 1311 2256 1322 2256 1310 2257 1322 2257 1321 2257 1311 2258 1312 2258 1323 2258 1311 2259 1323 2259 1322 2259 1312 2260 1313 2260 1324 2260 1312 2261 1324 2261 1323 2261 1313 2262 1314 2262 1325 2262 1313 2263 1325 2263 1324 2263 1314 2264 1315 2264 1326 2264 1314 2265 1326 2265 1325 2265 1317 2266 1316 2266 1327 2266 1317 2267 1327 2267 1328 2267 1316 2268 1318 2268 1329 2268 1316 2269 1329 2269 1327 2269 1318 2270 1319 2270 1330 2270 1318 2271 1330 2271 1329 2271 1319 2272 1320 2272 1331 2272 1319 2273 1331 2273 1330 2273 1320 2274 1321 2274 1332 2274 1320 2275 1332 2275 1331 2275 1321 2276 1322 2276 1333 2276 1321 2277 1333 2277 1332 2277 1322 2278 1323 2278 1334 2278 1322 2279 1334 2279 1333 2279 1323 2280 1324 2280 1335 2280 1323 2281 1335 2281 1334 2281 1324 2282 1325 2282 1336 2282 1324 2283 1336 2283 1335 2283 1325 2284 1326 2284 1337 2284 1325 2285 1337 2285 1336 2285 1328 2286 1327 2286 1338 2286 1328 2287 1338 2287 1339 2287 1327 2288 1329 2288 1340 2288 1327 2289 1340 2289 1338 2289 1329 2290 1330 2290 1341 2290 1329 2291 1341 2291 1340 2291 1330 2292 1331 2292 1342 2292 1330 2293 1342 2293 1341 2293 1331 2294 1332 2294 1343 2294 1331 2295 1343 2295 1342 2295 1332 2296 1333 2296 1344 2296 1332 2297 1344 2297 1343 2297 1333 2298 1334 2298 1345 2298 1333 2299 1345 2299 1344 2299 1334 2300 1335 2300 1346 2300 1334 2301 1346 2301 1345 2301 1335 2302 1336 2302 1347 2302 1335 2303 1347 2303 1346 2303 1336 2304 1337 2304 1348 2304 1336 2305 1348 2305 1347 2305 1339 2306 1338 2306 1349 2306 1339 2307 1349 2307 1350 2307 1338 2308 1340 2308 1351 2308 1338 2309 1351 2309 1349 2309 1340 2310 1341 2310 1352 2310 1340 2311 1352 2311 1351 2311 1341 2312 1342 2312 1353 2312 1341 2313 1353 2313 1352 2313 1342 2314 1343 2314 1354 2314 1342 2315 1354 2315 1353 2315 1343 2316 1344 2316 1355 2316 1343 2317 1355 2317 1354 2317 1344 2318 1345 2318 1356 2318 1344 2319 1356 2319 1355 2319 1345 2320 1346 2320 1357 2320 1345 2321 1357 2321 1356 2321 1346 2322 1347 2322 1358 2322 1346 2323 1358 2323 1357 2323 1347 2324 1348 2324 1359 2324 1347 2325 1359 2325 1358 2325 1360 2326 1361 2326 1362 2326 1360 2327 1362 2327 1363 2327 1361 2328 1364 2328 1365 2328 1361 2329 1365 2329 1362 2329 1364 2330 1366 2330 1367 2330 1364 2331 1367 2331 1365 2331 1366 2332 1368 2332 1369 2332 1366 2333 1369 2333 1367 2333 1368 2334 1370 2334 1371 2334 1368 2335 1371 2335 1369 2335 1370 2336 1372 2336 1373 2336 1370 2337 1373 2337 1371 2337 1372 2338 1374 2338 1375 2338 1372 2339 1375 2339 1373 2339 1374 2340 1376 2340 1377 2340 1374 2341 1377 2341 1375 2341 1376 2342 1378 2342 1379 2342 1376 2343 1379 2343 1377 2343 1378 2344 1380 2344 1381 2344 1378 2345 1381 2345 1379 2345 1363 2346 1362 2346 1382 2346 1363 2347 1382 2347 1383 2347 1362 2348 1365 2348 1384 2348 1362 2349 1384 2349 1382 2349 1365 2350 1367 2350 1385 2350 1365 2351 1385 2351 1384 2351 1367 2352 1369 2352 1386 2352 1367 2353 1386 2353 1385 2353 1369 2354 1371 2354 1387 2354 1369 2355 1387 2355 1386 2355 1371 2356 1373 2356 1388 2356 1371 2357 1388 2357 1387 2357 1373 2358 1375 2358 1389 2358 1373 2359 1389 2359 1388 2359 1375 2360 1377 2360 1390 2360 1375 2361 1390 2361 1389 2361 1377 2362 1379 2362 1391 2362 1377 2363 1391 2363 1390 2363 1379 2364 1381 2364 1392 2364 1379 2365 1392 2365 1391 2365 1383 2366 1382 2366 1393 2366 1383 2367 1393 2367 1394 2367 1382 2368 1384 2368 1395 2368 1382 2369 1395 2369 1393 2369 1384 2370 1385 2370 1396 2370 1384 2371 1396 2371 1395 2371 1385 2372 1386 2372 1397 2372 1385 2373 1397 2373 1396 2373 1386 2374 1387 2374 1398 2374 1386 2375 1398 2375 1397 2375 1387 2376 1388 2376 1399 2376 1387 2377 1399 2377 1398 2377 1388 2378 1389 2378 1400 2378 1388 2379 1400 2379 1399 2379 1389 2380 1390 2380 1401 2380 1389 2381 1401 2381 1400 2381 1390 2382 1391 2382 1402 2382 1390 2383 1402 2383 1401 2383 1391 2384 1392 2384 1403 2384 1391 2385 1403 2385 1402 2385 1394 2386 1393 2386 1404 2386 1394 2387 1404 2387 1405 2387 1393 2388 1395 2388 1406 2388 1393 2389 1406 2389 1404 2389 1395 2390 1396 2390 1407 2390 1395 2391 1407 2391 1406 2391 1396 2392 1397 2392 1408 2392 1396 2393 1408 2393 1407 2393 1397 2394 1398 2394 1409 2394 1397 2395 1409 2395 1408 2395 1398 2396 1399 2396 1410 2396 1398 2397 1410 2397 1409 2397 1399 2398 1400 2398 1411 2398 1399 2399 1411 2399 1410 2399 1400 2400 1401 2400 1412 2400 1400 2401 1412 2401 1411 2401 1401 2402 1402 2402 1413 2402 1401 2403 1413 2403 1412 2403 1402 2404 1403 2404 1414 2404 1402 2405 1414 2405 1413 2405 1405 2406 1404 2406 1415 2406 1405 2407 1415 2407 1416 2407 1404 2408 1406 2408 1417 2408 1404 2409 1417 2409 1415 2409 1406 2410 1407 2410 1418 2410 1406 2411 1418 2411 1417 2411 1407 2412 1408 2412 1419 2412 1407 2413 1419 2413 1418 2413 1408 2414 1409 2414 1420 2414 1408 2415 1420 2415 1419 2415 1409 2416 1410 2416 1421 2416 1409 2417 1421 2417 1420 2417 1410 2418 1411 2418 1422 2418 1410 2419 1422 2419 1421 2419 1411 2420 1412 2420 1423 2420 1411 2421 1423 2421 1422 2421 1412 2422 1413 2422 1424 2422 1412 2423 1424 2423 1423 2423 1413 2424 1414 2424 1425 2424 1413 2425 1425 2425 1424 2425 1416 2426 1415 2426 1426 2426 1416 2427 1426 2427 1427 2427 1415 2428 1417 2428 1428 2428 1415 2429 1428 2429 1426 2429 1417 2430 1418 2430 1429 2430 1417 2431 1429 2431 1428 2431 1418 2432 1419 2432 1430 2432 1418 2433 1430 2433 1429 2433 1419 2434 1420 2434 1431 2434 1419 2435 1431 2435 1430 2435 1420 2436 1421 2436 1432 2436 1420 2437 1432 2437 1431 2437 1421 2438 1422 2438 1433 2438 1421 2439 1433 2439 1432 2439 1422 2440 1423 2440 1434 2440 1422 2441 1434 2441 1433 2441 1423 2442 1424 2442 1435 2442 1423 2443 1435 2443 1434 2443 1424 2444 1425 2444 1436 2444 1424 2445 1436 2445 1435 2445 1427 2446 1426 2446 1437 2446 1427 2447 1437 2447 1438 2447 1426 2448 1428 2448 1439 2448 1426 2449 1439 2449 1437 2449 1428 2450 1429 2450 1440 2450 1428 2451 1440 2451 1439 2451 1429 2452 1430 2452 1441 2452 1429 2453 1441 2453 1440 2453 1430 2454 1431 2454 1442 2454 1430 2455 1442 2455 1441 2455 1431 2456 1432 2456 1443 2456 1431 2457 1443 2457 1442 2457 1432 2458 1433 2458 1444 2458 1432 2459 1444 2459 1443 2459 1433 2460 1434 2460 1445 2460 1433 2461 1445 2461 1444 2461 1434 2462 1435 2462 1446 2462 1434 2463 1446 2463 1445 2463 1435 2464 1436 2464 1447 2464 1435 2465 1447 2465 1446 2465 1438 2466 1437 2466 1448 2466 1438 2467 1448 2467 1449 2467 1437 2468 1439 2468 1450 2468 1437 2469 1450 2469 1448 2469 1439 2470 1440 2470 1451 2470 1439 2471 1451 2471 1450 2471 1440 2472 1441 2472 1452 2472 1440 2473 1452 2473 1451 2473 1441 2474 1442 2474 1453 2474 1441 2475 1453 2475 1452 2475 1442 2476 1443 2476 1454 2476 1442 2477 1454 2477 1453 2477 1443 2478 1444 2478 1455 2478 1443 2479 1455 2479 1454 2479 1444 2480 1445 2480 1456 2480 1444 2481 1456 2481 1455 2481 1445 2482 1446 2482 1457 2482 1445 2483 1457 2483 1456 2483 1446 2484 1447 2484 1458 2484 1446 2485 1458 2485 1457 2485 1449 2486 1448 2486 1459 2486 1449 2487 1459 2487 1460 2487 1448 2488 1450 2488 1461 2488 1448 2489 1461 2489 1459 2489 1450 2490 1451 2490 1462 2490 1450 2491 1462 2491 1461 2491 1451 2492 1452 2492 1463 2492 1451 2493 1463 2493 1462 2493 1452 2494 1453 2494 1464 2494 1452 2495 1464 2495 1463 2495 1453 2496 1454 2496 1465 2496 1453 2497 1465 2497 1464 2497 1454 2498 1455 2498 1466 2498 1454 2499 1466 2499 1465 2499 1455 2500 1456 2500 1467 2500 1455 2501 1467 2501 1466 2501 1456 2502 1457 2502 1468 2502 1456 2503 1468 2503 1467 2503 1457 2504 1458 2504 1469 2504 1457 2505 1469 2505 1468 2505 1460 2506 1459 2506 1260 2506 1460 2507 1260 2507 1259 2507 1459 2508 1461 2508 1271 2508 1459 2509 1271 2509 1260 2509 1461 2510 1462 2510 1282 2510 1461 2511 1282 2511 1271 2511 1462 2512 1463 2512 1293 2512 1462 2513 1293 2513 1282 2513 1463 2514 1464 2514 1304 2514 1463 2515 1304 2515 1293 2515 1464 2516 1465 2516 1315 2516 1464 2517 1315 2517 1304 2517 1465 2518 1466 2518 1326 2518 1465 2519 1326 2519 1315 2519 1466 2520 1467 2520 1337 2520 1466 2521 1337 2521 1326 2521 1467 2522 1468 2522 1348 2522 1467 2523 1348 2523 1337 2523 1468 2524 1469 2524 1359 2524 1468 2525 1359 2525 1348 2525 1470 2526 1471 2526 1472 2526 1470 2527 1472 2527 1473 2527 1471 2528 1474 2528 1475 2528 1471 2529 1475 2529 1472 2529 1474 2530 1476 2530 1477 2530 1474 2531 1477 2531 1475 2531 1476 2532 1478 2532 1479 2532 1476 2533 1479 2533 1477 2533 1478 2534 1480 2534 1481 2534 1478 2535 1481 2535 1479 2535 1480 2536 1482 2536 1483 2536 1480 2537 1483 2537 1481 2537 1482 2538 1484 2538 1485 2538 1482 2539 1485 2539 1483 2539 1484 2540 1486 2540 1487 2540 1484 2541 1487 2541 1485 2541 1486 2542 1488 2542 1489 2542 1486 2543 1489 2543 1487 2543 1488 2544 1350 2544 1349 2544 1488 2545 1349 2545 1489 2545 1473 2546 1472 2546 1490 2546 1473 2547 1490 2547 1491 2547 1472 2548 1475 2548 1492 2548 1472 2549 1492 2549 1490 2549 1475 2550 1477 2550 1493 2550 1475 2551 1493 2551 1492 2551 1477 2552 1479 2552 1494 2552 1477 2553 1494 2553 1493 2553 1479 2554 1481 2554 1495 2554 1479 2555 1495 2555 1494 2555 1481 2556 1483 2556 1496 2556 1481 2557 1496 2557 1495 2557 1483 2558 1485 2558 1497 2558 1483 2559 1497 2559 1496 2559 1485 2560 1487 2560 1498 2560 1485 2561 1498 2561 1497 2561 1487 2562 1489 2562 1499 2562 1487 2563 1499 2563 1498 2563 1489 2564 1349 2564 1351 2564 1489 2565 1351 2565 1499 2565 1491 2566 1490 2566 1500 2566 1491 2567 1500 2567 1501 2567 1490 2568 1492 2568 1502 2568 1490 2569 1502 2569 1500 2569 1492 2570 1493 2570 1503 2570 1492 2571 1503 2571 1502 2571 1493 2572 1494 2572 1504 2572 1493 2573 1504 2573 1503 2573 1494 2574 1495 2574 1505 2574 1494 2575 1505 2575 1504 2575 1495 2576 1496 2576 1506 2576 1495 2577 1506 2577 1505 2577 1496 2578 1497 2578 1507 2578 1496 2579 1507 2579 1506 2579 1497 2580 1498 2580 1508 2580 1497 2581 1508 2581 1507 2581 1498 2582 1499 2582 1509 2582 1498 2583 1509 2583 1508 2583 1499 2584 1351 2584 1352 2584 1499 2585 1352 2585 1509 2585 1501 2586 1500 2586 1510 2586 1501 2587 1510 2587 1511 2587 1500 2588 1502 2588 1512 2588 1500 2589 1512 2589 1510 2589 1502 2590 1503 2590 1513 2590 1502 2591 1513 2591 1512 2591 1503 2592 1504 2592 1514 2592 1503 2593 1514 2593 1513 2593 1504 2594 1505 2594 1515 2594 1504 2595 1515 2595 1514 2595 1505 2596 1506 2596 1516 2596 1505 2597 1516 2597 1515 2597 1506 2598 1507 2598 1517 2598 1506 2599 1517 2599 1516 2599 1507 2600 1508 2600 1518 2600 1507 2601 1518 2601 1517 2601 1508 2602 1509 2602 1519 2602 1508 2603 1519 2603 1518 2603 1509 2604 1352 2604 1353 2604 1509 2605 1353 2605 1519 2605 1511 2606 1510 2606 1520 2606 1511 2607 1520 2607 1521 2607 1510 2608 1512 2608 1522 2608 1510 2609 1522 2609 1520 2609 1512 2610 1513 2610 1523 2610 1512 2611 1523 2611 1522 2611 1513 2612 1514 2612 1524 2612 1513 2613 1524 2613 1523 2613 1514 2614 1515 2614 1525 2614 1514 2615 1525 2615 1524 2615 1515 2616 1516 2616 1526 2616 1515 2617 1526 2617 1525 2617 1516 2618 1517 2618 1527 2618 1516 2619 1527 2619 1526 2619 1517 2620 1518 2620 1528 2620 1517 2621 1528 2621 1527 2621 1518 2622 1519 2622 1529 2622 1518 2623 1529 2623 1528 2623 1519 2624 1353 2624 1354 2624 1519 2625 1354 2625 1529 2625 1521 2626 1520 2626 1530 2626 1521 2627 1530 2627 1531 2627 1520 2628 1522 2628 1532 2628 1520 2629 1532 2629 1530 2629 1522 2630 1523 2630 1533 2630 1522 2631 1533 2631 1532 2631 1523 2632 1524 2632 1534 2632 1523 2633 1534 2633 1533 2633 1524 2634 1525 2634 1535 2634 1524 2635 1535 2635 1534 2635 1525 2636 1526 2636 1536 2636 1525 2637 1536 2637 1535 2637 1526 2638 1527 2638 1537 2638 1526 2639 1537 2639 1536 2639 1527 2640 1528 2640 1538 2640 1527 2641 1538 2641 1537 2641 1528 2642 1529 2642 1539 2642 1528 2643 1539 2643 1538 2643 1529 2644 1354 2644 1355 2644 1529 2645 1355 2645 1539 2645 1531 2646 1530 2646 1540 2646 1531 2647 1540 2647 1541 2647 1530 2648 1532 2648 1542 2648 1530 2649 1542 2649 1540 2649 1532 2650 1533 2650 1543 2650 1532 2651 1543 2651 1542 2651 1533 2652 1534 2652 1544 2652 1533 2653 1544 2653 1543 2653 1534 2654 1535 2654 1545 2654 1534 2655 1545 2655 1544 2655 1535 2656 1536 2656 1546 2656 1535 2657 1546 2657 1545 2657 1536 2658 1537 2658 1547 2658 1536 2659 1547 2659 1546 2659 1537 2660 1538 2660 1548 2660 1537 2661 1548 2661 1547 2661 1538 2662 1539 2662 1549 2662 1538 2663 1549 2663 1548 2663 1539 2664 1355 2664 1356 2664 1539 2665 1356 2665 1549 2665 1541 2666 1540 2666 1550 2666 1541 2667 1550 2667 1551 2667 1540 2668 1542 2668 1552 2668 1540 2669 1552 2669 1550 2669 1542 2670 1543 2670 1553 2670 1542 2671 1553 2671 1552 2671 1543 2672 1544 2672 1554 2672 1543 2673 1554 2673 1553 2673 1544 2674 1545 2674 1555 2674 1544 2675 1555 2675 1554 2675 1545 2676 1546 2676 1556 2676 1545 2677 1556 2677 1555 2677 1546 2678 1547 2678 1557 2678 1546 2679 1557 2679 1556 2679 1547 2680 1548 2680 1558 2680 1547 2681 1558 2681 1557 2681 1548 2682 1549 2682 1559 2682 1548 2683 1559 2683 1558 2683 1549 2684 1356 2684 1357 2684 1549 2685 1357 2685 1559 2685 1551 2686 1550 2686 1560 2686 1551 2687 1560 2687 1561 2687 1550 2688 1552 2688 1562 2688 1550 2689 1562 2689 1560 2689 1552 2690 1553 2690 1563 2690 1552 2691 1563 2691 1562 2691 1553 2692 1554 2692 1564 2692 1553 2693 1564 2693 1563 2693 1554 2694 1555 2694 1565 2694 1554 2695 1565 2695 1564 2695 1555 2696 1556 2696 1566 2696 1555 2697 1566 2697 1565 2697 1556 2698 1557 2698 1567 2698 1556 2699 1567 2699 1566 2699 1557 2700 1558 2700 1568 2700 1557 2701 1568 2701 1567 2701 1558 2702 1559 2702 1569 2702 1558 2703 1569 2703 1568 2703 1559 2704 1357 2704 1358 2704 1559 2705 1358 2705 1569 2705 1561 2706 1560 2706 1381 2706 1561 2707 1381 2707 1380 2707 1560 2708 1562 2708 1392 2708 1560 2709 1392 2709 1381 2709 1562 2710 1563 2710 1403 2710 1562 2711 1403 2711 1392 2711 1563 2712 1564 2712 1414 2712 1563 2713 1414 2713 1403 2713 1564 2714 1565 2714 1425 2714 1564 2715 1425 2715 1414 2715 1565 2716 1566 2716 1436 2716 1565 2717 1436 2717 1425 2717 1566 2718 1567 2718 1447 2718 1566 2719 1447 2719 1436 2719 1567 2720 1568 2720 1458 2720 1567 2721 1458 2721 1447 2721 1568 2722 1569 2722 1469 2722 1568 2723 1469 2723 1458 2723 1569 2724 1358 2724 1359 2724 1569 2725 1359 2725 1469 2725 246 2726 1570 2726 1571 2726 246 2727 1571 2727 247 2727 247 2728 1571 2728 1572 2728 247 2729 1572 2729 250 2729 250 2730 1572 2730 1573 2730 250 2731 1573 2731 252 2731 252 2732 1573 2732 1574 2732 252 2733 1574 2733 254 2733 254 2734 1574 2734 1575 2734 254 2735 1575 2735 256 2735 256 2736 1575 2736 1576 2736 256 2737 1576 2737 258 2737 258 2738 1576 2738 1577 2738 258 2739 1577 2739 260 2739 260 2740 1577 2740 1578 2740 260 2741 1578 2741 262 2741 262 2742 1578 2742 1579 2742 262 2743 1579 2743 264 2743 264 2744 1579 2744 1580 2744 264 2745 1580 2745 266 2745 266 2746 1580 2746 1581 2746 266 2747 1581 2747 467 2747 467 2748 1581 2748 1582 2748 467 2749 1582 2749 456 2749 456 2750 1582 2750 1583 2750 456 2751 1583 2751 445 2751 445 2752 1583 2752 1584 2752 445 2753 1584 2753 434 2753 434 2754 1584 2754 1585 2754 434 2755 1585 2755 423 2755 423 2756 1585 2756 1586 2756 423 2757 1586 2757 412 2757 412 2758 1586 2758 1587 2758 412 2759 1587 2759 401 2759 401 2760 1587 2760 1588 2760 401 2761 1588 2761 390 2761 390 2762 1588 2762 1589 2762 390 2763 1589 2763 370 2763 370 2764 1589 2764 1590 2764 370 2765 1590 2765 367 2765 1591 2766 577 2766 580 2766 1591 2767 580 2767 1592 2767 1592 2768 580 2768 600 2768 1592 2769 600 2769 1593 2769 1593 2770 600 2770 611 2770 1593 2771 611 2771 1594 2771 1594 2772 611 2772 622 2772 1594 2773 622 2773 1595 2773 1595 2774 622 2774 633 2774 1595 2775 633 2775 1596 2775 1596 2776 633 2776 644 2776 1596 2777 644 2777 1597 2777 1597 2778 644 2778 655 2778 1597 2779 655 2779 1598 2779 1598 2780 655 2780 666 2780 1598 2781 666 2781 1599 2781 1599 2782 666 2782 677 2782 1599 2783 677 2783 1600 2783 1600 2784 677 2784 688 2784 1600 2785 688 2785 1601 2785 1601 2786 688 2786 826 2786 1601 2787 826 2787 1602 2787 1602 2788 826 2788 824 2788 1602 2789 824 2789 1603 2789 1603 2790 824 2790 822 2790 1603 2791 822 2791 1604 2791 1604 2792 822 2792 820 2792 1604 2793 820 2793 1605 2793 1605 2794 820 2794 818 2794 1605 2795 818 2795 1606 2795 1606 2796 818 2796 816 2796 1606 2797 816 2797 1607 2797 1607 2798 816 2798 814 2798 1607 2799 814 2799 1608 2799 1608 2800 814 2800 812 2800 1608 2801 812 2801 1609 2801 1609 2802 812 2802 809 2802 1609 2803 809 2803 1610 2803 1610 2804 809 2804 808 2804 1610 2805 808 2805 1611 2805 698 2806 477 2806 480 2806 698 2807 480 2807 699 2807 699 2808 480 2808 498 2808 699 2809 498 2809 702 2809 702 2810 498 2810 508 2810 702 2811 508 2811 704 2811 704 2812 508 2812 518 2812 704 2813 518 2813 706 2813 706 2814 518 2814 528 2814 706 2815 528 2815 708 2815 708 2816 528 2816 538 2816 708 2817 538 2817 710 2817 710 2818 538 2818 548 2818 710 2819 548 2819 712 2819 712 2820 548 2820 558 2820 712 2821 558 2821 714 2821 714 2822 558 2822 568 2822 714 2823 568 2823 716 2823 716 2824 568 2824 387 2824 716 2825 387 2825 718 2825 718 2826 387 2826 385 2826 718 2827 385 2827 899 2827 899 2828 385 2828 383 2828 899 2829 383 2829 889 2829 889 2830 383 2830 381 2830 889 2831 381 2831 879 2831 879 2832 381 2832 379 2832 879 2833 379 2833 869 2833 869 2834 379 2834 377 2834 869 2835 377 2835 859 2835 859 2836 377 2836 375 2836 859 2837 375 2837 849 2837 849 2838 375 2838 373 2838 849 2839 373 2839 839 2839 839 2840 373 2840 371 2840 839 2841 371 2841 829 2841 829 2842 371 2842 368 2842 829 2843 368 2843 811 2843 811 2844 368 2844 367 2844 811 2845 367 2845 808 2845 908 2846 246 2846 249 2846 908 2847 249 2847 909 2847 909 2848 249 2848 269 2848 909 2849 269 2849 912 2849 912 2850 269 2850 280 2850 912 2851 280 2851 914 2851 914 2852 280 2852 291 2852 914 2853 291 2853 916 2853 916 2854 291 2854 302 2854 916 2855 302 2855 918 2855 918 2856 302 2856 313 2856 918 2857 313 2857 920 2857 920 2858 313 2858 324 2858 920 2859 324 2859 922 2859 922 2860 324 2860 335 2860 922 2861 335 2861 924 2861 924 2862 335 2862 346 2862 924 2863 346 2863 926 2863 926 2864 346 2864 357 2864 926 2865 357 2865 928 2865 928 2866 357 2866 495 2866 928 2867 495 2867 1129 2867 1129 2868 495 2868 493 2868 1129 2869 493 2869 1118 2869 1118 2870 493 2870 491 2870 1118 2871 491 2871 1107 2871 1107 2872 491 2872 489 2872 1107 2873 489 2873 1096 2873 1096 2874 489 2874 487 2874 1096 2875 487 2875 1085 2875 1085 2876 487 2876 485 2876 1085 2877 485 2877 1074 2877 1074 2878 485 2878 483 2878 1074 2879 483 2879 1063 2879 1063 2880 483 2880 481 2880 1063 2881 481 2881 1052 2881 1052 2882 481 2882 478 2882 1052 2883 478 2883 1032 2883 1032 2884 478 2884 477 2884 1032 2885 477 2885 1029 2885 577 2886 1239 2886 1242 2886 577 2887 1242 2887 578 2887 578 2888 1242 2888 1262 2888 578 2889 1262 2889 581 2889 581 2890 1262 2890 1273 2890 581 2891 1273 2891 583 2891 583 2892 1273 2892 1284 2892 583 2893 1284 2893 585 2893 585 2894 1284 2894 1295 2894 585 2895 1295 2895 587 2895 587 2896 1295 2896 1306 2896 587 2897 1306 2897 589 2897 589 2898 1306 2898 1317 2898 589 2899 1317 2899 591 2899 591 2900 1317 2900 1328 2900 591 2901 1328 2901 593 2901 593 2902 1328 2902 1339 2902 593 2903 1339 2903 595 2903 595 2904 1339 2904 1350 2904 595 2905 1350 2905 597 2905 597 2906 1350 2906 1488 2906 597 2907 1488 2907 798 2907 798 2908 1488 2908 1486 2908 798 2909 1486 2909 787 2909 787 2910 1486 2910 1484 2910 787 2911 1484 2911 776 2911 776 2912 1484 2912 1482 2912 776 2913 1482 2913 765 2913 765 2914 1482 2914 1480 2914 765 2915 1480 2915 754 2915 754 2916 1480 2916 1478 2916 754 2917 1478 2917 743 2917 743 2918 1478 2918 1476 2918 743 2919 1476 2919 732 2919 732 2920 1476 2920 1474 2920 732 2921 1474 2921 721 2921 721 2922 1474 2922 1471 2922 721 2923 1471 2923 701 2923 701 2924 1471 2924 1470 2924 701 2925 1470 2925 698 2925 1360 2926 1139 2926 1142 2926 1360 2927 1142 2927 1361 2927 1361 2928 1142 2928 1160 2928 1361 2929 1160 2929 1364 2929 1364 2930 1160 2930 1170 2930 1364 2931 1170 2931 1366 2931 1366 2932 1170 2932 1180 2932 1366 2933 1180 2933 1368 2933 1368 2934 1180 2934 1190 2934 1368 2935 1190 2935 1370 2935 1370 2936 1190 2936 1200 2936 1370 2937 1200 2937 1372 2937 1372 2938 1200 2938 1210 2938 1372 2939 1210 2939 1374 2939 1374 2940 1210 2940 1220 2940 1374 2941 1220 2941 1376 2941 1376 2942 1220 2942 1230 2942 1376 2943 1230 2943 1378 2943 1378 2944 1230 2944 1049 2944 1378 2945 1049 2945 1380 2945 1380 2946 1049 2946 1047 2946 1380 2947 1047 2947 1561 2947 1561 2948 1047 2948 1045 2948 1561 2949 1045 2949 1551 2949 1551 2950 1045 2950 1043 2950 1551 2951 1043 2951 1541 2951 1541 2952 1043 2952 1041 2952 1541 2953 1041 2953 1531 2953 1531 2954 1041 2954 1039 2954 1531 2955 1039 2955 1521 2955 1521 2956 1039 2956 1037 2956 1521 2957 1037 2957 1511 2957 1511 2958 1037 2958 1035 2958 1511 2959 1035 2959 1501 2959 1501 2960 1035 2960 1033 2960 1501 2961 1033 2961 1491 2961 1491 2962 1033 2962 1030 2962 1491 2963 1030 2963 1473 2963 1473 2964 1030 2964 1029 2964 1473 2965 1029 2965 1470 2965 1612 2966 908 2966 911 2966 1612 2967 911 2967 1613 2967 1613 2968 911 2968 931 2968 1613 2969 931 2969 1614 2969 1614 2970 931 2970 942 2970 1614 2971 942 2971 1615 2971 1615 2972 942 2972 953 2972 1615 2973 953 2973 1616 2973 1616 2974 953 2974 964 2974 1616 2975 964 2975 1617 2975 1617 2976 964 2976 975 2976 1617 2977 975 2977 1618 2977 1618 2978 975 2978 986 2978 1618 2979 986 2979 1619 2979 1619 2980 986 2980 997 2980 1619 2981 997 2981 1620 2981 1620 2982 997 2982 1008 2982 1620 2983 1008 2983 1621 2983 1621 2984 1008 2984 1019 2984 1621 2985 1019 2985 1622 2985 1622 2986 1019 2986 1157 2986 1622 2987 1157 2987 1623 2987 1623 2988 1157 2988 1155 2988 1623 2989 1155 2989 1624 2989 1624 2990 1155 2990 1153 2990 1624 2991 1153 2991 1625 2991 1625 2992 1153 2992 1151 2992 1625 2993 1151 2993 1626 2993 1626 2994 1151 2994 1149 2994 1626 2995 1149 2995 1627 2995 1627 2996 1149 2996 1147 2996 1627 2997 1147 2997 1628 2997 1628 2998 1147 2998 1145 2998 1628 2999 1145 2999 1629 2999 1629 3000 1145 3000 1143 3000 1629 3001 1143 3001 1630 3001 1630 3002 1143 3002 1140 3002 1630 3003 1140 3003 1631 3003 1631 3004 1140 3004 1139 3004 1631 3005 1139 3005 1632 3005 1239 3006 1633 3006 1634 3006 1239 3007 1634 3007 1240 3007 1240 3008 1634 3008 1635 3008 1240 3009 1635 3009 1243 3009 1243 3010 1635 3010 1636 3010 1243 3011 1636 3011 1245 3011 1245 3012 1636 3012 1637 3012 1245 3013 1637 3013 1247 3013 1247 3014 1637 3014 1638 3014 1247 3015 1638 3015 1249 3015 1249 3016 1638 3016 1639 3016 1249 3017 1639 3017 1251 3017 1251 3018 1639 3018 1640 3018 1251 3019 1640 3019 1253 3019 1253 3020 1640 3020 1641 3020 1253 3021 1641 3021 1255 3021 1255 3022 1641 3022 1642 3022 1255 3023 1642 3023 1257 3023 1257 3024 1642 3024 1643 3024 1257 3025 1643 3025 1259 3025 1259 3026 1643 3026 1644 3026 1259 3027 1644 3027 1460 3027 1460 3028 1644 3028 1645 3028 1460 3029 1645 3029 1449 3029 1449 3030 1645 3030 1646 3030 1449 3031 1646 3031 1438 3031 1438 3032 1646 3032 1647 3032 1438 3033 1647 3033 1427 3033 1427 3034 1647 3034 1648 3034 1427 3035 1648 3035 1416 3035 1416 3036 1648 3036 1649 3036 1416 3037 1649 3037 1405 3037 1405 3038 1649 3038 1650 3038 1405 3039 1650 3039 1394 3039 1394 3040 1650 3040 1651 3040 1394 3041 1651 3041 1383 3041 1383 3042 1651 3042 1652 3042 1383 3043 1652 3043 1363 3043 1363 3044 1652 3044 1653 3044 1363 3045 1653 3045 1360 3045 1570 3046 1612 3046 1613 3046 1570 3047 1613 3047 1571 3047 1571 3048 1613 3048 1614 3048 1571 3049 1614 3049 1572 3049 1572 3050 1614 3050 1615 3050 1572 3051 1615 3051 1573 3051 1573 3052 1615 3052 1616 3052 1573 3053 1616 3053 1574 3053 1574 3054 1616 3054 1617 3054 1574 3055 1617 3055 1575 3055 1575 3056 1617 3056 1618 3056 1575 3057 1618 3057 1576 3057 1576 3058 1618 3058 1619 3058 1576 3059 1619 3059 1577 3059 1577 3060 1619 3060 1620 3060 1577 3061 1620 3061 1578 3061 1578 3062 1620 3062 1621 3062 1578 3063 1621 3063 1579 3063 1579 3064 1621 3064 1622 3064 1579 3065 1622 3065 1580 3065 1580 3066 1622 3066 1623 3066 1580 3067 1623 3067 1581 3067 1581 3068 1623 3068 1624 3068 1581 3069 1624 3069 1582 3069 1582 3070 1624 3070 1625 3070 1582 3071 1625 3071 1583 3071 1583 3072 1625 3072 1626 3072 1583 3073 1626 3073 1584 3073 1584 3074 1626 3074 1627 3074 1584 3075 1627 3075 1585 3075 1585 3076 1627 3076 1628 3076 1585 3077 1628 3077 1586 3077 1586 3078 1628 3078 1629 3078 1586 3079 1629 3079 1587 3079 1587 3080 1629 3080 1630 3080 1587 3081 1630 3081 1588 3081 1588 3082 1630 3082 1631 3082 1588 3083 1631 3083 1589 3083 1589 3084 1631 3084 1632 3084 1589 3085 1632 3085 1590 3085 246 3086 908 3086 1612 3086 246 3087 1612 3087 1570 3087 1590 3088 1611 3088 808 3088 1590 3089 808 3089 367 3089 1590 3090 1632 3090 1653 3090 1653 3091 1652 3091 1651 3091 1651 3092 1650 3092 1649 3092 1649 3093 1648 3093 1647 3093 1647 3094 1646 3094 1645 3094 1645 3095 1644 3095 1643 3095 1643 3096 1642 3096 1641 3096 1641 3097 1640 3097 1639 3097 1639 3098 1638 3098 1637 3098 1637 3099 1636 3099 1635 3099 1635 3100 1634 3100 1633 3100 1633 3101 1591 3101 1592 3101 1592 3102 1593 3102 1594 3102 1594 3103 1595 3103 1596 3103 1596 3104 1597 3104 1598 3104 1598 3105 1599 3105 1600 3105 1600 3106 1601 3106 1602 3106 1602 3107 1603 3107 1604 3107 1604 3108 1605 3108 1606 3108 1606 3109 1607 3109 1608 3109 1608 3110 1609 3110 1610 3110 1610 3111 1611 3111 1590 3111 1590 3112 1653 3112 1651 3112 1651 3113 1649 3113 1647 3113 1647 3114 1645 3114 1643 3114 1643 3115 1641 3115 1639 3115 1639 3116 1637 3116 1635 3116 1635 3117 1633 3117 1592 3117 1592 3118 1594 3118 1596 3118 1596 3119 1598 3119 1600 3119 1600 3120 1602 3120 1604 3120 1604 3121 1606 3121 1608 3121 1608 3122 1610 3122 1590 3122 1590 3123 1651 3123 1647 3123 1647 3124 1643 3124 1639 3124 1639 3125 1635 3125 1592 3125 1592 3126 1596 3126 1600 3126 1600 3127 1604 3127 1608 3127 1608 3128 1590 3128 1647 3128 1647 3129 1639 3129 1592 3129 1592 3130 1600 3130 1608 3130 1647 3131 1592 3131 1608 3131 1239 3132 577 3132 1591 3132 1239 3133 1591 3133 1633 3133 477 3134 698 3134 1470 3134 477 3135 1470 3135 1029 3135 1139 3136 1360 3136 1653 3136 1139 3137 1653 3137 1632 3137 1654 3138 1655 3138 1656 3138 1654 3139 1656 3139 1657 3139 1657 3140 1656 3140 1658 3140 1657 3141 1658 3141 1659 3141 1659 3142 1658 3142 1660 3142 1659 3143 1660 3143 1661 3143 1661 3144 1660 3144 1662 3144 1661 3145 1662 3145 1663 3145 1663 3146 1662 3146 1664 3146 1663 3147 1664 3147 1665 3147 1665 3148 1664 3148 1666 3148 1665 3149 1666 3149 1667 3149 1667 3150 1666 3150 1668 3150 1667 3151 1668 3151 1669 3151 1669 3152 1668 3152 1670 3152 1669 3153 1670 3153 1671 3153 1671 3154 1670 3154 1672 3154 1671 3155 1672 3155 1673 3155 1673 3156 1672 3156 1674 3156 1673 3157 1674 3157 1675 3157 1675 3158 1674 3158 1676 3158 1675 3159 1676 3159 1677 3159 1677 3160 1676 3160 1678 3160 1677 3161 1678 3161 1679 3161 1679 3162 1678 3162 1680 3162 1679 3163 1680 3163 1681 3163 1681 3164 1680 3164 1682 3164 1681 3165 1682 3165 1683 3165 1683 3166 1682 3166 1684 3166 1683 3167 1684 3167 1685 3167 1685 3168 1684 3168 1686 3168 1685 3169 1686 3169 1687 3169 1687 3170 1686 3170 1688 3170 1687 3171 1688 3171 1689 3171 1689 3172 1688 3172 1690 3172 1689 3173 1690 3173 1691 3173 1691 3174 1690 3174 1692 3174 1691 3175 1692 3175 1693 3175 1693 3176 1692 3176 1694 3176 1693 3177 1694 3177 1695 3177 1695 3178 1694 3178 1696 3178 1695 3179 1696 3179 1697 3179 1697 3180 1696 3180 1698 3180 1697 3181 1698 3181 1699 3181 1699 3182 1698 3182 1700 3182 1699 3183 1700 3183 1701 3183 1701 3184 1700 3184 1702 3184 1701 3185 1702 3185 1703 3185 1703 3186 1702 3186 1704 3186 1703 3187 1704 3187 1705 3187 1705 3188 1704 3188 1706 3188 1705 3189 1706 3189 1707 3189 1707 3190 1706 3190 1708 3190 1707 3191 1708 3191 1709 3191 1709 3192 1708 3192 1710 3192 1709 3193 1710 3193 1711 3193 1711 3194 1710 3194 1712 3194 1711 3195 1712 3195 1713 3195 1713 3196 1712 3196 1714 3196 1713 3197 1714 3197 1715 3197 1658 3198 1656 3198 1655 3198 1655 3199 1716 3199 1714 3199 1714 3200 1712 3200 1710 3200 1710 3201 1708 3201 1706 3201 1706 3202 1704 3202 1702 3202 1702 3203 1700 3203 1698 3203 1698 3204 1696 3204 1694 3204 1694 3205 1692 3205 1690 3205 1690 3206 1688 3206 1686 3206 1686 3207 1684 3207 1682 3207 1682 3208 1680 3208 1678 3208 1678 3209 1676 3209 1674 3209 1674 3210 1672 3210 1670 3210 1670 3211 1668 3211 1666 3211 1666 3212 1664 3212 1662 3212 1662 3213 1660 3213 1658 3213 1658 3214 1655 3214 1714 3214 1714 3215 1710 3215 1706 3215 1706 3216 1702 3216 1698 3216 1698 3217 1694 3217 1690 3217 1690 3218 1686 3218 1682 3218 1682 3219 1678 3219 1674 3219 1674 3220 1670 3220 1666 3220 1666 3221 1662 3221 1658 3221 1658 3222 1714 3222 1706 3222 1706 3223 1698 3223 1690 3223 1690 3224 1682 3224 1674 3224 1674 3225 1666 3225 1658 3225 1658 3226 1706 3226 1690 3226 1690 3227 1674 3227 1658 3227 1715 3228 1714 3228 1716 3228 1715 3229 1716 3229 1717 3229 1717 3230 1716 3230 1655 3230 1717 3231 1655 3231 1654 3231 1717 3232 1654 3232 1657 3232 1657 3233 1659 3233 1661 3233 1661 3234 1663 3234 1665 3234 1665 3235 1667 3235 1669 3235 1669 3236 1671 3236 1673 3236 1673 3237 1675 3237 1677 3237 1677 3238 1679 3238 1681 3238 1681 3239 1683 3239 1685 3239 1685 3240 1687 3240 1689 3240 1689 3241 1691 3241 1693 3241 1693 3242 1695 3242 1697 3242 1697 3243 1699 3243 1701 3243 1701 3244 1703 3244 1705 3244 1705 3245 1707 3245 1709 3245 1709 3246 1711 3246 1713 3246 1713 3247 1715 3247 1717 3247 1717 3248 1657 3248 1661 3248 1661 3249 1665 3249 1669 3249 1669 3250 1673 3250 1677 3250 1677 3251 1681 3251 1685 3251 1685 3252 1689 3252 1693 3252 1693 3253 1697 3253 1701 3253 1701 3254 1705 3254 1709 3254 1709 3255 1713 3255 1717 3255 1717 3256 1661 3256 1669 3256 1669 3257 1677 3257 1685 3257 1685 3258 1693 3258 1701 3258 1701 3259 1709 3259 1717 3259 1717 3260 1669 3260 1685 3260 1685 3261 1701 3261 1717 3261 1718 3262 1719 3262 1720 3262 1718 3263 1720 3263 1721 3263 1719 3264 1722 3264 1723 3264 1719 3265 1723 3265 1720 3265 1722 3266 1724 3266 1725 3266 1722 3267 1725 3267 1723 3267 1724 3268 1726 3268 1727 3268 1724 3269 1727 3269 1725 3269 1726 3270 1728 3270 1729 3270 1726 3271 1729 3271 1727 3271 1728 3272 1730 3272 1731 3272 1728 3273 1731 3273 1729 3273 1730 3274 1732 3274 1733 3274 1730 3275 1733 3275 1731 3275 1732 3276 1734 3276 1735 3276 1732 3277 1735 3277 1733 3277 1734 3278 1736 3278 1737 3278 1734 3279 1737 3279 1735 3279 1736 3280 1738 3280 1739 3280 1736 3281 1739 3281 1737 3281 1721 3282 1720 3282 1740 3282 1721 3283 1740 3283 1741 3283 1720 3284 1723 3284 1742 3284 1720 3285 1742 3285 1740 3285 1723 3286 1725 3286 1743 3286 1723 3287 1743 3287 1742 3287 1725 3288 1727 3288 1744 3288 1725 3289 1744 3289 1743 3289 1727 3290 1729 3290 1745 3290 1727 3291 1745 3291 1744 3291 1729 3292 1731 3292 1746 3292 1729 3293 1746 3293 1745 3293 1731 3294 1733 3294 1747 3294 1731 3295 1747 3295 1746 3295 1733 3296 1735 3296 1748 3296 1733 3297 1748 3297 1747 3297 1735 3298 1737 3298 1749 3298 1735 3299 1749 3299 1748 3299 1737 3300 1739 3300 1750 3300 1737 3301 1750 3301 1749 3301 1741 3302 1740 3302 1751 3302 1741 3303 1751 3303 1752 3303 1740 3304 1742 3304 1753 3304 1740 3305 1753 3305 1751 3305 1742 3306 1743 3306 1754 3306 1742 3307 1754 3307 1753 3307 1743 3308 1744 3308 1755 3308 1743 3309 1755 3309 1754 3309 1744 3310 1745 3310 1756 3310 1744 3311 1756 3311 1755 3311 1745 3312 1746 3312 1757 3312 1745 3313 1757 3313 1756 3313 1746 3314 1747 3314 1758 3314 1746 3315 1758 3315 1757 3315 1747 3316 1748 3316 1759 3316 1747 3317 1759 3317 1758 3317 1748 3318 1749 3318 1760 3318 1748 3319 1760 3319 1759 3319 1749 3320 1750 3320 1761 3320 1749 3321 1761 3321 1760 3321 1752 3322 1751 3322 1762 3322 1752 3323 1762 3323 1763 3323 1751 3324 1753 3324 1764 3324 1751 3325 1764 3325 1762 3325 1753 3326 1754 3326 1765 3326 1753 3327 1765 3327 1764 3327 1754 3328 1755 3328 1766 3328 1754 3329 1766 3329 1765 3329 1755 3330 1756 3330 1767 3330 1755 3331 1767 3331 1766 3331 1756 3332 1757 3332 1768 3332 1756 3333 1768 3333 1767 3333 1757 3334 1758 3334 1769 3334 1757 3335 1769 3335 1768 3335 1758 3336 1759 3336 1770 3336 1758 3337 1770 3337 1769 3337 1759 3338 1760 3338 1771 3338 1759 3339 1771 3339 1770 3339 1760 3340 1761 3340 1772 3340 1760 3341 1772 3341 1771 3341 1763 3342 1762 3342 1773 3342 1763 3343 1773 3343 1774 3343 1762 3344 1764 3344 1775 3344 1762 3345 1775 3345 1773 3345 1764 3346 1765 3346 1776 3346 1764 3347 1776 3347 1775 3347 1765 3348 1766 3348 1777 3348 1765 3349 1777 3349 1776 3349 1766 3350 1767 3350 1778 3350 1766 3351 1778 3351 1777 3351 1767 3352 1768 3352 1779 3352 1767 3353 1779 3353 1778 3353 1768 3354 1769 3354 1780 3354 1768 3355 1780 3355 1779 3355 1769 3356 1770 3356 1781 3356 1769 3357 1781 3357 1780 3357 1770 3358 1771 3358 1782 3358 1770 3359 1782 3359 1781 3359 1771 3360 1772 3360 1783 3360 1771 3361 1783 3361 1782 3361 1774 3362 1773 3362 1784 3362 1774 3363 1784 3363 1785 3363 1773 3364 1775 3364 1786 3364 1773 3365 1786 3365 1784 3365 1775 3366 1776 3366 1787 3366 1775 3367 1787 3367 1786 3367 1776 3368 1777 3368 1788 3368 1776 3369 1788 3369 1787 3369 1777 3370 1778 3370 1789 3370 1777 3371 1789 3371 1788 3371 1778 3372 1779 3372 1790 3372 1778 3373 1790 3373 1789 3373 1779 3374 1780 3374 1791 3374 1779 3375 1791 3375 1790 3375 1780 3376 1781 3376 1792 3376 1780 3377 1792 3377 1791 3377 1781 3378 1782 3378 1793 3378 1781 3379 1793 3379 1792 3379 1782 3380 1783 3380 1794 3380 1782 3381 1794 3381 1793 3381 1785 3382 1784 3382 1795 3382 1785 3383 1795 3383 1796 3383 1784 3384 1786 3384 1797 3384 1784 3385 1797 3385 1795 3385 1786 3386 1787 3386 1798 3386 1786 3387 1798 3387 1797 3387 1787 3388 1788 3388 1799 3388 1787 3389 1799 3389 1798 3389 1788 3390 1789 3390 1800 3390 1788 3391 1800 3391 1799 3391 1789 3392 1790 3392 1801 3392 1789 3393 1801 3393 1800 3393 1790 3394 1791 3394 1802 3394 1790 3395 1802 3395 1801 3395 1791 3396 1792 3396 1803 3396 1791 3397 1803 3397 1802 3397 1792 3398 1793 3398 1804 3398 1792 3399 1804 3399 1803 3399 1793 3400 1794 3400 1805 3400 1793 3401 1805 3401 1804 3401 1796 3402 1795 3402 1806 3402 1796 3403 1806 3403 1807 3403 1795 3404 1797 3404 1808 3404 1795 3405 1808 3405 1806 3405 1797 3406 1798 3406 1809 3406 1797 3407 1809 3407 1808 3407 1798 3408 1799 3408 1810 3408 1798 3409 1810 3409 1809 3409 1799 3410 1800 3410 1811 3410 1799 3411 1811 3411 1810 3411 1800 3412 1801 3412 1812 3412 1800 3413 1812 3413 1811 3413 1801 3414 1802 3414 1813 3414 1801 3415 1813 3415 1812 3415 1802 3416 1803 3416 1814 3416 1802 3417 1814 3417 1813 3417 1803 3418 1804 3418 1815 3418 1803 3419 1815 3419 1814 3419 1804 3420 1805 3420 1816 3420 1804 3421 1816 3421 1815 3421 1807 3422 1806 3422 1817 3422 1807 3423 1817 3423 1818 3423 1806 3424 1808 3424 1819 3424 1806 3425 1819 3425 1817 3425 1808 3426 1809 3426 1820 3426 1808 3427 1820 3427 1819 3427 1809 3428 1810 3428 1821 3428 1809 3429 1821 3429 1820 3429 1810 3430 1811 3430 1822 3430 1810 3431 1822 3431 1821 3431 1811 3432 1812 3432 1823 3432 1811 3433 1823 3433 1822 3433 1812 3434 1813 3434 1824 3434 1812 3435 1824 3435 1823 3435 1813 3436 1814 3436 1825 3436 1813 3437 1825 3437 1824 3437 1814 3438 1815 3438 1826 3438 1814 3439 1826 3439 1825 3439 1815 3440 1816 3440 1827 3440 1815 3441 1827 3441 1826 3441 1818 3442 1817 3442 1828 3442 1818 3443 1828 3443 1829 3443 1817 3444 1819 3444 1830 3444 1817 3445 1830 3445 1828 3445 1819 3446 1820 3446 1831 3446 1819 3447 1831 3447 1830 3447 1820 3448 1821 3448 1832 3448 1820 3449 1832 3449 1831 3449 1821 3450 1822 3450 1833 3450 1821 3451 1833 3451 1832 3451 1822 3452 1823 3452 1834 3452 1822 3453 1834 3453 1833 3453 1823 3454 1824 3454 1835 3454 1823 3455 1835 3455 1834 3455 1824 3456 1825 3456 1836 3456 1824 3457 1836 3457 1835 3457 1825 3458 1826 3458 1837 3458 1825 3459 1837 3459 1836 3459 1826 3460 1827 3460 1838 3460 1826 3461 1838 3461 1837 3461 1839 3462 1840 3462 1841 3462 1839 3463 1841 3463 1842 3463 1840 3464 1843 3464 1844 3464 1840 3465 1844 3465 1841 3465 1843 3466 1845 3466 1846 3466 1843 3467 1846 3467 1844 3467 1845 3468 1847 3468 1848 3468 1845 3469 1848 3469 1846 3469 1847 3470 1849 3470 1850 3470 1847 3471 1850 3471 1848 3471 1849 3472 1851 3472 1852 3472 1849 3473 1852 3473 1850 3473 1851 3474 1853 3474 1854 3474 1851 3475 1854 3475 1852 3475 1853 3476 1855 3476 1856 3476 1853 3477 1856 3477 1854 3477 1855 3478 1857 3478 1858 3478 1855 3479 1858 3479 1856 3479 1857 3480 1859 3480 1860 3480 1857 3481 1860 3481 1858 3481 1842 3482 1841 3482 1861 3482 1842 3483 1861 3483 1862 3483 1841 3484 1844 3484 1863 3484 1841 3485 1863 3485 1861 3485 1844 3486 1846 3486 1864 3486 1844 3487 1864 3487 1863 3487 1846 3488 1848 3488 1865 3488 1846 3489 1865 3489 1864 3489 1848 3490 1850 3490 1866 3490 1848 3491 1866 3491 1865 3491 1850 3492 1852 3492 1867 3492 1850 3493 1867 3493 1866 3493 1852 3494 1854 3494 1868 3494 1852 3495 1868 3495 1867 3495 1854 3496 1856 3496 1869 3496 1854 3497 1869 3497 1868 3497 1856 3498 1858 3498 1870 3498 1856 3499 1870 3499 1869 3499 1858 3500 1860 3500 1871 3500 1858 3501 1871 3501 1870 3501 1862 3502 1861 3502 1872 3502 1862 3503 1872 3503 1873 3503 1861 3504 1863 3504 1874 3504 1861 3505 1874 3505 1872 3505 1863 3506 1864 3506 1875 3506 1863 3507 1875 3507 1874 3507 1864 3508 1865 3508 1876 3508 1864 3509 1876 3509 1875 3509 1865 3510 1866 3510 1877 3510 1865 3511 1877 3511 1876 3511 1866 3512 1867 3512 1878 3512 1866 3513 1878 3513 1877 3513 1867 3514 1868 3514 1879 3514 1867 3515 1879 3515 1878 3515 1868 3516 1869 3516 1880 3516 1868 3517 1880 3517 1879 3517 1869 3518 1870 3518 1881 3518 1869 3519 1881 3519 1880 3519 1870 3520 1871 3520 1882 3520 1870 3521 1882 3521 1881 3521 1873 3522 1872 3522 1883 3522 1873 3523 1883 3523 1884 3523 1872 3524 1874 3524 1885 3524 1872 3525 1885 3525 1883 3525 1874 3526 1875 3526 1886 3526 1874 3527 1886 3527 1885 3527 1875 3528 1876 3528 1887 3528 1875 3529 1887 3529 1886 3529 1876 3530 1877 3530 1888 3530 1876 3531 1888 3531 1887 3531 1877 3532 1878 3532 1889 3532 1877 3533 1889 3533 1888 3533 1878 3534 1879 3534 1890 3534 1878 3535 1890 3535 1889 3535 1879 3536 1880 3536 1891 3536 1879 3537 1891 3537 1890 3537 1880 3538 1881 3538 1892 3538 1880 3539 1892 3539 1891 3539 1881 3540 1882 3540 1893 3540 1881 3541 1893 3541 1892 3541 1884 3542 1883 3542 1894 3542 1884 3543 1894 3543 1895 3543 1883 3544 1885 3544 1896 3544 1883 3545 1896 3545 1894 3545 1885 3546 1886 3546 1897 3546 1885 3547 1897 3547 1896 3547 1886 3548 1887 3548 1898 3548 1886 3549 1898 3549 1897 3549 1887 3550 1888 3550 1899 3550 1887 3551 1899 3551 1898 3551 1888 3552 1889 3552 1900 3552 1888 3553 1900 3553 1899 3553 1889 3554 1890 3554 1901 3554 1889 3555 1901 3555 1900 3555 1890 3556 1891 3556 1902 3556 1890 3557 1902 3557 1901 3557 1891 3558 1892 3558 1903 3558 1891 3559 1903 3559 1902 3559 1892 3560 1893 3560 1904 3560 1892 3561 1904 3561 1903 3561 1895 3562 1894 3562 1905 3562 1895 3563 1905 3563 1906 3563 1894 3564 1896 3564 1907 3564 1894 3565 1907 3565 1905 3565 1896 3566 1897 3566 1908 3566 1896 3567 1908 3567 1907 3567 1897 3568 1898 3568 1909 3568 1897 3569 1909 3569 1908 3569 1898 3570 1899 3570 1910 3570 1898 3571 1910 3571 1909 3571 1899 3572 1900 3572 1911 3572 1899 3573 1911 3573 1910 3573 1900 3574 1901 3574 1912 3574 1900 3575 1912 3575 1911 3575 1901 3576 1902 3576 1913 3576 1901 3577 1913 3577 1912 3577 1902 3578 1903 3578 1914 3578 1902 3579 1914 3579 1913 3579 1903 3580 1904 3580 1915 3580 1903 3581 1915 3581 1914 3581 1906 3582 1905 3582 1916 3582 1906 3583 1916 3583 1917 3583 1905 3584 1907 3584 1918 3584 1905 3585 1918 3585 1916 3585 1907 3586 1908 3586 1919 3586 1907 3587 1919 3587 1918 3587 1908 3588 1909 3588 1920 3588 1908 3589 1920 3589 1919 3589 1909 3590 1910 3590 1921 3590 1909 3591 1921 3591 1920 3591 1910 3592 1911 3592 1922 3592 1910 3593 1922 3593 1921 3593 1911 3594 1912 3594 1923 3594 1911 3595 1923 3595 1922 3595 1912 3596 1913 3596 1924 3596 1912 3597 1924 3597 1923 3597 1913 3598 1914 3598 1925 3598 1913 3599 1925 3599 1924 3599 1914 3600 1915 3600 1926 3600 1914 3601 1926 3601 1925 3601 1917 3602 1916 3602 1927 3602 1917 3603 1927 3603 1928 3603 1916 3604 1918 3604 1929 3604 1916 3605 1929 3605 1927 3605 1918 3606 1919 3606 1930 3606 1918 3607 1930 3607 1929 3607 1919 3608 1920 3608 1931 3608 1919 3609 1931 3609 1930 3609 1920 3610 1921 3610 1932 3610 1920 3611 1932 3611 1931 3611 1921 3612 1922 3612 1933 3612 1921 3613 1933 3613 1932 3613 1922 3614 1923 3614 1934 3614 1922 3615 1934 3615 1933 3615 1923 3616 1924 3616 1935 3616 1923 3617 1935 3617 1934 3617 1924 3618 1925 3618 1936 3618 1924 3619 1936 3619 1935 3619 1925 3620 1926 3620 1937 3620 1925 3621 1937 3621 1936 3621 1928 3622 1927 3622 1938 3622 1928 3623 1938 3623 1939 3623 1927 3624 1929 3624 1940 3624 1927 3625 1940 3625 1938 3625 1929 3626 1930 3626 1941 3626 1929 3627 1941 3627 1940 3627 1930 3628 1931 3628 1942 3628 1930 3629 1942 3629 1941 3629 1931 3630 1932 3630 1943 3630 1931 3631 1943 3631 1942 3631 1932 3632 1933 3632 1944 3632 1932 3633 1944 3633 1943 3633 1933 3634 1934 3634 1945 3634 1933 3635 1945 3635 1944 3635 1934 3636 1935 3636 1946 3636 1934 3637 1946 3637 1945 3637 1935 3638 1936 3638 1947 3638 1935 3639 1947 3639 1946 3639 1936 3640 1937 3640 1948 3640 1936 3641 1948 3641 1947 3641 1939 3642 1938 3642 1739 3642 1939 3643 1739 3643 1738 3643 1938 3644 1940 3644 1750 3644 1938 3645 1750 3645 1739 3645 1940 3646 1941 3646 1761 3646 1940 3647 1761 3647 1750 3647 1941 3648 1942 3648 1772 3648 1941 3649 1772 3649 1761 3649 1942 3650 1943 3650 1783 3650 1942 3651 1783 3651 1772 3651 1943 3652 1944 3652 1794 3652 1943 3653 1794 3653 1783 3653 1944 3654 1945 3654 1805 3654 1944 3655 1805 3655 1794 3655 1945 3656 1946 3656 1816 3656 1945 3657 1816 3657 1805 3657 1946 3658 1947 3658 1827 3658 1946 3659 1827 3659 1816 3659 1947 3660 1948 3660 1838 3660 1947 3661 1838 3661 1827 3661 1949 3662 1950 3662 1951 3662 1949 3663 1951 3663 1952 3663 1950 3664 1953 3664 1954 3664 1950 3665 1954 3665 1951 3665 1953 3666 1955 3666 1956 3666 1953 3667 1956 3667 1954 3667 1955 3668 1957 3668 1958 3668 1955 3669 1958 3669 1956 3669 1957 3670 1959 3670 1960 3670 1957 3671 1960 3671 1958 3671 1959 3672 1961 3672 1962 3672 1959 3673 1962 3673 1960 3673 1961 3674 1963 3674 1964 3674 1961 3675 1964 3675 1962 3675 1963 3676 1965 3676 1966 3676 1963 3677 1966 3677 1964 3677 1965 3678 1967 3678 1968 3678 1965 3679 1968 3679 1966 3679 1967 3680 1829 3680 1828 3680 1967 3681 1828 3681 1968 3681 1952 3682 1951 3682 1969 3682 1952 3683 1969 3683 1970 3683 1951 3684 1954 3684 1971 3684 1951 3685 1971 3685 1969 3685 1954 3686 1956 3686 1972 3686 1954 3687 1972 3687 1971 3687 1956 3688 1958 3688 1973 3688 1956 3689 1973 3689 1972 3689 1958 3690 1960 3690 1974 3690 1958 3691 1974 3691 1973 3691 1960 3692 1962 3692 1975 3692 1960 3693 1975 3693 1974 3693 1962 3694 1964 3694 1976 3694 1962 3695 1976 3695 1975 3695 1964 3696 1966 3696 1977 3696 1964 3697 1977 3697 1976 3697 1966 3698 1968 3698 1978 3698 1966 3699 1978 3699 1977 3699 1968 3700 1828 3700 1830 3700 1968 3701 1830 3701 1978 3701 1970 3702 1969 3702 1979 3702 1970 3703 1979 3703 1980 3703 1969 3704 1971 3704 1981 3704 1969 3705 1981 3705 1979 3705 1971 3706 1972 3706 1982 3706 1971 3707 1982 3707 1981 3707 1972 3708 1973 3708 1983 3708 1972 3709 1983 3709 1982 3709 1973 3710 1974 3710 1984 3710 1973 3711 1984 3711 1983 3711 1974 3712 1975 3712 1985 3712 1974 3713 1985 3713 1984 3713 1975 3714 1976 3714 1986 3714 1975 3715 1986 3715 1985 3715 1976 3716 1977 3716 1987 3716 1976 3717 1987 3717 1986 3717 1977 3718 1978 3718 1988 3718 1977 3719 1988 3719 1987 3719 1978 3720 1830 3720 1831 3720 1978 3721 1831 3721 1988 3721 1980 3722 1979 3722 1989 3722 1980 3723 1989 3723 1990 3723 1979 3724 1981 3724 1991 3724 1979 3725 1991 3725 1989 3725 1981 3726 1982 3726 1992 3726 1981 3727 1992 3727 1991 3727 1982 3728 1983 3728 1993 3728 1982 3729 1993 3729 1992 3729 1983 3730 1984 3730 1994 3730 1983 3731 1994 3731 1993 3731 1984 3732 1985 3732 1995 3732 1984 3733 1995 3733 1994 3733 1985 3734 1986 3734 1996 3734 1985 3735 1996 3735 1995 3735 1986 3736 1987 3736 1997 3736 1986 3737 1997 3737 1996 3737 1987 3738 1988 3738 1998 3738 1987 3739 1998 3739 1997 3739 1988 3740 1831 3740 1832 3740 1988 3741 1832 3741 1998 3741 1990 3742 1989 3742 1999 3742 1990 3743 1999 3743 2000 3743 1989 3744 1991 3744 2001 3744 1989 3745 2001 3745 1999 3745 1991 3746 1992 3746 2002 3746 1991 3747 2002 3747 2001 3747 1992 3748 1993 3748 2003 3748 1992 3749 2003 3749 2002 3749 1993 3750 1994 3750 2004 3750 1993 3751 2004 3751 2003 3751 1994 3752 1995 3752 2005 3752 1994 3753 2005 3753 2004 3753 1995 3754 1996 3754 2006 3754 1995 3755 2006 3755 2005 3755 1996 3756 1997 3756 2007 3756 1996 3757 2007 3757 2006 3757 1997 3758 1998 3758 2008 3758 1997 3759 2008 3759 2007 3759 1998 3760 1832 3760 1833 3760 1998 3761 1833 3761 2008 3761 2000 3762 1999 3762 2009 3762 2000 3763 2009 3763 2010 3763 1999 3764 2001 3764 2011 3764 1999 3765 2011 3765 2009 3765 2001 3766 2002 3766 2012 3766 2001 3767 2012 3767 2011 3767 2002 3768 2003 3768 2013 3768 2002 3769 2013 3769 2012 3769 2003 3770 2004 3770 2014 3770 2003 3771 2014 3771 2013 3771 2004 3772 2005 3772 2015 3772 2004 3773 2015 3773 2014 3773 2005 3774 2006 3774 2016 3774 2005 3775 2016 3775 2015 3775 2006 3776 2007 3776 2017 3776 2006 3777 2017 3777 2016 3777 2007 3778 2008 3778 2018 3778 2007 3779 2018 3779 2017 3779 2008 3780 1833 3780 1834 3780 2008 3781 1834 3781 2018 3781 2010 3782 2009 3782 2019 3782 2010 3783 2019 3783 2020 3783 2009 3784 2011 3784 2021 3784 2009 3785 2021 3785 2019 3785 2011 3786 2012 3786 2022 3786 2011 3787 2022 3787 2021 3787 2012 3788 2013 3788 2023 3788 2012 3789 2023 3789 2022 3789 2013 3790 2014 3790 2024 3790 2013 3791 2024 3791 2023 3791 2014 3792 2015 3792 2025 3792 2014 3793 2025 3793 2024 3793 2015 3794 2016 3794 2026 3794 2015 3795 2026 3795 2025 3795 2016 3796 2017 3796 2027 3796 2016 3797 2027 3797 2026 3797 2017 3798 2018 3798 2028 3798 2017 3799 2028 3799 2027 3799 2018 3800 1834 3800 1835 3800 2018 3801 1835 3801 2028 3801 2020 3802 2019 3802 2029 3802 2020 3803 2029 3803 2030 3803 2019 3804 2021 3804 2031 3804 2019 3805 2031 3805 2029 3805 2021 3806 2022 3806 2032 3806 2021 3807 2032 3807 2031 3807 2022 3808 2023 3808 2033 3808 2022 3809 2033 3809 2032 3809 2023 3810 2024 3810 2034 3810 2023 3811 2034 3811 2033 3811 2024 3812 2025 3812 2035 3812 2024 3813 2035 3813 2034 3813 2025 3814 2026 3814 2036 3814 2025 3815 2036 3815 2035 3815 2026 3816 2027 3816 2037 3816 2026 3817 2037 3817 2036 3817 2027 3818 2028 3818 2038 3818 2027 3819 2038 3819 2037 3819 2028 3820 1835 3820 1836 3820 2028 3821 1836 3821 2038 3821 2030 3822 2029 3822 2039 3822 2030 3823 2039 3823 2040 3823 2029 3824 2031 3824 2041 3824 2029 3825 2041 3825 2039 3825 2031 3826 2032 3826 2042 3826 2031 3827 2042 3827 2041 3827 2032 3828 2033 3828 2043 3828 2032 3829 2043 3829 2042 3829 2033 3830 2034 3830 2044 3830 2033 3831 2044 3831 2043 3831 2034 3832 2035 3832 2045 3832 2034 3833 2045 3833 2044 3833 2035 3834 2036 3834 2046 3834 2035 3835 2046 3835 2045 3835 2036 3836 2037 3836 2047 3836 2036 3837 2047 3837 2046 3837 2037 3838 2038 3838 2048 3838 2037 3839 2048 3839 2047 3839 2038 3840 1836 3840 1837 3840 2038 3841 1837 3841 2048 3841 2040 3842 2039 3842 1860 3842 2040 3843 1860 3843 1859 3843 2039 3844 2041 3844 1871 3844 2039 3845 1871 3845 1860 3845 2041 3846 2042 3846 1882 3846 2041 3847 1882 3847 1871 3847 2042 3848 2043 3848 1893 3848 2042 3849 1893 3849 1882 3849 2043 3850 2044 3850 1904 3850 2043 3851 1904 3851 1893 3851 2044 3852 2045 3852 1915 3852 2044 3853 1915 3853 1904 3853 2045 3854 2046 3854 1926 3854 2045 3855 1926 3855 1915 3855 2046 3856 2047 3856 1937 3856 2046 3857 1937 3857 1926 3857 2047 3858 2048 3858 1948 3858 2047 3859 1948 3859 1937 3859 2048 3860 1837 3860 1838 3860 2048 3861 1838 3861 1948 3861 2049 3862 2050 3862 2051 3862 2049 3863 2051 3863 2052 3863 2050 3864 2053 3864 2054 3864 2050 3865 2054 3865 2051 3865 2053 3866 2055 3866 2056 3866 2053 3867 2056 3867 2054 3867 2055 3868 2057 3868 2058 3868 2055 3869 2058 3869 2056 3869 2057 3870 2059 3870 2060 3870 2057 3871 2060 3871 2058 3871 2059 3872 2061 3872 2062 3872 2059 3873 2062 3873 2060 3873 2061 3874 2063 3874 2064 3874 2061 3875 2064 3875 2062 3875 2063 3876 2065 3876 2066 3876 2063 3877 2066 3877 2064 3877 2065 3878 2067 3878 2068 3878 2065 3879 2068 3879 2066 3879 2067 3880 2069 3880 2070 3880 2067 3881 2070 3881 2068 3881 2052 3882 2051 3882 2071 3882 2052 3883 2071 3883 2072 3883 2051 3884 2054 3884 2073 3884 2051 3885 2073 3885 2071 3885 2054 3886 2056 3886 2074 3886 2054 3887 2074 3887 2073 3887 2056 3888 2058 3888 2075 3888 2056 3889 2075 3889 2074 3889 2058 3890 2060 3890 2076 3890 2058 3891 2076 3891 2075 3891 2060 3892 2062 3892 2077 3892 2060 3893 2077 3893 2076 3893 2062 3894 2064 3894 2078 3894 2062 3895 2078 3895 2077 3895 2064 3896 2066 3896 2079 3896 2064 3897 2079 3897 2078 3897 2066 3898 2068 3898 2080 3898 2066 3899 2080 3899 2079 3899 2068 3900 2070 3900 2081 3900 2068 3901 2081 3901 2080 3901 2072 3902 2071 3902 2082 3902 2072 3903 2082 3903 2083 3903 2071 3904 2073 3904 2084 3904 2071 3905 2084 3905 2082 3905 2073 3906 2074 3906 2085 3906 2073 3907 2085 3907 2084 3907 2074 3908 2075 3908 2086 3908 2074 3909 2086 3909 2085 3909 2075 3910 2076 3910 2087 3910 2075 3911 2087 3911 2086 3911 2076 3912 2077 3912 2088 3912 2076 3913 2088 3913 2087 3913 2077 3914 2078 3914 2089 3914 2077 3915 2089 3915 2088 3915 2078 3916 2079 3916 2090 3916 2078 3917 2090 3917 2089 3917 2079 3918 2080 3918 2091 3918 2079 3919 2091 3919 2090 3919 2080 3920 2081 3920 2092 3920 2080 3921 2092 3921 2091 3921 2083 3922 2082 3922 2093 3922 2083 3923 2093 3923 2094 3923 2082 3924 2084 3924 2095 3924 2082 3925 2095 3925 2093 3925 2084 3926 2085 3926 2096 3926 2084 3927 2096 3927 2095 3927 2085 3928 2086 3928 2097 3928 2085 3929 2097 3929 2096 3929 2086 3930 2087 3930 2098 3930 2086 3931 2098 3931 2097 3931 2087 3932 2088 3932 2099 3932 2087 3933 2099 3933 2098 3933 2088 3934 2089 3934 2100 3934 2088 3935 2100 3935 2099 3935 2089 3936 2090 3936 2101 3936 2089 3937 2101 3937 2100 3937 2090 3938 2091 3938 2102 3938 2090 3939 2102 3939 2101 3939 2091 3940 2092 3940 2103 3940 2091 3941 2103 3941 2102 3941 2094 3942 2093 3942 2104 3942 2094 3943 2104 3943 2105 3943 2093 3944 2095 3944 2106 3944 2093 3945 2106 3945 2104 3945 2095 3946 2096 3946 2107 3946 2095 3947 2107 3947 2106 3947 2096 3948 2097 3948 2108 3948 2096 3949 2108 3949 2107 3949 2097 3950 2098 3950 2109 3950 2097 3951 2109 3951 2108 3951 2098 3952 2099 3952 2110 3952 2098 3953 2110 3953 2109 3953 2099 3954 2100 3954 2111 3954 2099 3955 2111 3955 2110 3955 2100 3956 2101 3956 2112 3956 2100 3957 2112 3957 2111 3957 2101 3958 2102 3958 2113 3958 2101 3959 2113 3959 2112 3959 2102 3960 2103 3960 2114 3960 2102 3961 2114 3961 2113 3961 2105 3962 2104 3962 2115 3962 2105 3963 2115 3963 2116 3963 2104 3964 2106 3964 2117 3964 2104 3965 2117 3965 2115 3965 2106 3966 2107 3966 2118 3966 2106 3967 2118 3967 2117 3967 2107 3968 2108 3968 2119 3968 2107 3969 2119 3969 2118 3969 2108 3970 2109 3970 2120 3970 2108 3971 2120 3971 2119 3971 2109 3972 2110 3972 2121 3972 2109 3973 2121 3973 2120 3973 2110 3974 2111 3974 2122 3974 2110 3975 2122 3975 2121 3975 2111 3976 2112 3976 2123 3976 2111 3977 2123 3977 2122 3977 2112 3978 2113 3978 2124 3978 2112 3979 2124 3979 2123 3979 2113 3980 2114 3980 2125 3980 2113 3981 2125 3981 2124 3981 2116 3982 2115 3982 2126 3982 2116 3983 2126 3983 2127 3983 2115 3984 2117 3984 2128 3984 2115 3985 2128 3985 2126 3985 2117 3986 2118 3986 2129 3986 2117 3987 2129 3987 2128 3987 2118 3988 2119 3988 2130 3988 2118 3989 2130 3989 2129 3989 2119 3990 2120 3990 2131 3990 2119 3991 2131 3991 2130 3991 2120 3992 2121 3992 2132 3992 2120 3993 2132 3993 2131 3993 2121 3994 2122 3994 2133 3994 2121 3995 2133 3995 2132 3995 2122 3996 2123 3996 2134 3996 2122 3997 2134 3997 2133 3997 2123 3998 2124 3998 2135 3998 2123 3999 2135 3999 2134 3999 2124 4000 2125 4000 2136 4000 2124 4001 2136 4001 2135 4001 2127 4002 2126 4002 2137 4002 2127 4003 2137 4003 2138 4003 2126 4004 2128 4004 2139 4004 2126 4005 2139 4005 2137 4005 2128 4006 2129 4006 2140 4006 2128 4007 2140 4007 2139 4007 2129 4008 2130 4008 2141 4008 2129 4009 2141 4009 2140 4009 2130 4010 2131 4010 2142 4010 2130 4011 2142 4011 2141 4011 2131 4012 2132 4012 2143 4012 2131 4013 2143 4013 2142 4013 2132 4014 2133 4014 2144 4014 2132 4015 2144 4015 2143 4015 2133 4016 2134 4016 2145 4016 2133 4017 2145 4017 2144 4017 2134 4018 2135 4018 2146 4018 2134 4019 2146 4019 2145 4019 2135 4020 2136 4020 2147 4020 2135 4021 2147 4021 2146 4021 2138 4022 2137 4022 2148 4022 2138 4023 2148 4023 2149 4023 2137 4024 2139 4024 2150 4024 2137 4025 2150 4025 2148 4025 2139 4026 2140 4026 2151 4026 2139 4027 2151 4027 2150 4027 2140 4028 2141 4028 2152 4028 2140 4029 2152 4029 2151 4029 2141 4030 2142 4030 2153 4030 2141 4031 2153 4031 2152 4031 2142 4032 2143 4032 2154 4032 2142 4033 2154 4033 2153 4033 2143 4034 2144 4034 2155 4034 2143 4035 2155 4035 2154 4035 2144 4036 2145 4036 2156 4036 2144 4037 2156 4037 2155 4037 2145 4038 2146 4038 2157 4038 2145 4039 2157 4039 2156 4039 2146 4040 2147 4040 2158 4040 2146 4041 2158 4041 2157 4041 2149 4042 2148 4042 2159 4042 2149 4043 2159 4043 2160 4043 2148 4044 2150 4044 2161 4044 2148 4045 2161 4045 2159 4045 2150 4046 2151 4046 2162 4046 2150 4047 2162 4047 2161 4047 2151 4048 2152 4048 2163 4048 2151 4049 2163 4049 2162 4049 2152 4050 2153 4050 2164 4050 2152 4051 2164 4051 2163 4051 2153 4052 2154 4052 2165 4052 2153 4053 2165 4053 2164 4053 2154 4054 2155 4054 2166 4054 2154 4055 2166 4055 2165 4055 2155 4056 2156 4056 2167 4056 2155 4057 2167 4057 2166 4057 2156 4058 2157 4058 2168 4058 2156 4059 2168 4059 2167 4059 2157 4060 2158 4060 2169 4060 2157 4061 2169 4061 2168 4061 2170 4062 2171 4062 2172 4062 2170 4063 2172 4063 2173 4063 2171 4064 2174 4064 2175 4064 2171 4065 2175 4065 2172 4065 2174 4066 2176 4066 2177 4066 2174 4067 2177 4067 2175 4067 2176 4068 2178 4068 2179 4068 2176 4069 2179 4069 2177 4069 2178 4070 2180 4070 2181 4070 2178 4071 2181 4071 2179 4071 2180 4072 2182 4072 2183 4072 2180 4073 2183 4073 2181 4073 2182 4074 2184 4074 2185 4074 2182 4075 2185 4075 2183 4075 2184 4076 2186 4076 2187 4076 2184 4077 2187 4077 2185 4077 2186 4078 2188 4078 2189 4078 2186 4079 2189 4079 2187 4079 2188 4080 2190 4080 2191 4080 2188 4081 2191 4081 2189 4081 2173 4082 2172 4082 2192 4082 2173 4083 2192 4083 2193 4083 2172 4084 2175 4084 2194 4084 2172 4085 2194 4085 2192 4085 2175 4086 2177 4086 2195 4086 2175 4087 2195 4087 2194 4087 2177 4088 2179 4088 2196 4088 2177 4089 2196 4089 2195 4089 2179 4090 2181 4090 2197 4090 2179 4091 2197 4091 2196 4091 2181 4092 2183 4092 2198 4092 2181 4093 2198 4093 2197 4093 2183 4094 2185 4094 2199 4094 2183 4095 2199 4095 2198 4095 2185 4096 2187 4096 2200 4096 2185 4097 2200 4097 2199 4097 2187 4098 2189 4098 2201 4098 2187 4099 2201 4099 2200 4099 2189 4100 2191 4100 2202 4100 2189 4101 2202 4101 2201 4101 2193 4102 2192 4102 2203 4102 2193 4103 2203 4103 2204 4103 2192 4104 2194 4104 2205 4104 2192 4105 2205 4105 2203 4105 2194 4106 2195 4106 2206 4106 2194 4107 2206 4107 2205 4107 2195 4108 2196 4108 2207 4108 2195 4109 2207 4109 2206 4109 2196 4110 2197 4110 2208 4110 2196 4111 2208 4111 2207 4111 2197 4112 2198 4112 2209 4112 2197 4113 2209 4113 2208 4113 2198 4114 2199 4114 2210 4114 2198 4115 2210 4115 2209 4115 2199 4116 2200 4116 2211 4116 2199 4117 2211 4117 2210 4117 2200 4118 2201 4118 2212 4118 2200 4119 2212 4119 2211 4119 2201 4120 2202 4120 2213 4120 2201 4121 2213 4121 2212 4121 2204 4122 2203 4122 2214 4122 2204 4123 2214 4123 2215 4123 2203 4124 2205 4124 2216 4124 2203 4125 2216 4125 2214 4125 2205 4126 2206 4126 2217 4126 2205 4127 2217 4127 2216 4127 2206 4128 2207 4128 2218 4128 2206 4129 2218 4129 2217 4129 2207 4130 2208 4130 2219 4130 2207 4131 2219 4131 2218 4131 2208 4132 2209 4132 2220 4132 2208 4133 2220 4133 2219 4133 2209 4134 2210 4134 2221 4134 2209 4135 2221 4135 2220 4135 2210 4136 2211 4136 2222 4136 2210 4137 2222 4137 2221 4137 2211 4138 2212 4138 2223 4138 2211 4139 2223 4139 2222 4139 2212 4140 2213 4140 2224 4140 2212 4141 2224 4141 2223 4141 2215 4142 2214 4142 2225 4142 2215 4143 2225 4143 2226 4143 2214 4144 2216 4144 2227 4144 2214 4145 2227 4145 2225 4145 2216 4146 2217 4146 2228 4146 2216 4147 2228 4147 2227 4147 2217 4148 2218 4148 2229 4148 2217 4149 2229 4149 2228 4149 2218 4150 2219 4150 2230 4150 2218 4151 2230 4151 2229 4151 2219 4152 2220 4152 2231 4152 2219 4153 2231 4153 2230 4153 2220 4154 2221 4154 2232 4154 2220 4155 2232 4155 2231 4155 2221 4156 2222 4156 2233 4156 2221 4157 2233 4157 2232 4157 2222 4158 2223 4158 2234 4158 2222 4159 2234 4159 2233 4159 2223 4160 2224 4160 2235 4160 2223 4161 2235 4161 2234 4161 2226 4162 2225 4162 2236 4162 2226 4163 2236 4163 2237 4163 2225 4164 2227 4164 2238 4164 2225 4165 2238 4165 2236 4165 2227 4166 2228 4166 2239 4166 2227 4167 2239 4167 2238 4167 2228 4168 2229 4168 2240 4168 2228 4169 2240 4169 2239 4169 2229 4170 2230 4170 2241 4170 2229 4171 2241 4171 2240 4171 2230 4172 2231 4172 2242 4172 2230 4173 2242 4173 2241 4173 2231 4174 2232 4174 2243 4174 2231 4175 2243 4175 2242 4175 2232 4176 2233 4176 2244 4176 2232 4177 2244 4177 2243 4177 2233 4178 2234 4178 2245 4178 2233 4179 2245 4179 2244 4179 2234 4180 2235 4180 2246 4180 2234 4181 2246 4181 2245 4181 2237 4182 2236 4182 2247 4182 2237 4183 2247 4183 2248 4183 2236 4184 2238 4184 2249 4184 2236 4185 2249 4185 2247 4185 2238 4186 2239 4186 2250 4186 2238 4187 2250 4187 2249 4187 2239 4188 2240 4188 2251 4188 2239 4189 2251 4189 2250 4189 2240 4190 2241 4190 2252 4190 2240 4191 2252 4191 2251 4191 2241 4192 2242 4192 2253 4192 2241 4193 2253 4193 2252 4193 2242 4194 2243 4194 2254 4194 2242 4195 2254 4195 2253 4195 2243 4196 2244 4196 2255 4196 2243 4197 2255 4197 2254 4197 2244 4198 2245 4198 2256 4198 2244 4199 2256 4199 2255 4199 2245 4200 2246 4200 2257 4200 2245 4201 2257 4201 2256 4201 2248 4202 2247 4202 2258 4202 2248 4203 2258 4203 2259 4203 2247 4204 2249 4204 2260 4204 2247 4205 2260 4205 2258 4205 2249 4206 2250 4206 2261 4206 2249 4207 2261 4207 2260 4207 2250 4208 2251 4208 2262 4208 2250 4209 2262 4209 2261 4209 2251 4210 2252 4210 2263 4210 2251 4211 2263 4211 2262 4211 2252 4212 2253 4212 2264 4212 2252 4213 2264 4213 2263 4213 2253 4214 2254 4214 2265 4214 2253 4215 2265 4215 2264 4215 2254 4216 2255 4216 2266 4216 2254 4217 2266 4217 2265 4217 2255 4218 2256 4218 2267 4218 2255 4219 2267 4219 2266 4219 2256 4220 2257 4220 2268 4220 2256 4221 2268 4221 2267 4221 2259 4222 2258 4222 2269 4222 2259 4223 2269 4223 2270 4223 2258 4224 2260 4224 2271 4224 2258 4225 2271 4225 2269 4225 2260 4226 2261 4226 2272 4226 2260 4227 2272 4227 2271 4227 2261 4228 2262 4228 2273 4228 2261 4229 2273 4229 2272 4229 2262 4230 2263 4230 2274 4230 2262 4231 2274 4231 2273 4231 2263 4232 2264 4232 2275 4232 2263 4233 2275 4233 2274 4233 2264 4234 2265 4234 2276 4234 2264 4235 2276 4235 2275 4235 2265 4236 2266 4236 2277 4236 2265 4237 2277 4237 2276 4237 2266 4238 2267 4238 2278 4238 2266 4239 2278 4239 2277 4239 2267 4240 2268 4240 2279 4240 2267 4241 2279 4241 2278 4241 2270 4242 2269 4242 2070 4242 2270 4243 2070 4243 2069 4243 2269 4244 2271 4244 2081 4244 2269 4245 2081 4245 2070 4245 2271 4246 2272 4246 2092 4246 2271 4247 2092 4247 2081 4247 2272 4248 2273 4248 2103 4248 2272 4249 2103 4249 2092 4249 2273 4250 2274 4250 2114 4250 2273 4251 2114 4251 2103 4251 2274 4252 2275 4252 2125 4252 2274 4253 2125 4253 2114 4253 2275 4254 2276 4254 2136 4254 2275 4255 2136 4255 2125 4255 2276 4256 2277 4256 2147 4256 2276 4257 2147 4257 2136 4257 2277 4258 2278 4258 2158 4258 2277 4259 2158 4259 2147 4259 2278 4260 2279 4260 2169 4260 2278 4261 2169 4261 2158 4261 2280 4262 2281 4262 2282 4262 2280 4263 2282 4263 2283 4263 2281 4264 2284 4264 2285 4264 2281 4265 2285 4265 2282 4265 2284 4266 2286 4266 2287 4266 2284 4267 2287 4267 2285 4267 2286 4268 2288 4268 2289 4268 2286 4269 2289 4269 2287 4269 2288 4270 2290 4270 2291 4270 2288 4271 2291 4271 2289 4271 2290 4272 2292 4272 2293 4272 2290 4273 2293 4273 2291 4273 2292 4274 2294 4274 2295 4274 2292 4275 2295 4275 2293 4275 2294 4276 2296 4276 2297 4276 2294 4277 2297 4277 2295 4277 2296 4278 2298 4278 2299 4278 2296 4279 2299 4279 2297 4279 2298 4280 2160 4280 2159 4280 2298 4281 2159 4281 2299 4281 2283 4282 2282 4282 2300 4282 2283 4283 2300 4283 2301 4283 2282 4284 2285 4284 2302 4284 2282 4285 2302 4285 2300 4285 2285 4286 2287 4286 2303 4286 2285 4287 2303 4287 2302 4287 2287 4288 2289 4288 2304 4288 2287 4289 2304 4289 2303 4289 2289 4290 2291 4290 2305 4290 2289 4291 2305 4291 2304 4291 2291 4292 2293 4292 2306 4292 2291 4293 2306 4293 2305 4293 2293 4294 2295 4294 2307 4294 2293 4295 2307 4295 2306 4295 2295 4296 2297 4296 2308 4296 2295 4297 2308 4297 2307 4297 2297 4298 2299 4298 2309 4298 2297 4299 2309 4299 2308 4299 2299 4300 2159 4300 2161 4300 2299 4301 2161 4301 2309 4301 2301 4302 2300 4302 2310 4302 2301 4303 2310 4303 2311 4303 2300 4304 2302 4304 2312 4304 2300 4305 2312 4305 2310 4305 2302 4306 2303 4306 2313 4306 2302 4307 2313 4307 2312 4307 2303 4308 2304 4308 2314 4308 2303 4309 2314 4309 2313 4309 2304 4310 2305 4310 2315 4310 2304 4311 2315 4311 2314 4311 2305 4312 2306 4312 2316 4312 2305 4313 2316 4313 2315 4313 2306 4314 2307 4314 2317 4314 2306 4315 2317 4315 2316 4315 2307 4316 2308 4316 2318 4316 2307 4317 2318 4317 2317 4317 2308 4318 2309 4318 2319 4318 2308 4319 2319 4319 2318 4319 2309 4320 2161 4320 2162 4320 2309 4321 2162 4321 2319 4321 2311 4322 2310 4322 2320 4322 2311 4323 2320 4323 2321 4323 2310 4324 2312 4324 2322 4324 2310 4325 2322 4325 2320 4325 2312 4326 2313 4326 2323 4326 2312 4327 2323 4327 2322 4327 2313 4328 2314 4328 2324 4328 2313 4329 2324 4329 2323 4329 2314 4330 2315 4330 2325 4330 2314 4331 2325 4331 2324 4331 2315 4332 2316 4332 2326 4332 2315 4333 2326 4333 2325 4333 2316 4334 2317 4334 2327 4334 2316 4335 2327 4335 2326 4335 2317 4336 2318 4336 2328 4336 2317 4337 2328 4337 2327 4337 2318 4338 2319 4338 2329 4338 2318 4339 2329 4339 2328 4339 2319 4340 2162 4340 2163 4340 2319 4341 2163 4341 2329 4341 2321 4342 2320 4342 2330 4342 2321 4343 2330 4343 2331 4343 2320 4344 2322 4344 2332 4344 2320 4345 2332 4345 2330 4345 2322 4346 2323 4346 2333 4346 2322 4347 2333 4347 2332 4347 2323 4348 2324 4348 2334 4348 2323 4349 2334 4349 2333 4349 2324 4350 2325 4350 2335 4350 2324 4351 2335 4351 2334 4351 2325 4352 2326 4352 2336 4352 2325 4353 2336 4353 2335 4353 2326 4354 2327 4354 2337 4354 2326 4355 2337 4355 2336 4355 2327 4356 2328 4356 2338 4356 2327 4357 2338 4357 2337 4357 2328 4358 2329 4358 2339 4358 2328 4359 2339 4359 2338 4359 2329 4360 2163 4360 2164 4360 2329 4361 2164 4361 2339 4361 2331 4362 2330 4362 2340 4362 2331 4363 2340 4363 2341 4363 2330 4364 2332 4364 2342 4364 2330 4365 2342 4365 2340 4365 2332 4366 2333 4366 2343 4366 2332 4367 2343 4367 2342 4367 2333 4368 2334 4368 2344 4368 2333 4369 2344 4369 2343 4369 2334 4370 2335 4370 2345 4370 2334 4371 2345 4371 2344 4371 2335 4372 2336 4372 2346 4372 2335 4373 2346 4373 2345 4373 2336 4374 2337 4374 2347 4374 2336 4375 2347 4375 2346 4375 2337 4376 2338 4376 2348 4376 2337 4377 2348 4377 2347 4377 2338 4378 2339 4378 2349 4378 2338 4379 2349 4379 2348 4379 2339 4380 2164 4380 2165 4380 2339 4381 2165 4381 2349 4381 2341 4382 2340 4382 2350 4382 2341 4383 2350 4383 2351 4383 2340 4384 2342 4384 2352 4384 2340 4385 2352 4385 2350 4385 2342 4386 2343 4386 2353 4386 2342 4387 2353 4387 2352 4387 2343 4388 2344 4388 2354 4388 2343 4389 2354 4389 2353 4389 2344 4390 2345 4390 2355 4390 2344 4391 2355 4391 2354 4391 2345 4392 2346 4392 2356 4392 2345 4393 2356 4393 2355 4393 2346 4394 2347 4394 2357 4394 2346 4395 2357 4395 2356 4395 2347 4396 2348 4396 2358 4396 2347 4397 2358 4397 2357 4397 2348 4398 2349 4398 2359 4398 2348 4399 2359 4399 2358 4399 2349 4400 2165 4400 2166 4400 2349 4401 2166 4401 2359 4401 2351 4402 2350 4402 2360 4402 2351 4403 2360 4403 2361 4403 2350 4404 2352 4404 2362 4404 2350 4405 2362 4405 2360 4405 2352 4406 2353 4406 2363 4406 2352 4407 2363 4407 2362 4407 2353 4408 2354 4408 2364 4408 2353 4409 2364 4409 2363 4409 2354 4410 2355 4410 2365 4410 2354 4411 2365 4411 2364 4411 2355 4412 2356 4412 2366 4412 2355 4413 2366 4413 2365 4413 2356 4414 2357 4414 2367 4414 2356 4415 2367 4415 2366 4415 2357 4416 2358 4416 2368 4416 2357 4417 2368 4417 2367 4417 2358 4418 2359 4418 2369 4418 2358 4419 2369 4419 2368 4419 2359 4420 2166 4420 2167 4420 2359 4421 2167 4421 2369 4421 2361 4422 2360 4422 2370 4422 2361 4423 2370 4423 2371 4423 2360 4424 2362 4424 2372 4424 2360 4425 2372 4425 2370 4425 2362 4426 2363 4426 2373 4426 2362 4427 2373 4427 2372 4427 2363 4428 2364 4428 2374 4428 2363 4429 2374 4429 2373 4429 2364 4430 2365 4430 2375 4430 2364 4431 2375 4431 2374 4431 2365 4432 2366 4432 2376 4432 2365 4433 2376 4433 2375 4433 2366 4434 2367 4434 2377 4434 2366 4435 2377 4435 2376 4435 2367 4436 2368 4436 2378 4436 2367 4437 2378 4437 2377 4437 2368 4438 2369 4438 2379 4438 2368 4439 2379 4439 2378 4439 2369 4440 2167 4440 2168 4440 2369 4441 2168 4441 2379 4441 2371 4442 2370 4442 2191 4442 2371 4443 2191 4443 2190 4443 2370 4444 2372 4444 2202 4444 2370 4445 2202 4445 2191 4445 2372 4446 2373 4446 2213 4446 2372 4447 2213 4447 2202 4447 2373 4448 2374 4448 2224 4448 2373 4449 2224 4449 2213 4449 2374 4450 2375 4450 2235 4450 2374 4451 2235 4451 2224 4451 2375 4452 2376 4452 2246 4452 2375 4453 2246 4453 2235 4453 2376 4454 2377 4454 2257 4454 2376 4455 2257 4455 2246 4455 2377 4456 2378 4456 2268 4456 2377 4457 2268 4457 2257 4457 2378 4458 2379 4458 2279 4458 2378 4459 2279 4459 2268 4459 2379 4460 2168 4460 2169 4460 2379 4461 2169 4461 2279 4461 2380 4462 2381 4462 2382 4462 2380 4463 2382 4463 2383 4463 2381 4464 2384 4464 2385 4464 2381 4465 2385 4465 2382 4465 2384 4466 2386 4466 2387 4466 2384 4467 2387 4467 2385 4467 2386 4468 2388 4468 2389 4468 2386 4469 2389 4469 2387 4469 2388 4470 2390 4470 2391 4470 2388 4471 2391 4471 2389 4471 2390 4472 2392 4472 2393 4472 2390 4473 2393 4473 2391 4473 2392 4474 2394 4474 2395 4474 2392 4475 2395 4475 2393 4475 2394 4476 2396 4476 2397 4476 2394 4477 2397 4477 2395 4477 2396 4478 2398 4478 2399 4478 2396 4479 2399 4479 2397 4479 2398 4480 2400 4480 2401 4480 2398 4481 2401 4481 2399 4481 2383 4482 2382 4482 2402 4482 2383 4483 2402 4483 2403 4483 2382 4484 2385 4484 2404 4484 2382 4485 2404 4485 2402 4485 2385 4486 2387 4486 2405 4486 2385 4487 2405 4487 2404 4487 2387 4488 2389 4488 2406 4488 2387 4489 2406 4489 2405 4489 2389 4490 2391 4490 2407 4490 2389 4491 2407 4491 2406 4491 2391 4492 2393 4492 2408 4492 2391 4493 2408 4493 2407 4493 2393 4494 2395 4494 2409 4494 2393 4495 2409 4495 2408 4495 2395 4496 2397 4496 2410 4496 2395 4497 2410 4497 2409 4497 2397 4498 2399 4498 2411 4498 2397 4499 2411 4499 2410 4499 2399 4500 2401 4500 2412 4500 2399 4501 2412 4501 2411 4501 2403 4502 2402 4502 2413 4502 2403 4503 2413 4503 2414 4503 2402 4504 2404 4504 2415 4504 2402 4505 2415 4505 2413 4505 2404 4506 2405 4506 2416 4506 2404 4507 2416 4507 2415 4507 2405 4508 2406 4508 2417 4508 2405 4509 2417 4509 2416 4509 2406 4510 2407 4510 2418 4510 2406 4511 2418 4511 2417 4511 2407 4512 2408 4512 2419 4512 2407 4513 2419 4513 2418 4513 2408 4514 2409 4514 2420 4514 2408 4515 2420 4515 2419 4515 2409 4516 2410 4516 2421 4516 2409 4517 2421 4517 2420 4517 2410 4518 2411 4518 2422 4518 2410 4519 2422 4519 2421 4519 2411 4520 2412 4520 2423 4520 2411 4521 2423 4521 2422 4521 2414 4522 2413 4522 2424 4522 2414 4523 2424 4523 2425 4523 2413 4524 2415 4524 2426 4524 2413 4525 2426 4525 2424 4525 2415 4526 2416 4526 2427 4526 2415 4527 2427 4527 2426 4527 2416 4528 2417 4528 2428 4528 2416 4529 2428 4529 2427 4529 2417 4530 2418 4530 2429 4530 2417 4531 2429 4531 2428 4531 2418 4532 2419 4532 2430 4532 2418 4533 2430 4533 2429 4533 2419 4534 2420 4534 2431 4534 2419 4535 2431 4535 2430 4535 2420 4536 2421 4536 2432 4536 2420 4537 2432 4537 2431 4537 2421 4538 2422 4538 2433 4538 2421 4539 2433 4539 2432 4539 2422 4540 2423 4540 2434 4540 2422 4541 2434 4541 2433 4541 2425 4542 2424 4542 2435 4542 2425 4543 2435 4543 2436 4543 2424 4544 2426 4544 2437 4544 2424 4545 2437 4545 2435 4545 2426 4546 2427 4546 2438 4546 2426 4547 2438 4547 2437 4547 2427 4548 2428 4548 2439 4548 2427 4549 2439 4549 2438 4549 2428 4550 2429 4550 2440 4550 2428 4551 2440 4551 2439 4551 2429 4552 2430 4552 2441 4552 2429 4553 2441 4553 2440 4553 2430 4554 2431 4554 2442 4554 2430 4555 2442 4555 2441 4555 2431 4556 2432 4556 2443 4556 2431 4557 2443 4557 2442 4557 2432 4558 2433 4558 2444 4558 2432 4559 2444 4559 2443 4559 2433 4560 2434 4560 2445 4560 2433 4561 2445 4561 2444 4561 2436 4562 2435 4562 2446 4562 2436 4563 2446 4563 2447 4563 2435 4564 2437 4564 2448 4564 2435 4565 2448 4565 2446 4565 2437 4566 2438 4566 2449 4566 2437 4567 2449 4567 2448 4567 2438 4568 2439 4568 2450 4568 2438 4569 2450 4569 2449 4569 2439 4570 2440 4570 2451 4570 2439 4571 2451 4571 2450 4571 2440 4572 2441 4572 2452 4572 2440 4573 2452 4573 2451 4573 2441 4574 2442 4574 2453 4574 2441 4575 2453 4575 2452 4575 2442 4576 2443 4576 2454 4576 2442 4577 2454 4577 2453 4577 2443 4578 2444 4578 2455 4578 2443 4579 2455 4579 2454 4579 2444 4580 2445 4580 2456 4580 2444 4581 2456 4581 2455 4581 2447 4582 2446 4582 2457 4582 2447 4583 2457 4583 2458 4583 2446 4584 2448 4584 2459 4584 2446 4585 2459 4585 2457 4585 2448 4586 2449 4586 2460 4586 2448 4587 2460 4587 2459 4587 2449 4588 2450 4588 2461 4588 2449 4589 2461 4589 2460 4589 2450 4590 2451 4590 2462 4590 2450 4591 2462 4591 2461 4591 2451 4592 2452 4592 2463 4592 2451 4593 2463 4593 2462 4593 2452 4594 2453 4594 2464 4594 2452 4595 2464 4595 2463 4595 2453 4596 2454 4596 2465 4596 2453 4597 2465 4597 2464 4597 2454 4598 2455 4598 2466 4598 2454 4599 2466 4599 2465 4599 2455 4600 2456 4600 2467 4600 2455 4601 2467 4601 2466 4601 2458 4602 2457 4602 2468 4602 2458 4603 2468 4603 2469 4603 2457 4604 2459 4604 2470 4604 2457 4605 2470 4605 2468 4605 2459 4606 2460 4606 2471 4606 2459 4607 2471 4607 2470 4607 2460 4608 2461 4608 2472 4608 2460 4609 2472 4609 2471 4609 2461 4610 2462 4610 2473 4610 2461 4611 2473 4611 2472 4611 2462 4612 2463 4612 2474 4612 2462 4613 2474 4613 2473 4613 2463 4614 2464 4614 2475 4614 2463 4615 2475 4615 2474 4615 2464 4616 2465 4616 2476 4616 2464 4617 2476 4617 2475 4617 2465 4618 2466 4618 2477 4618 2465 4619 2477 4619 2476 4619 2466 4620 2467 4620 2478 4620 2466 4621 2478 4621 2477 4621 2469 4622 2468 4622 2479 4622 2469 4623 2479 4623 2480 4623 2468 4624 2470 4624 2481 4624 2468 4625 2481 4625 2479 4625 2470 4626 2471 4626 2482 4626 2470 4627 2482 4627 2481 4627 2471 4628 2472 4628 2483 4628 2471 4629 2483 4629 2482 4629 2472 4630 2473 4630 2484 4630 2472 4631 2484 4631 2483 4631 2473 4632 2474 4632 2485 4632 2473 4633 2485 4633 2484 4633 2474 4634 2475 4634 2486 4634 2474 4635 2486 4635 2485 4635 2475 4636 2476 4636 2487 4636 2475 4637 2487 4637 2486 4637 2476 4638 2477 4638 2488 4638 2476 4639 2488 4639 2487 4639 2477 4640 2478 4640 2489 4640 2477 4641 2489 4641 2488 4641 2480 4642 2479 4642 2490 4642 2480 4643 2490 4643 2491 4643 2479 4644 2481 4644 2492 4644 2479 4645 2492 4645 2490 4645 2481 4646 2482 4646 2493 4646 2481 4647 2493 4647 2492 4647 2482 4648 2483 4648 2494 4648 2482 4649 2494 4649 2493 4649 2483 4650 2484 4650 2495 4650 2483 4651 2495 4651 2494 4651 2484 4652 2485 4652 2496 4652 2484 4653 2496 4653 2495 4653 2485 4654 2486 4654 2497 4654 2485 4655 2497 4655 2496 4655 2486 4656 2487 4656 2498 4656 2486 4657 2498 4657 2497 4657 2487 4658 2488 4658 2499 4658 2487 4659 2499 4659 2498 4659 2488 4660 2489 4660 2500 4660 2488 4661 2500 4661 2499 4661 2501 4662 2502 4662 2503 4662 2501 4663 2503 4663 2504 4663 2502 4664 2505 4664 2506 4664 2502 4665 2506 4665 2503 4665 2505 4666 2507 4666 2508 4666 2505 4667 2508 4667 2506 4667 2507 4668 2509 4668 2510 4668 2507 4669 2510 4669 2508 4669 2509 4670 2511 4670 2512 4670 2509 4671 2512 4671 2510 4671 2511 4672 2513 4672 2514 4672 2511 4673 2514 4673 2512 4673 2513 4674 2515 4674 2516 4674 2513 4675 2516 4675 2514 4675 2515 4676 2517 4676 2518 4676 2515 4677 2518 4677 2516 4677 2517 4678 2519 4678 2520 4678 2517 4679 2520 4679 2518 4679 2519 4680 2521 4680 2522 4680 2519 4681 2522 4681 2520 4681 2504 4682 2503 4682 2523 4682 2504 4683 2523 4683 2524 4683 2503 4684 2506 4684 2525 4684 2503 4685 2525 4685 2523 4685 2506 4686 2508 4686 2526 4686 2506 4687 2526 4687 2525 4687 2508 4688 2510 4688 2527 4688 2508 4689 2527 4689 2526 4689 2510 4690 2512 4690 2528 4690 2510 4691 2528 4691 2527 4691 2512 4692 2514 4692 2529 4692 2512 4693 2529 4693 2528 4693 2514 4694 2516 4694 2530 4694 2514 4695 2530 4695 2529 4695 2516 4696 2518 4696 2531 4696 2516 4697 2531 4697 2530 4697 2518 4698 2520 4698 2532 4698 2518 4699 2532 4699 2531 4699 2520 4700 2522 4700 2533 4700 2520 4701 2533 4701 2532 4701 2524 4702 2523 4702 2534 4702 2524 4703 2534 4703 2535 4703 2523 4704 2525 4704 2536 4704 2523 4705 2536 4705 2534 4705 2525 4706 2526 4706 2537 4706 2525 4707 2537 4707 2536 4707 2526 4708 2527 4708 2538 4708 2526 4709 2538 4709 2537 4709 2527 4710 2528 4710 2539 4710 2527 4711 2539 4711 2538 4711 2528 4712 2529 4712 2540 4712 2528 4713 2540 4713 2539 4713 2529 4714 2530 4714 2541 4714 2529 4715 2541 4715 2540 4715 2530 4716 2531 4716 2542 4716 2530 4717 2542 4717 2541 4717 2531 4718 2532 4718 2543 4718 2531 4719 2543 4719 2542 4719 2532 4720 2533 4720 2544 4720 2532 4721 2544 4721 2543 4721 2535 4722 2534 4722 2545 4722 2535 4723 2545 4723 2546 4723 2534 4724 2536 4724 2547 4724 2534 4725 2547 4725 2545 4725 2536 4726 2537 4726 2548 4726 2536 4727 2548 4727 2547 4727 2537 4728 2538 4728 2549 4728 2537 4729 2549 4729 2548 4729 2538 4730 2539 4730 2550 4730 2538 4731 2550 4731 2549 4731 2539 4732 2540 4732 2551 4732 2539 4733 2551 4733 2550 4733 2540 4734 2541 4734 2552 4734 2540 4735 2552 4735 2551 4735 2541 4736 2542 4736 2553 4736 2541 4737 2553 4737 2552 4737 2542 4738 2543 4738 2554 4738 2542 4739 2554 4739 2553 4739 2543 4740 2544 4740 2555 4740 2543 4741 2555 4741 2554 4741 2546 4742 2545 4742 2556 4742 2546 4743 2556 4743 2557 4743 2545 4744 2547 4744 2558 4744 2545 4745 2558 4745 2556 4745 2547 4746 2548 4746 2559 4746 2547 4747 2559 4747 2558 4747 2548 4748 2549 4748 2560 4748 2548 4749 2560 4749 2559 4749 2549 4750 2550 4750 2561 4750 2549 4751 2561 4751 2560 4751 2550 4752 2551 4752 2562 4752 2550 4753 2562 4753 2561 4753 2551 4754 2552 4754 2563 4754 2551 4755 2563 4755 2562 4755 2552 4756 2553 4756 2564 4756 2552 4757 2564 4757 2563 4757 2553 4758 2554 4758 2565 4758 2553 4759 2565 4759 2564 4759 2554 4760 2555 4760 2566 4760 2554 4761 2566 4761 2565 4761 2557 4762 2556 4762 2567 4762 2557 4763 2567 4763 2568 4763 2556 4764 2558 4764 2569 4764 2556 4765 2569 4765 2567 4765 2558 4766 2559 4766 2570 4766 2558 4767 2570 4767 2569 4767 2559 4768 2560 4768 2571 4768 2559 4769 2571 4769 2570 4769 2560 4770 2561 4770 2572 4770 2560 4771 2572 4771 2571 4771 2561 4772 2562 4772 2573 4772 2561 4773 2573 4773 2572 4773 2562 4774 2563 4774 2574 4774 2562 4775 2574 4775 2573 4775 2563 4776 2564 4776 2575 4776 2563 4777 2575 4777 2574 4777 2564 4778 2565 4778 2576 4778 2564 4779 2576 4779 2575 4779 2565 4780 2566 4780 2577 4780 2565 4781 2577 4781 2576 4781 2568 4782 2567 4782 2578 4782 2568 4783 2578 4783 2579 4783 2567 4784 2569 4784 2580 4784 2567 4785 2580 4785 2578 4785 2569 4786 2570 4786 2581 4786 2569 4787 2581 4787 2580 4787 2570 4788 2571 4788 2582 4788 2570 4789 2582 4789 2581 4789 2571 4790 2572 4790 2583 4790 2571 4791 2583 4791 2582 4791 2572 4792 2573 4792 2584 4792 2572 4793 2584 4793 2583 4793 2573 4794 2574 4794 2585 4794 2573 4795 2585 4795 2584 4795 2574 4796 2575 4796 2586 4796 2574 4797 2586 4797 2585 4797 2575 4798 2576 4798 2587 4798 2575 4799 2587 4799 2586 4799 2576 4800 2577 4800 2588 4800 2576 4801 2588 4801 2587 4801 2579 4802 2578 4802 2589 4802 2579 4803 2589 4803 2590 4803 2578 4804 2580 4804 2591 4804 2578 4805 2591 4805 2589 4805 2580 4806 2581 4806 2592 4806 2580 4807 2592 4807 2591 4807 2581 4808 2582 4808 2593 4808 2581 4809 2593 4809 2592 4809 2582 4810 2583 4810 2594 4810 2582 4811 2594 4811 2593 4811 2583 4812 2584 4812 2595 4812 2583 4813 2595 4813 2594 4813 2584 4814 2585 4814 2596 4814 2584 4815 2596 4815 2595 4815 2585 4816 2586 4816 2597 4816 2585 4817 2597 4817 2596 4817 2586 4818 2587 4818 2598 4818 2586 4819 2598 4819 2597 4819 2587 4820 2588 4820 2599 4820 2587 4821 2599 4821 2598 4821 2590 4822 2589 4822 2600 4822 2590 4823 2600 4823 2601 4823 2589 4824 2591 4824 2602 4824 2589 4825 2602 4825 2600 4825 2591 4826 2592 4826 2603 4826 2591 4827 2603 4827 2602 4827 2592 4828 2593 4828 2604 4828 2592 4829 2604 4829 2603 4829 2593 4830 2594 4830 2605 4830 2593 4831 2605 4831 2604 4831 2594 4832 2595 4832 2606 4832 2594 4833 2606 4833 2605 4833 2595 4834 2596 4834 2607 4834 2595 4835 2607 4835 2606 4835 2596 4836 2597 4836 2608 4836 2596 4837 2608 4837 2607 4837 2597 4838 2598 4838 2609 4838 2597 4839 2609 4839 2608 4839 2598 4840 2599 4840 2610 4840 2598 4841 2610 4841 2609 4841 2601 4842 2600 4842 2401 4842 2601 4843 2401 4843 2400 4843 2600 4844 2602 4844 2412 4844 2600 4845 2412 4845 2401 4845 2602 4846 2603 4846 2423 4846 2602 4847 2423 4847 2412 4847 2603 4848 2604 4848 2434 4848 2603 4849 2434 4849 2423 4849 2604 4850 2605 4850 2445 4850 2604 4851 2445 4851 2434 4851 2605 4852 2606 4852 2456 4852 2605 4853 2456 4853 2445 4853 2606 4854 2607 4854 2467 4854 2606 4855 2467 4855 2456 4855 2607 4856 2608 4856 2478 4856 2607 4857 2478 4857 2467 4857 2608 4858 2609 4858 2489 4858 2608 4859 2489 4859 2478 4859 2609 4860 2610 4860 2500 4860 2609 4861 2500 4861 2489 4861 2611 4862 2612 4862 2613 4862 2611 4863 2613 4863 2614 4863 2612 4864 2615 4864 2616 4864 2612 4865 2616 4865 2613 4865 2615 4866 2617 4866 2618 4866 2615 4867 2618 4867 2616 4867 2617 4868 2619 4868 2620 4868 2617 4869 2620 4869 2618 4869 2619 4870 2621 4870 2622 4870 2619 4871 2622 4871 2620 4871 2621 4872 2623 4872 2624 4872 2621 4873 2624 4873 2622 4873 2623 4874 2625 4874 2626 4874 2623 4875 2626 4875 2624 4875 2625 4876 2627 4876 2628 4876 2625 4877 2628 4877 2626 4877 2627 4878 2629 4878 2630 4878 2627 4879 2630 4879 2628 4879 2629 4880 2491 4880 2490 4880 2629 4881 2490 4881 2630 4881 2614 4882 2613 4882 2631 4882 2614 4883 2631 4883 2632 4883 2613 4884 2616 4884 2633 4884 2613 4885 2633 4885 2631 4885 2616 4886 2618 4886 2634 4886 2616 4887 2634 4887 2633 4887 2618 4888 2620 4888 2635 4888 2618 4889 2635 4889 2634 4889 2620 4890 2622 4890 2636 4890 2620 4891 2636 4891 2635 4891 2622 4892 2624 4892 2637 4892 2622 4893 2637 4893 2636 4893 2624 4894 2626 4894 2638 4894 2624 4895 2638 4895 2637 4895 2626 4896 2628 4896 2639 4896 2626 4897 2639 4897 2638 4897 2628 4898 2630 4898 2640 4898 2628 4899 2640 4899 2639 4899 2630 4900 2490 4900 2492 4900 2630 4901 2492 4901 2640 4901 2632 4902 2631 4902 2641 4902 2632 4903 2641 4903 2642 4903 2631 4904 2633 4904 2643 4904 2631 4905 2643 4905 2641 4905 2633 4906 2634 4906 2644 4906 2633 4907 2644 4907 2643 4907 2634 4908 2635 4908 2645 4908 2634 4909 2645 4909 2644 4909 2635 4910 2636 4910 2646 4910 2635 4911 2646 4911 2645 4911 2636 4912 2637 4912 2647 4912 2636 4913 2647 4913 2646 4913 2637 4914 2638 4914 2648 4914 2637 4915 2648 4915 2647 4915 2638 4916 2639 4916 2649 4916 2638 4917 2649 4917 2648 4917 2639 4918 2640 4918 2650 4918 2639 4919 2650 4919 2649 4919 2640 4920 2492 4920 2493 4920 2640 4921 2493 4921 2650 4921 2642 4922 2641 4922 2651 4922 2642 4923 2651 4923 2652 4923 2641 4924 2643 4924 2653 4924 2641 4925 2653 4925 2651 4925 2643 4926 2644 4926 2654 4926 2643 4927 2654 4927 2653 4927 2644 4928 2645 4928 2655 4928 2644 4929 2655 4929 2654 4929 2645 4930 2646 4930 2656 4930 2645 4931 2656 4931 2655 4931 2646 4932 2647 4932 2657 4932 2646 4933 2657 4933 2656 4933 2647 4934 2648 4934 2658 4934 2647 4935 2658 4935 2657 4935 2648 4936 2649 4936 2659 4936 2648 4937 2659 4937 2658 4937 2649 4938 2650 4938 2660 4938 2649 4939 2660 4939 2659 4939 2650 4940 2493 4940 2494 4940 2650 4941 2494 4941 2660 4941 2652 4942 2651 4942 2661 4942 2652 4943 2661 4943 2662 4943 2651 4944 2653 4944 2663 4944 2651 4945 2663 4945 2661 4945 2653 4946 2654 4946 2664 4946 2653 4947 2664 4947 2663 4947 2654 4948 2655 4948 2665 4948 2654 4949 2665 4949 2664 4949 2655 4950 2656 4950 2666 4950 2655 4951 2666 4951 2665 4951 2656 4952 2657 4952 2667 4952 2656 4953 2667 4953 2666 4953 2657 4954 2658 4954 2668 4954 2657 4955 2668 4955 2667 4955 2658 4956 2659 4956 2669 4956 2658 4957 2669 4957 2668 4957 2659 4958 2660 4958 2670 4958 2659 4959 2670 4959 2669 4959 2660 4960 2494 4960 2495 4960 2660 4961 2495 4961 2670 4961 2662 4962 2661 4962 2671 4962 2662 4963 2671 4963 2672 4963 2661 4964 2663 4964 2673 4964 2661 4965 2673 4965 2671 4965 2663 4966 2664 4966 2674 4966 2663 4967 2674 4967 2673 4967 2664 4968 2665 4968 2675 4968 2664 4969 2675 4969 2674 4969 2665 4970 2666 4970 2676 4970 2665 4971 2676 4971 2675 4971 2666 4972 2667 4972 2677 4972 2666 4973 2677 4973 2676 4973 2667 4974 2668 4974 2678 4974 2667 4975 2678 4975 2677 4975 2668 4976 2669 4976 2679 4976 2668 4977 2679 4977 2678 4977 2669 4978 2670 4978 2680 4978 2669 4979 2680 4979 2679 4979 2670 4980 2495 4980 2496 4980 2670 4981 2496 4981 2680 4981 2672 4982 2671 4982 2681 4982 2672 4983 2681 4983 2682 4983 2671 4984 2673 4984 2683 4984 2671 4985 2683 4985 2681 4985 2673 4986 2674 4986 2684 4986 2673 4987 2684 4987 2683 4987 2674 4988 2675 4988 2685 4988 2674 4989 2685 4989 2684 4989 2675 4990 2676 4990 2686 4990 2675 4991 2686 4991 2685 4991 2676 4992 2677 4992 2687 4992 2676 4993 2687 4993 2686 4993 2677 4994 2678 4994 2688 4994 2677 4995 2688 4995 2687 4995 2678 4996 2679 4996 2689 4996 2678 4997 2689 4997 2688 4997 2679 4998 2680 4998 2690 4998 2679 4999 2690 4999 2689 4999 2680 5000 2496 5000 2497 5000 2680 5001 2497 5001 2690 5001 2682 5002 2681 5002 2691 5002 2682 5003 2691 5003 2692 5003 2681 5004 2683 5004 2693 5004 2681 5005 2693 5005 2691 5005 2683 5006 2684 5006 2694 5006 2683 5007 2694 5007 2693 5007 2684 5008 2685 5008 2695 5008 2684 5009 2695 5009 2694 5009 2685 5010 2686 5010 2696 5010 2685 5011 2696 5011 2695 5011 2686 5012 2687 5012 2697 5012 2686 5013 2697 5013 2696 5013 2687 5014 2688 5014 2698 5014 2687 5015 2698 5015 2697 5015 2688 5016 2689 5016 2699 5016 2688 5017 2699 5017 2698 5017 2689 5018 2690 5018 2700 5018 2689 5019 2700 5019 2699 5019 2690 5020 2497 5020 2498 5020 2690 5021 2498 5021 2700 5021 2692 5022 2691 5022 2701 5022 2692 5023 2701 5023 2702 5023 2691 5024 2693 5024 2703 5024 2691 5025 2703 5025 2701 5025 2693 5026 2694 5026 2704 5026 2693 5027 2704 5027 2703 5027 2694 5028 2695 5028 2705 5028 2694 5029 2705 5029 2704 5029 2695 5030 2696 5030 2706 5030 2695 5031 2706 5031 2705 5031 2696 5032 2697 5032 2707 5032 2696 5033 2707 5033 2706 5033 2697 5034 2698 5034 2708 5034 2697 5035 2708 5035 2707 5035 2698 5036 2699 5036 2709 5036 2698 5037 2709 5037 2708 5037 2699 5038 2700 5038 2710 5038 2699 5039 2710 5039 2709 5039 2700 5040 2498 5040 2499 5040 2700 5041 2499 5041 2710 5041 2702 5042 2701 5042 2522 5042 2702 5043 2522 5043 2521 5043 2701 5044 2703 5044 2533 5044 2701 5045 2533 5045 2522 5045 2703 5046 2704 5046 2544 5046 2703 5047 2544 5047 2533 5047 2704 5048 2705 5048 2555 5048 2704 5049 2555 5049 2544 5049 2705 5050 2706 5050 2566 5050 2705 5051 2566 5051 2555 5051 2706 5052 2707 5052 2577 5052 2706 5053 2577 5053 2566 5053 2707 5054 2708 5054 2588 5054 2707 5055 2588 5055 2577 5055 2708 5056 2709 5056 2599 5056 2708 5057 2599 5057 2588 5057 2709 5058 2710 5058 2610 5058 2709 5059 2610 5059 2599 5059 2710 5060 2499 5060 2500 5060 2710 5061 2500 5061 2610 5061 2711 5062 2712 5062 2713 5062 2711 5063 2713 5063 2714 5063 2712 5064 2715 5064 2716 5064 2712 5065 2716 5065 2713 5065 2715 5066 2717 5066 2718 5066 2715 5067 2718 5067 2716 5067 2717 5068 2719 5068 2720 5068 2717 5069 2720 5069 2718 5069 2719 5070 2721 5070 2722 5070 2719 5071 2722 5071 2720 5071 2721 5072 2723 5072 2724 5072 2721 5073 2724 5073 2722 5073 2723 5074 2725 5074 2726 5074 2723 5075 2726 5075 2724 5075 2725 5076 2727 5076 2728 5076 2725 5077 2728 5077 2726 5077 2727 5078 2729 5078 2730 5078 2727 5079 2730 5079 2728 5079 2729 5080 2731 5080 2732 5080 2729 5081 2732 5081 2730 5081 2714 5082 2713 5082 2733 5082 2714 5083 2733 5083 2734 5083 2713 5084 2716 5084 2735 5084 2713 5085 2735 5085 2733 5085 2716 5086 2718 5086 2736 5086 2716 5087 2736 5087 2735 5087 2718 5088 2720 5088 2737 5088 2718 5089 2737 5089 2736 5089 2720 5090 2722 5090 2738 5090 2720 5091 2738 5091 2737 5091 2722 5092 2724 5092 2739 5092 2722 5093 2739 5093 2738 5093 2724 5094 2726 5094 2740 5094 2724 5095 2740 5095 2739 5095 2726 5096 2728 5096 2741 5096 2726 5097 2741 5097 2740 5097 2728 5098 2730 5098 2742 5098 2728 5099 2742 5099 2741 5099 2730 5100 2732 5100 2743 5100 2730 5101 2743 5101 2742 5101 2734 5102 2733 5102 2744 5102 2734 5103 2744 5103 2745 5103 2733 5104 2735 5104 2746 5104 2733 5105 2746 5105 2744 5105 2735 5106 2736 5106 2747 5106 2735 5107 2747 5107 2746 5107 2736 5108 2737 5108 2748 5108 2736 5109 2748 5109 2747 5109 2737 5110 2738 5110 2749 5110 2737 5111 2749 5111 2748 5111 2738 5112 2739 5112 2750 5112 2738 5113 2750 5113 2749 5113 2739 5114 2740 5114 2751 5114 2739 5115 2751 5115 2750 5115 2740 5116 2741 5116 2752 5116 2740 5117 2752 5117 2751 5117 2741 5118 2742 5118 2753 5118 2741 5119 2753 5119 2752 5119 2742 5120 2743 5120 2754 5120 2742 5121 2754 5121 2753 5121 2745 5122 2744 5122 2755 5122 2745 5123 2755 5123 2756 5123 2744 5124 2746 5124 2757 5124 2744 5125 2757 5125 2755 5125 2746 5126 2747 5126 2758 5126 2746 5127 2758 5127 2757 5127 2747 5128 2748 5128 2759 5128 2747 5129 2759 5129 2758 5129 2748 5130 2749 5130 2760 5130 2748 5131 2760 5131 2759 5131 2749 5132 2750 5132 2761 5132 2749 5133 2761 5133 2760 5133 2750 5134 2751 5134 2762 5134 2750 5135 2762 5135 2761 5135 2751 5136 2752 5136 2763 5136 2751 5137 2763 5137 2762 5137 2752 5138 2753 5138 2764 5138 2752 5139 2764 5139 2763 5139 2753 5140 2754 5140 2765 5140 2753 5141 2765 5141 2764 5141 2756 5142 2755 5142 2766 5142 2756 5143 2766 5143 2767 5143 2755 5144 2757 5144 2768 5144 2755 5145 2768 5145 2766 5145 2757 5146 2758 5146 2769 5146 2757 5147 2769 5147 2768 5147 2758 5148 2759 5148 2770 5148 2758 5149 2770 5149 2769 5149 2759 5150 2760 5150 2771 5150 2759 5151 2771 5151 2770 5151 2760 5152 2761 5152 2772 5152 2760 5153 2772 5153 2771 5153 2761 5154 2762 5154 2773 5154 2761 5155 2773 5155 2772 5155 2762 5156 2763 5156 2774 5156 2762 5157 2774 5157 2773 5157 2763 5158 2764 5158 2775 5158 2763 5159 2775 5159 2774 5159 2764 5160 2765 5160 2776 5160 2764 5161 2776 5161 2775 5161 2767 5162 2766 5162 2777 5162 2767 5163 2777 5163 2778 5163 2766 5164 2768 5164 2779 5164 2766 5165 2779 5165 2777 5165 2768 5166 2769 5166 2780 5166 2768 5167 2780 5167 2779 5167 2769 5168 2770 5168 2781 5168 2769 5169 2781 5169 2780 5169 2770 5170 2771 5170 2782 5170 2770 5171 2782 5171 2781 5171 2771 5172 2772 5172 2783 5172 2771 5173 2783 5173 2782 5173 2772 5174 2773 5174 2784 5174 2772 5175 2784 5175 2783 5175 2773 5176 2774 5176 2785 5176 2773 5177 2785 5177 2784 5177 2774 5178 2775 5178 2786 5178 2774 5179 2786 5179 2785 5179 2775 5180 2776 5180 2787 5180 2775 5181 2787 5181 2786 5181 2778 5182 2777 5182 2788 5182 2778 5183 2788 5183 2789 5183 2777 5184 2779 5184 2790 5184 2777 5185 2790 5185 2788 5185 2779 5186 2780 5186 2791 5186 2779 5187 2791 5187 2790 5187 2780 5188 2781 5188 2792 5188 2780 5189 2792 5189 2791 5189 2781 5190 2782 5190 2793 5190 2781 5191 2793 5191 2792 5191 2782 5192 2783 5192 2794 5192 2782 5193 2794 5193 2793 5193 2783 5194 2784 5194 2795 5194 2783 5195 2795 5195 2794 5195 2784 5196 2785 5196 2796 5196 2784 5197 2796 5197 2795 5197 2785 5198 2786 5198 2797 5198 2785 5199 2797 5199 2796 5199 2786 5200 2787 5200 2798 5200 2786 5201 2798 5201 2797 5201 2789 5202 2788 5202 2799 5202 2789 5203 2799 5203 2800 5203 2788 5204 2790 5204 2801 5204 2788 5205 2801 5205 2799 5205 2790 5206 2791 5206 2802 5206 2790 5207 2802 5207 2801 5207 2791 5208 2792 5208 2803 5208 2791 5209 2803 5209 2802 5209 2792 5210 2793 5210 2804 5210 2792 5211 2804 5211 2803 5211 2793 5212 2794 5212 2805 5212 2793 5213 2805 5213 2804 5213 2794 5214 2795 5214 2806 5214 2794 5215 2806 5215 2805 5215 2795 5216 2796 5216 2807 5216 2795 5217 2807 5217 2806 5217 2796 5218 2797 5218 2808 5218 2796 5219 2808 5219 2807 5219 2797 5220 2798 5220 2809 5220 2797 5221 2809 5221 2808 5221 2800 5222 2799 5222 2810 5222 2800 5223 2810 5223 2811 5223 2799 5224 2801 5224 2812 5224 2799 5225 2812 5225 2810 5225 2801 5226 2802 5226 2813 5226 2801 5227 2813 5227 2812 5227 2802 5228 2803 5228 2814 5228 2802 5229 2814 5229 2813 5229 2803 5230 2804 5230 2815 5230 2803 5231 2815 5231 2814 5231 2804 5232 2805 5232 2816 5232 2804 5233 2816 5233 2815 5233 2805 5234 2806 5234 2817 5234 2805 5235 2817 5235 2816 5235 2806 5236 2807 5236 2818 5236 2806 5237 2818 5237 2817 5237 2807 5238 2808 5238 2819 5238 2807 5239 2819 5239 2818 5239 2808 5240 2809 5240 2820 5240 2808 5241 2820 5241 2819 5241 2811 5242 2810 5242 2821 5242 2811 5243 2821 5243 2822 5243 2810 5244 2812 5244 2823 5244 2810 5245 2823 5245 2821 5245 2812 5246 2813 5246 2824 5246 2812 5247 2824 5247 2823 5247 2813 5248 2814 5248 2825 5248 2813 5249 2825 5249 2824 5249 2814 5250 2815 5250 2826 5250 2814 5251 2826 5251 2825 5251 2815 5252 2816 5252 2827 5252 2815 5253 2827 5253 2826 5253 2816 5254 2817 5254 2828 5254 2816 5255 2828 5255 2827 5255 2817 5256 2818 5256 2829 5256 2817 5257 2829 5257 2828 5257 2818 5258 2819 5258 2830 5258 2818 5259 2830 5259 2829 5259 2819 5260 2820 5260 2831 5260 2819 5261 2831 5261 2830 5261 2832 5262 2833 5262 2834 5262 2832 5263 2834 5263 2835 5263 2833 5264 2836 5264 2837 5264 2833 5265 2837 5265 2834 5265 2836 5266 2838 5266 2839 5266 2836 5267 2839 5267 2837 5267 2838 5268 2840 5268 2841 5268 2838 5269 2841 5269 2839 5269 2840 5270 2842 5270 2843 5270 2840 5271 2843 5271 2841 5271 2842 5272 2844 5272 2845 5272 2842 5273 2845 5273 2843 5273 2844 5274 2846 5274 2847 5274 2844 5275 2847 5275 2845 5275 2846 5276 2848 5276 2849 5276 2846 5277 2849 5277 2847 5277 2848 5278 2850 5278 2851 5278 2848 5279 2851 5279 2849 5279 2850 5280 2852 5280 2853 5280 2850 5281 2853 5281 2851 5281 2835 5282 2834 5282 2854 5282 2835 5283 2854 5283 2855 5283 2834 5284 2837 5284 2856 5284 2834 5285 2856 5285 2854 5285 2837 5286 2839 5286 2857 5286 2837 5287 2857 5287 2856 5287 2839 5288 2841 5288 2858 5288 2839 5289 2858 5289 2857 5289 2841 5290 2843 5290 2859 5290 2841 5291 2859 5291 2858 5291 2843 5292 2845 5292 2860 5292 2843 5293 2860 5293 2859 5293 2845 5294 2847 5294 2861 5294 2845 5295 2861 5295 2860 5295 2847 5296 2849 5296 2862 5296 2847 5297 2862 5297 2861 5297 2849 5298 2851 5298 2863 5298 2849 5299 2863 5299 2862 5299 2851 5300 2853 5300 2864 5300 2851 5301 2864 5301 2863 5301 2855 5302 2854 5302 2865 5302 2855 5303 2865 5303 2866 5303 2854 5304 2856 5304 2867 5304 2854 5305 2867 5305 2865 5305 2856 5306 2857 5306 2868 5306 2856 5307 2868 5307 2867 5307 2857 5308 2858 5308 2869 5308 2857 5309 2869 5309 2868 5309 2858 5310 2859 5310 2870 5310 2858 5311 2870 5311 2869 5311 2859 5312 2860 5312 2871 5312 2859 5313 2871 5313 2870 5313 2860 5314 2861 5314 2872 5314 2860 5315 2872 5315 2871 5315 2861 5316 2862 5316 2873 5316 2861 5317 2873 5317 2872 5317 2862 5318 2863 5318 2874 5318 2862 5319 2874 5319 2873 5319 2863 5320 2864 5320 2875 5320 2863 5321 2875 5321 2874 5321 2866 5322 2865 5322 2876 5322 2866 5323 2876 5323 2877 5323 2865 5324 2867 5324 2878 5324 2865 5325 2878 5325 2876 5325 2867 5326 2868 5326 2879 5326 2867 5327 2879 5327 2878 5327 2868 5328 2869 5328 2880 5328 2868 5329 2880 5329 2879 5329 2869 5330 2870 5330 2881 5330 2869 5331 2881 5331 2880 5331 2870 5332 2871 5332 2882 5332 2870 5333 2882 5333 2881 5333 2871 5334 2872 5334 2883 5334 2871 5335 2883 5335 2882 5335 2872 5336 2873 5336 2884 5336 2872 5337 2884 5337 2883 5337 2873 5338 2874 5338 2885 5338 2873 5339 2885 5339 2884 5339 2874 5340 2875 5340 2886 5340 2874 5341 2886 5341 2885 5341 2877 5342 2876 5342 2887 5342 2877 5343 2887 5343 2888 5343 2876 5344 2878 5344 2889 5344 2876 5345 2889 5345 2887 5345 2878 5346 2879 5346 2890 5346 2878 5347 2890 5347 2889 5347 2879 5348 2880 5348 2891 5348 2879 5349 2891 5349 2890 5349 2880 5350 2881 5350 2892 5350 2880 5351 2892 5351 2891 5351 2881 5352 2882 5352 2893 5352 2881 5353 2893 5353 2892 5353 2882 5354 2883 5354 2894 5354 2882 5355 2894 5355 2893 5355 2883 5356 2884 5356 2895 5356 2883 5357 2895 5357 2894 5357 2884 5358 2885 5358 2896 5358 2884 5359 2896 5359 2895 5359 2885 5360 2886 5360 2897 5360 2885 5361 2897 5361 2896 5361 2888 5362 2887 5362 2898 5362 2888 5363 2898 5363 2899 5363 2887 5364 2889 5364 2900 5364 2887 5365 2900 5365 2898 5365 2889 5366 2890 5366 2901 5366 2889 5367 2901 5367 2900 5367 2890 5368 2891 5368 2902 5368 2890 5369 2902 5369 2901 5369 2891 5370 2892 5370 2903 5370 2891 5371 2903 5371 2902 5371 2892 5372 2893 5372 2904 5372 2892 5373 2904 5373 2903 5373 2893 5374 2894 5374 2905 5374 2893 5375 2905 5375 2904 5375 2894 5376 2895 5376 2906 5376 2894 5377 2906 5377 2905 5377 2895 5378 2896 5378 2907 5378 2895 5379 2907 5379 2906 5379 2896 5380 2897 5380 2908 5380 2896 5381 2908 5381 2907 5381 2899 5382 2898 5382 2909 5382 2899 5383 2909 5383 2910 5383 2898 5384 2900 5384 2911 5384 2898 5385 2911 5385 2909 5385 2900 5386 2901 5386 2912 5386 2900 5387 2912 5387 2911 5387 2901 5388 2902 5388 2913 5388 2901 5389 2913 5389 2912 5389 2902 5390 2903 5390 2914 5390 2902 5391 2914 5391 2913 5391 2903 5392 2904 5392 2915 5392 2903 5393 2915 5393 2914 5393 2904 5394 2905 5394 2916 5394 2904 5395 2916 5395 2915 5395 2905 5396 2906 5396 2917 5396 2905 5397 2917 5397 2916 5397 2906 5398 2907 5398 2918 5398 2906 5399 2918 5399 2917 5399 2907 5400 2908 5400 2919 5400 2907 5401 2919 5401 2918 5401 2910 5402 2909 5402 2920 5402 2910 5403 2920 5403 2921 5403 2909 5404 2911 5404 2922 5404 2909 5405 2922 5405 2920 5405 2911 5406 2912 5406 2923 5406 2911 5407 2923 5407 2922 5407 2912 5408 2913 5408 2924 5408 2912 5409 2924 5409 2923 5409 2913 5410 2914 5410 2925 5410 2913 5411 2925 5411 2924 5411 2914 5412 2915 5412 2926 5412 2914 5413 2926 5413 2925 5413 2915 5414 2916 5414 2927 5414 2915 5415 2927 5415 2926 5415 2916 5416 2917 5416 2928 5416 2916 5417 2928 5417 2927 5417 2917 5418 2918 5418 2929 5418 2917 5419 2929 5419 2928 5419 2918 5420 2919 5420 2930 5420 2918 5421 2930 5421 2929 5421 2921 5422 2920 5422 2931 5422 2921 5423 2931 5423 2932 5423 2920 5424 2922 5424 2933 5424 2920 5425 2933 5425 2931 5425 2922 5426 2923 5426 2934 5426 2922 5427 2934 5427 2933 5427 2923 5428 2924 5428 2935 5428 2923 5429 2935 5429 2934 5429 2924 5430 2925 5430 2936 5430 2924 5431 2936 5431 2935 5431 2925 5432 2926 5432 2937 5432 2925 5433 2937 5433 2936 5433 2926 5434 2927 5434 2938 5434 2926 5435 2938 5435 2937 5435 2927 5436 2928 5436 2939 5436 2927 5437 2939 5437 2938 5437 2928 5438 2929 5438 2940 5438 2928 5439 2940 5439 2939 5439 2929 5440 2930 5440 2941 5440 2929 5441 2941 5441 2940 5441 2932 5442 2931 5442 2732 5442 2932 5443 2732 5443 2731 5443 2931 5444 2933 5444 2743 5444 2931 5445 2743 5445 2732 5445 2933 5446 2934 5446 2754 5446 2933 5447 2754 5447 2743 5447 2934 5448 2935 5448 2765 5448 2934 5449 2765 5449 2754 5449 2935 5450 2936 5450 2776 5450 2935 5451 2776 5451 2765 5451 2936 5452 2937 5452 2787 5452 2936 5453 2787 5453 2776 5453 2937 5454 2938 5454 2798 5454 2937 5455 2798 5455 2787 5455 2938 5456 2939 5456 2809 5456 2938 5457 2809 5457 2798 5457 2939 5458 2940 5458 2820 5458 2939 5459 2820 5459 2809 5459 2940 5460 2941 5460 2831 5460 2940 5461 2831 5461 2820 5461 2942 5462 2943 5462 2944 5462 2942 5463 2944 5463 2945 5463 2943 5464 2946 5464 2947 5464 2943 5465 2947 5465 2944 5465 2946 5466 2948 5466 2949 5466 2946 5467 2949 5467 2947 5467 2948 5468 2950 5468 2951 5468 2948 5469 2951 5469 2949 5469 2950 5470 2952 5470 2953 5470 2950 5471 2953 5471 2951 5471 2952 5472 2954 5472 2955 5472 2952 5473 2955 5473 2953 5473 2954 5474 2956 5474 2957 5474 2954 5475 2957 5475 2955 5475 2956 5476 2958 5476 2959 5476 2956 5477 2959 5477 2957 5477 2958 5478 2960 5478 2961 5478 2958 5479 2961 5479 2959 5479 2960 5480 2822 5480 2821 5480 2960 5481 2821 5481 2961 5481 2945 5482 2944 5482 2962 5482 2945 5483 2962 5483 2963 5483 2944 5484 2947 5484 2964 5484 2944 5485 2964 5485 2962 5485 2947 5486 2949 5486 2965 5486 2947 5487 2965 5487 2964 5487 2949 5488 2951 5488 2966 5488 2949 5489 2966 5489 2965 5489 2951 5490 2953 5490 2967 5490 2951 5491 2967 5491 2966 5491 2953 5492 2955 5492 2968 5492 2953 5493 2968 5493 2967 5493 2955 5494 2957 5494 2969 5494 2955 5495 2969 5495 2968 5495 2957 5496 2959 5496 2970 5496 2957 5497 2970 5497 2969 5497 2959 5498 2961 5498 2971 5498 2959 5499 2971 5499 2970 5499 2961 5500 2821 5500 2823 5500 2961 5501 2823 5501 2971 5501 2963 5502 2962 5502 2972 5502 2963 5503 2972 5503 2973 5503 2962 5504 2964 5504 2974 5504 2962 5505 2974 5505 2972 5505 2964 5506 2965 5506 2975 5506 2964 5507 2975 5507 2974 5507 2965 5508 2966 5508 2976 5508 2965 5509 2976 5509 2975 5509 2966 5510 2967 5510 2977 5510 2966 5511 2977 5511 2976 5511 2967 5512 2968 5512 2978 5512 2967 5513 2978 5513 2977 5513 2968 5514 2969 5514 2979 5514 2968 5515 2979 5515 2978 5515 2969 5516 2970 5516 2980 5516 2969 5517 2980 5517 2979 5517 2970 5518 2971 5518 2981 5518 2970 5519 2981 5519 2980 5519 2971 5520 2823 5520 2824 5520 2971 5521 2824 5521 2981 5521 2973 5522 2972 5522 2982 5522 2973 5523 2982 5523 2983 5523 2972 5524 2974 5524 2984 5524 2972 5525 2984 5525 2982 5525 2974 5526 2975 5526 2985 5526 2974 5527 2985 5527 2984 5527 2975 5528 2976 5528 2986 5528 2975 5529 2986 5529 2985 5529 2976 5530 2977 5530 2987 5530 2976 5531 2987 5531 2986 5531 2977 5532 2978 5532 2988 5532 2977 5533 2988 5533 2987 5533 2978 5534 2979 5534 2989 5534 2978 5535 2989 5535 2988 5535 2979 5536 2980 5536 2990 5536 2979 5537 2990 5537 2989 5537 2980 5538 2981 5538 2991 5538 2980 5539 2991 5539 2990 5539 2981 5540 2824 5540 2825 5540 2981 5541 2825 5541 2991 5541 2983 5542 2982 5542 2992 5542 2983 5543 2992 5543 2993 5543 2982 5544 2984 5544 2994 5544 2982 5545 2994 5545 2992 5545 2984 5546 2985 5546 2995 5546 2984 5547 2995 5547 2994 5547 2985 5548 2986 5548 2996 5548 2985 5549 2996 5549 2995 5549 2986 5550 2987 5550 2997 5550 2986 5551 2997 5551 2996 5551 2987 5552 2988 5552 2998 5552 2987 5553 2998 5553 2997 5553 2988 5554 2989 5554 2999 5554 2988 5555 2999 5555 2998 5555 2989 5556 2990 5556 3000 5556 2989 5557 3000 5557 2999 5557 2990 5558 2991 5558 3001 5558 2990 5559 3001 5559 3000 5559 2991 5560 2825 5560 2826 5560 2991 5561 2826 5561 3001 5561 2993 5562 2992 5562 3002 5562 2993 5563 3002 5563 3003 5563 2992 5564 2994 5564 3004 5564 2992 5565 3004 5565 3002 5565 2994 5566 2995 5566 3005 5566 2994 5567 3005 5567 3004 5567 2995 5568 2996 5568 3006 5568 2995 5569 3006 5569 3005 5569 2996 5570 2997 5570 3007 5570 2996 5571 3007 5571 3006 5571 2997 5572 2998 5572 3008 5572 2997 5573 3008 5573 3007 5573 2998 5574 2999 5574 3009 5574 2998 5575 3009 5575 3008 5575 2999 5576 3000 5576 3010 5576 2999 5577 3010 5577 3009 5577 3000 5578 3001 5578 3011 5578 3000 5579 3011 5579 3010 5579 3001 5580 2826 5580 2827 5580 3001 5581 2827 5581 3011 5581 3003 5582 3002 5582 3012 5582 3003 5583 3012 5583 3013 5583 3002 5584 3004 5584 3014 5584 3002 5585 3014 5585 3012 5585 3004 5586 3005 5586 3015 5586 3004 5587 3015 5587 3014 5587 3005 5588 3006 5588 3016 5588 3005 5589 3016 5589 3015 5589 3006 5590 3007 5590 3017 5590 3006 5591 3017 5591 3016 5591 3007 5592 3008 5592 3018 5592 3007 5593 3018 5593 3017 5593 3008 5594 3009 5594 3019 5594 3008 5595 3019 5595 3018 5595 3009 5596 3010 5596 3020 5596 3009 5597 3020 5597 3019 5597 3010 5598 3011 5598 3021 5598 3010 5599 3021 5599 3020 5599 3011 5600 2827 5600 2828 5600 3011 5601 2828 5601 3021 5601 3013 5602 3012 5602 3022 5602 3013 5603 3022 5603 3023 5603 3012 5604 3014 5604 3024 5604 3012 5605 3024 5605 3022 5605 3014 5606 3015 5606 3025 5606 3014 5607 3025 5607 3024 5607 3015 5608 3016 5608 3026 5608 3015 5609 3026 5609 3025 5609 3016 5610 3017 5610 3027 5610 3016 5611 3027 5611 3026 5611 3017 5612 3018 5612 3028 5612 3017 5613 3028 5613 3027 5613 3018 5614 3019 5614 3029 5614 3018 5615 3029 5615 3028 5615 3019 5616 3020 5616 3030 5616 3019 5617 3030 5617 3029 5617 3020 5618 3021 5618 3031 5618 3020 5619 3031 5619 3030 5619 3021 5620 2828 5620 2829 5620 3021 5621 2829 5621 3031 5621 3023 5622 3022 5622 3032 5622 3023 5623 3032 5623 3033 5623 3022 5624 3024 5624 3034 5624 3022 5625 3034 5625 3032 5625 3024 5626 3025 5626 3035 5626 3024 5627 3035 5627 3034 5627 3025 5628 3026 5628 3036 5628 3025 5629 3036 5629 3035 5629 3026 5630 3027 5630 3037 5630 3026 5631 3037 5631 3036 5631 3027 5632 3028 5632 3038 5632 3027 5633 3038 5633 3037 5633 3028 5634 3029 5634 3039 5634 3028 5635 3039 5635 3038 5635 3029 5636 3030 5636 3040 5636 3029 5637 3040 5637 3039 5637 3030 5638 3031 5638 3041 5638 3030 5639 3041 5639 3040 5639 3031 5640 2829 5640 2830 5640 3031 5641 2830 5641 3041 5641 3033 5642 3032 5642 2853 5642 3033 5643 2853 5643 2852 5643 3032 5644 3034 5644 2864 5644 3032 5645 2864 5645 2853 5645 3034 5646 3035 5646 2875 5646 3034 5647 2875 5647 2864 5647 3035 5648 3036 5648 2886 5648 3035 5649 2886 5649 2875 5649 3036 5650 3037 5650 2897 5650 3036 5651 2897 5651 2886 5651 3037 5652 3038 5652 2908 5652 3037 5653 2908 5653 2897 5653 3038 5654 3039 5654 2919 5654 3038 5655 2919 5655 2908 5655 3039 5656 3040 5656 2930 5656 3039 5657 2930 5657 2919 5657 3040 5658 3041 5658 2941 5658 3040 5659 2941 5659 2930 5659 3041 5660 2830 5660 2831 5660 3041 5661 2831 5661 2941 5661 3042 5662 1718 5662 1721 5662 3042 5663 1721 5663 3043 5663 3043 5664 1721 5664 1741 5664 3043 5665 1741 5665 3044 5665 3044 5666 1741 5666 1752 5666 3044 5667 1752 5667 3045 5667 3045 5668 1752 5668 1763 5668 3045 5669 1763 5669 3046 5669 3046 5670 1763 5670 1774 5670 3046 5671 1774 5671 3047 5671 3047 5672 1774 5672 1785 5672 3047 5673 1785 5673 3048 5673 3048 5674 1785 5674 1796 5674 3048 5675 1796 5675 3049 5675 3049 5676 1796 5676 1807 5676 3049 5677 1807 5677 3050 5677 3050 5678 1807 5678 1818 5678 3050 5679 1818 5679 3051 5679 3051 5680 1818 5680 1829 5680 3051 5681 1829 5681 3052 5681 3052 5682 1829 5682 1967 5682 3052 5683 1967 5683 3053 5683 3053 5684 1967 5684 1965 5684 3053 5685 1965 5685 3054 5685 3054 5686 1965 5686 1963 5686 3054 5687 1963 5687 3055 5687 3055 5688 1963 5688 1961 5688 3055 5689 1961 5689 3056 5689 3056 5690 1961 5690 1959 5690 3056 5691 1959 5691 3057 5691 3057 5692 1959 5692 1957 5692 3057 5693 1957 5693 3058 5693 3058 5694 1957 5694 1955 5694 3058 5695 1955 5695 3059 5695 3059 5696 1955 5696 1953 5696 3059 5697 1953 5697 3060 5697 3060 5698 1953 5698 1950 5698 3060 5699 1950 5699 3061 5699 3061 5700 1950 5700 1949 5700 3061 5701 1949 5701 3062 5701 1839 5702 2049 5702 2052 5702 1839 5703 2052 5703 1840 5703 1840 5704 2052 5704 2072 5704 1840 5705 2072 5705 1843 5705 1843 5706 2072 5706 2083 5706 1843 5707 2083 5707 1845 5707 1845 5708 2083 5708 2094 5708 1845 5709 2094 5709 1847 5709 1847 5710 2094 5710 2105 5710 1847 5711 2105 5711 1849 5711 1849 5712 2105 5712 2116 5712 1849 5713 2116 5713 1851 5713 1851 5714 2116 5714 2127 5714 1851 5715 2127 5715 1853 5715 1853 5716 2127 5716 2138 5716 1853 5717 2138 5717 1855 5717 1855 5718 2138 5718 2149 5718 1855 5719 2149 5719 1857 5719 1857 5720 2149 5720 2160 5720 1857 5721 2160 5721 1859 5721 1859 5722 2160 5722 2298 5722 1859 5723 2298 5723 2040 5723 2040 5724 2298 5724 2296 5724 2040 5725 2296 5725 2030 5725 2030 5726 2296 5726 2294 5726 2030 5727 2294 5727 2020 5727 2020 5728 2294 5728 2292 5728 2020 5729 2292 5729 2010 5729 2010 5730 2292 5730 2290 5730 2010 5731 2290 5731 2000 5731 2000 5732 2290 5732 2288 5732 2000 5733 2288 5733 1990 5733 1990 5734 2288 5734 2286 5734 1990 5735 2286 5735 1980 5735 1980 5736 2286 5736 2284 5736 1980 5737 2284 5737 1970 5737 1970 5738 2284 5738 2281 5738 1970 5739 2281 5739 1952 5739 1952 5740 2281 5740 2280 5740 1952 5741 2280 5741 1949 5741 2170 5742 3063 5742 3064 5742 2170 5743 3064 5743 2171 5743 2171 5744 3064 5744 3065 5744 2171 5745 3065 5745 2174 5745 2174 5746 3065 5746 3066 5746 2174 5747 3066 5747 2176 5747 2176 5748 3066 5748 3067 5748 2176 5749 3067 5749 2178 5749 2178 5750 3067 5750 3068 5750 2178 5751 3068 5751 2180 5751 2180 5752 3068 5752 3069 5752 2180 5753 3069 5753 2182 5753 2182 5754 3069 5754 3070 5754 2182 5755 3070 5755 2184 5755 2184 5756 3070 5756 3071 5756 2184 5757 3071 5757 2186 5757 2186 5758 3071 5758 3072 5758 2186 5759 3072 5759 2188 5759 2188 5760 3072 5760 3073 5760 2188 5761 3073 5761 2190 5761 2190 5762 3073 5762 3074 5762 2190 5763 3074 5763 2371 5763 2371 5764 3074 5764 3075 5764 2371 5765 3075 5765 2361 5765 2361 5766 3075 5766 3076 5766 2361 5767 3076 5767 2351 5767 2351 5768 3076 5768 3077 5768 2351 5769 3077 5769 2341 5769 2341 5770 3077 5770 3078 5770 2341 5771 3078 5771 2331 5771 2331 5772 3078 5772 3079 5772 2331 5773 3079 5773 2321 5773 2321 5774 3079 5774 3080 5774 2321 5775 3080 5775 2311 5775 2311 5776 3080 5776 3081 5776 2311 5777 3081 5777 2301 5777 2301 5778 3081 5778 3082 5778 2301 5779 3082 5779 2283 5779 2283 5780 3082 5780 3083 5780 2283 5781 3083 5781 2280 5781 3063 5782 3084 5782 3085 5782 3063 5783 3085 5783 3064 5783 3064 5784 3085 5784 3086 5784 3064 5785 3086 5785 3065 5785 3065 5786 3086 5786 3087 5786 3065 5787 3087 5787 3066 5787 3066 5788 3087 5788 3088 5788 3066 5789 3088 5789 3067 5789 3067 5790 3088 5790 3089 5790 3067 5791 3089 5791 3068 5791 3068 5792 3089 5792 3090 5792 3068 5793 3090 5793 3069 5793 3069 5794 3090 5794 3091 5794 3069 5795 3091 5795 3070 5795 3070 5796 3091 5796 3092 5796 3070 5797 3092 5797 3071 5797 3071 5798 3092 5798 3093 5798 3071 5799 3093 5799 3072 5799 3072 5800 3093 5800 3094 5800 3072 5801 3094 5801 3073 5801 3073 5802 3094 5802 3095 5802 3073 5803 3095 5803 3074 5803 3074 5804 3095 5804 3096 5804 3074 5805 3096 5805 3075 5805 3075 5806 3096 5806 3097 5806 3075 5807 3097 5807 3076 5807 3076 5808 3097 5808 3098 5808 3076 5809 3098 5809 3077 5809 3077 5810 3098 5810 3099 5810 3077 5811 3099 5811 3078 5811 3078 5812 3099 5812 3100 5812 3078 5813 3100 5813 3079 5813 3079 5814 3100 5814 3101 5814 3079 5815 3101 5815 3080 5815 3080 5816 3101 5816 3102 5816 3080 5817 3102 5817 3081 5817 3081 5818 3102 5818 3103 5818 3081 5819 3103 5819 3082 5819 3082 5820 3103 5820 3104 5820 3082 5821 3104 5821 3083 5821 2380 5822 3105 5822 3106 5822 2380 5823 3106 5823 2381 5823 2381 5824 3106 5824 3107 5824 2381 5825 3107 5825 2384 5825 2384 5826 3107 5826 3108 5826 2384 5827 3108 5827 2386 5827 2386 5828 3108 5828 3109 5828 2386 5829 3109 5829 2388 5829 2388 5830 3109 5830 3110 5830 2388 5831 3110 5831 2390 5831 2390 5832 3110 5832 3111 5832 2390 5833 3111 5833 2392 5833 2392 5834 3111 5834 3112 5834 2392 5835 3112 5835 2394 5835 2394 5836 3112 5836 3113 5836 2394 5837 3113 5837 2396 5837 2396 5838 3113 5838 3114 5838 2396 5839 3114 5839 2398 5839 2398 5840 3114 5840 3115 5840 2398 5841 3115 5841 2400 5841 2400 5842 3115 5842 3116 5842 2400 5843 3116 5843 2601 5843 2601 5844 3116 5844 3117 5844 2601 5845 3117 5845 2590 5845 2590 5846 3117 5846 3118 5846 2590 5847 3118 5847 2579 5847 2579 5848 3118 5848 3119 5848 2579 5849 3119 5849 2568 5849 2568 5850 3119 5850 3120 5850 2568 5851 3120 5851 2557 5851 2557 5852 3120 5852 3121 5852 2557 5853 3121 5853 2546 5853 2546 5854 3121 5854 3122 5854 2546 5855 3122 5855 2535 5855 2535 5856 3122 5856 3123 5856 2535 5857 3123 5857 2524 5857 2524 5858 3123 5858 3124 5858 2524 5859 3124 5859 2504 5859 2504 5860 3124 5860 3125 5860 2504 5861 3125 5861 2501 5861 3084 5862 2711 5862 2714 5862 3084 5863 2714 5863 3085 5863 3085 5864 2714 5864 2734 5864 3085 5865 2734 5865 3086 5865 3086 5866 2734 5866 2745 5866 3086 5867 2745 5867 3087 5867 3087 5868 2745 5868 2756 5868 3087 5869 2756 5869 3088 5869 3088 5870 2756 5870 2767 5870 3088 5871 2767 5871 3089 5871 3089 5872 2767 5872 2778 5872 3089 5873 2778 5873 3090 5873 3090 5874 2778 5874 2789 5874 3090 5875 2789 5875 3091 5875 3091 5876 2789 5876 2800 5876 3091 5877 2800 5877 3092 5877 3092 5878 2800 5878 2811 5878 3092 5879 2811 5879 3093 5879 3093 5880 2811 5880 2822 5880 3093 5881 2822 5881 3094 5881 3094 5882 2822 5882 2960 5882 3094 5883 2960 5883 3095 5883 3095 5884 2960 5884 2958 5884 3095 5885 2958 5885 3096 5885 3096 5886 2958 5886 2956 5886 3096 5887 2956 5887 3097 5887 3097 5888 2956 5888 2954 5888 3097 5889 2954 5889 3098 5889 3098 5890 2954 5890 2952 5890 3098 5891 2952 5891 3099 5891 3099 5892 2952 5892 2950 5892 3099 5893 2950 5893 3100 5893 3100 5894 2950 5894 2948 5894 3100 5895 2948 5895 3101 5895 3101 5896 2948 5896 2946 5896 3101 5897 2946 5897 3102 5897 3102 5898 2946 5898 2943 5898 3102 5899 2943 5899 3103 5899 3103 5900 2943 5900 2942 5900 3103 5901 2942 5901 3104 5901 2832 5902 2611 5902 2614 5902 2832 5903 2614 5903 2833 5903 2833 5904 2614 5904 2632 5904 2833 5905 2632 5905 2836 5905 2836 5906 2632 5906 2642 5906 2836 5907 2642 5907 2838 5907 2838 5908 2642 5908 2652 5908 2838 5909 2652 5909 2840 5909 2840 5910 2652 5910 2662 5910 2840 5911 2662 5911 2842 5911 2842 5912 2662 5912 2672 5912 2842 5913 2672 5913 2844 5913 2844 5914 2672 5914 2682 5914 2844 5915 2682 5915 2846 5915 2846 5916 2682 5916 2692 5916 2846 5917 2692 5917 2848 5917 2848 5918 2692 5918 2702 5918 2848 5919 2702 5919 2850 5919 2850 5920 2702 5920 2521 5920 2850 5921 2521 5921 2852 5921 2852 5922 2521 5922 2519 5922 2852 5923 2519 5923 3033 5923 3033 5924 2519 5924 2517 5924 3033 5925 2517 5925 3023 5925 3023 5926 2517 5926 2515 5926 3023 5927 2515 5927 3013 5927 3013 5928 2515 5928 2513 5928 3013 5929 2513 5929 3003 5929 3003 5930 2513 5930 2511 5930 3003 5931 2511 5931 2993 5931 2993 5932 2511 5932 2509 5932 2993 5933 2509 5933 2983 5933 2983 5934 2509 5934 2507 5934 2983 5935 2507 5935 2973 5935 2973 5936 2507 5936 2505 5936 2973 5937 2505 5937 2963 5937 2963 5938 2505 5938 2502 5938 2963 5939 2502 5939 2945 5939 2945 5940 2502 5940 2501 5940 2945 5941 2501 5941 2942 5941 1718 5942 2380 5942 2383 5942 1718 5943 2383 5943 1719 5943 1719 5944 2383 5944 2403 5944 1719 5945 2403 5945 1722 5945 1722 5946 2403 5946 2414 5946 1722 5947 2414 5947 1724 5947 1724 5948 2414 5948 2425 5948 1724 5949 2425 5949 1726 5949 1726 5950 2425 5950 2436 5950 1726 5951 2436 5951 1728 5951 1728 5952 2436 5952 2447 5952 1728 5953 2447 5953 1730 5953 1730 5954 2447 5954 2458 5954 1730 5955 2458 5955 1732 5955 1732 5956 2458 5956 2469 5956 1732 5957 2469 5957 1734 5957 1734 5958 2469 5958 2480 5958 1734 5959 2480 5959 1736 5959 1736 5960 2480 5960 2491 5960 1736 5961 2491 5961 1738 5961 1738 5962 2491 5962 2629 5962 1738 5963 2629 5963 1939 5963 1939 5964 2629 5964 2627 5964 1939 5965 2627 5965 1928 5965 1928 5966 2627 5966 2625 5966 1928 5967 2625 5967 1917 5967 1917 5968 2625 5968 2623 5968 1917 5969 2623 5969 1906 5969 1906 5970 2623 5970 2621 5970 1906 5971 2621 5971 1895 5971 1895 5972 2621 5972 2619 5972 1895 5973 2619 5973 1884 5973 1884 5974 2619 5974 2617 5974 1884 5975 2617 5975 1873 5975 1873 5976 2617 5976 2615 5976 1873 5977 2615 5977 1862 5977 1862 5978 2615 5978 2612 5978 1862 5979 2612 5979 1842 5979 1842 5980 2612 5980 2611 5980 1842 5981 2611 5981 1839 5981 2711 5982 2170 5982 2173 5982 2711 5983 2173 5983 2712 5983 2712 5984 2173 5984 2193 5984 2712 5985 2193 5985 2715 5985 2715 5986 2193 5986 2204 5986 2715 5987 2204 5987 2717 5987 2717 5988 2204 5988 2215 5988 2717 5989 2215 5989 2719 5989 2719 5990 2215 5990 2226 5990 2719 5991 2226 5991 2721 5991 2721 5992 2226 5992 2237 5992 2721 5993 2237 5993 2723 5993 2723 5994 2237 5994 2248 5994 2723 5995 2248 5995 2725 5995 2725 5996 2248 5996 2259 5996 2725 5997 2259 5997 2727 5997 2727 5998 2259 5998 2270 5998 2727 5999 2270 5999 2729 5999 2729 6000 2270 6000 2069 6000 2729 6001 2069 6001 2731 6001 2731 6002 2069 6002 2067 6002 2731 6003 2067 6003 2932 6003 2932 6004 2067 6004 2065 6004 2932 6005 2065 6005 2921 6005 2921 6006 2065 6006 2063 6006 2921 6007 2063 6007 2910 6007 2910 6008 2063 6008 2061 6008 2910 6009 2061 6009 2899 6009 2899 6010 2061 6010 2059 6010 2899 6011 2059 6011 2888 6011 2888 6012 2059 6012 2057 6012 2888 6013 2057 6013 2877 6013 2877 6014 2057 6014 2055 6014 2877 6015 2055 6015 2866 6015 2866 6016 2055 6016 2053 6016 2866 6017 2053 6017 2855 6017 2855 6018 2053 6018 2050 6018 2855 6019 2050 6019 2835 6019 2835 6020 2050 6020 2049 6020 2835 6021 2049 6021 2832 6021 3042 6022 3105 6022 2380 6022 3042 6023 2380 6023 1718 6023 1949 6024 2280 6024 3083 6024 1949 6025 3083 6025 3062 6025 2611 6026 2832 6026 2049 6026 2611 6027 2049 6027 1839 6027 3084 6028 3063 6028 2170 6028 3084 6029 2170 6029 2711 6029 3105 6030 3042 6030 3043 6030 3043 6031 3044 6031 3045 6031 3045 6032 3046 6032 3047 6032 3047 6033 3048 6033 3049 6033 3049 6034 3050 6034 3051 6034 3051 6035 3052 6035 3053 6035 3053 6036 3054 6036 3055 6036 3055 6037 3056 6037 3057 6037 3057 6038 3058 6038 3059 6038 3059 6039 3060 6039 3061 6039 3061 6040 3062 6040 3083 6040 3083 6041 3104 6041 3125 6041 3125 6042 3124 6042 3123 6042 3123 6043 3122 6043 3121 6043 3121 6044 3120 6044 3119 6044 3119 6045 3118 6045 3117 6045 3117 6046 3116 6046 3115 6046 3115 6047 3114 6047 3113 6047 3113 6048 3112 6048 3111 6048 3111 6049 3110 6049 3109 6049 3109 6050 3108 6050 3107 6050 3107 6051 3106 6051 3105 6051 3105 6052 3043 6052 3045 6052 3045 6053 3047 6053 3049 6053 3049 6054 3051 6054 3053 6054 3053 6055 3055 6055 3057 6055 3057 6056 3059 6056 3061 6056 3061 6057 3083 6057 3125 6057 3125 6058 3123 6058 3121 6058 3121 6059 3119 6059 3117 6059 3117 6060 3115 6060 3113 6060 3113 6061 3111 6061 3109 6061 3109 6062 3107 6062 3105 6062 3105 6063 3045 6063 3049 6063 3049 6064 3053 6064 3057 6064 3057 6065 3061 6065 3125 6065 3125 6066 3121 6066 3117 6066 3117 6067 3113 6067 3109 6067 3109 6068 3105 6068 3049 6068 3049 6069 3057 6069 3125 6069 3125 6070 3117 6070 3109 6070 3049 6071 3125 6071 3109 6071 3125 6072 3104 6072 2942 6072 3125 6073 2942 6073 2501 6073 3126 6074 3127 6074 3128 6074 3126 6075 3128 6075 3129 6075 3129 6076 3128 6076 3130 6076 3129 6077 3130 6077 3131 6077 3131 6078 3130 6078 3132 6078 3131 6079 3132 6079 3133 6079 3133 6080 3132 6080 3134 6080 3133 6081 3134 6081 3135 6081 3135 6082 3134 6082 3136 6082 3135 6083 3136 6083 3137 6083 3137 6084 3136 6084 3138 6084 3137 6085 3138 6085 3139 6085 3139 6086 3138 6086 3140 6086 3139 6087 3140 6087 3141 6087 3141 6088 3140 6088 3142 6088 3141 6089 3142 6089 3143 6089 3143 6090 3142 6090 3144 6090 3143 6091 3144 6091 3145 6091 3145 6092 3144 6092 3146 6092 3145 6093 3146 6093 3147 6093 3147 6094 3146 6094 3148 6094 3147 6095 3148 6095 3149 6095 3149 6096 3148 6096 3150 6096 3149 6097 3150 6097 3151 6097 3151 6098 3150 6098 3152 6098 3151 6099 3152 6099 3153 6099 3153 6100 3152 6100 3154 6100 3153 6101 3154 6101 3155 6101 3155 6102 3154 6102 3156 6102 3155 6103 3156 6103 3157 6103 3157 6104 3156 6104 3158 6104 3157 6105 3158 6105 3159 6105 3159 6106 3158 6106 3160 6106 3159 6107 3160 6107 3161 6107 3161 6108 3160 6108 3162 6108 3161 6109 3162 6109 3163 6109 3163 6110 3162 6110 3164 6110 3163 6111 3164 6111 3165 6111 3165 6112 3164 6112 3166 6112 3165 6113 3166 6113 3167 6113 3167 6114 3166 6114 3168 6114 3167 6115 3168 6115 3169 6115 3169 6116 3168 6116 3170 6116 3169 6117 3170 6117 3171 6117 3171 6118 3170 6118 3172 6118 3171 6119 3172 6119 3173 6119 3173 6120 3172 6120 3174 6120 3173 6121 3174 6121 3175 6121 3175 6122 3174 6122 3176 6122 3175 6123 3176 6123 3177 6123 3177 6124 3176 6124 3178 6124 3177 6125 3178 6125 3179 6125 3179 6126 3178 6126 3180 6126 3179 6127 3180 6127 3181 6127 3181 6128 3180 6128 3182 6128 3181 6129 3182 6129 3183 6129 3183 6130 3182 6130 3184 6130 3183 6131 3184 6131 3185 6131 3185 6132 3184 6132 3186 6132 3185 6133 3186 6133 3187 6133 3130 6134 3128 6134 3127 6134 3127 6135 3188 6135 3186 6135 3186 6136 3184 6136 3182 6136 3182 6137 3180 6137 3178 6137 3178 6138 3176 6138 3174 6138 3174 6139 3172 6139 3170 6139 3170 6140 3168 6140 3166 6140 3166 6141 3164 6141 3162 6141 3162 6142 3160 6142 3158 6142 3158 6143 3156 6143 3154 6143 3154 6144 3152 6144 3150 6144 3150 6145 3148 6145 3146 6145 3146 6146 3144 6146 3142 6146 3142 6147 3140 6147 3138 6147 3138 6148 3136 6148 3134 6148 3134 6149 3132 6149 3130 6149 3130 6150 3127 6150 3186 6150 3186 6151 3182 6151 3178 6151 3178 6152 3174 6152 3170 6152 3170 6153 3166 6153 3162 6153 3162 6154 3158 6154 3154 6154 3154 6155 3150 6155 3146 6155 3146 6156 3142 6156 3138 6156 3138 6157 3134 6157 3130 6157 3130 6158 3186 6158 3178 6158 3178 6159 3170 6159 3162 6159 3162 6160 3154 6160 3146 6160 3146 6161 3138 6161 3130 6161 3130 6162 3178 6162 3162 6162 3162 6163 3146 6163 3130 6163 3187 6164 3186 6164 3188 6164 3187 6165 3188 6165 3189 6165 3189 6166 3188 6166 3127 6166 3189 6167 3127 6167 3126 6167 3189 6168 3126 6168 3129 6168 3129 6169 3131 6169 3133 6169 3133 6170 3135 6170 3137 6170 3137 6171 3139 6171 3141 6171 3141 6172 3143 6172 3145 6172 3145 6173 3147 6173 3149 6173 3149 6174 3151 6174 3153 6174 3153 6175 3155 6175 3157 6175 3157 6176 3159 6176 3161 6176 3161 6177 3163 6177 3165 6177 3165 6178 3167 6178 3169 6178 3169 6179 3171 6179 3173 6179 3173 6180 3175 6180 3177 6180 3177 6181 3179 6181 3181 6181 3181 6182 3183 6182 3185 6182 3185 6183 3187 6183 3189 6183 3189 6184 3129 6184 3133 6184 3133 6185 3137 6185 3141 6185 3141 6186 3145 6186 3149 6186 3149 6187 3153 6187 3157 6187 3157 6188 3161 6188 3165 6188 3165 6189 3169 6189 3173 6189 3173 6190 3177 6190 3181 6190 3181 6191 3185 6191 3189 6191 3189 6192 3133 6192 3141 6192 3141 6193 3149 6193 3157 6193 3157 6194 3165 6194 3173 6194 3173 6195 3181 6195 3189 6195 3189 6196 3141 6196 3157 6196 3157 6197 3173 6197 3189 6197 3190 6198 3191 6198 3192 6198 3190 6199 3192 6199 3193 6199 3193 6200 3192 6200 3194 6200 3193 6201 3194 6201 3195 6201 3195 6202 3194 6202 3196 6202 3195 6203 3196 6203 3197 6203 3197 6204 3196 6204 3198 6204 3197 6205 3198 6205 3199 6205 3199 6206 3198 6206 3200 6206 3199 6207 3200 6207 3201 6207 3201 6208 3200 6208 3202 6208 3201 6209 3202 6209 3203 6209 3203 6210 3202 6210 3204 6210 3203 6211 3204 6211 3205 6211 3205 6212 3204 6212 3206 6212 3205 6213 3206 6213 3207 6213 3207 6214 3206 6214 3208 6214 3207 6215 3208 6215 3209 6215 3209 6216 3208 6216 3210 6216 3209 6217 3210 6217 3211 6217 3211 6218 3210 6218 3212 6218 3211 6219 3212 6219 3213 6219 3213 6220 3212 6220 3214 6220 3213 6221 3214 6221 3215 6221 3215 6222 3214 6222 3216 6222 3215 6223 3216 6223 3217 6223 3217 6224 3216 6224 3218 6224 3217 6225 3218 6225 3219 6225 3219 6226 3218 6226 3220 6226 3219 6227 3220 6227 3221 6227 3221 6228 3220 6228 3222 6228 3221 6229 3222 6229 3223 6229 3223 6230 3222 6230 3224 6230 3223 6231 3224 6231 3225 6231 3225 6232 3224 6232 3226 6232 3225 6233 3226 6233 3227 6233 3227 6234 3226 6234 3228 6234 3227 6235 3228 6235 3229 6235 3229 6236 3228 6236 3230 6236 3229 6237 3230 6237 3231 6237 3231 6238 3230 6238 3232 6238 3231 6239 3232 6239 3233 6239 3233 6240 3232 6240 3234 6240 3233 6241 3234 6241 3235 6241 3235 6242 3234 6242 3236 6242 3235 6243 3236 6243 3237 6243 3237 6244 3236 6244 3238 6244 3237 6245 3238 6245 3239 6245 3239 6246 3238 6246 3240 6246 3239 6247 3240 6247 3241 6247 3241 6248 3240 6248 3242 6248 3241 6249 3242 6249 3243 6249 3243 6250 3242 6250 3244 6250 3243 6251 3244 6251 3245 6251 3245 6252 3244 6252 3246 6252 3245 6253 3246 6253 3247 6253 3247 6254 3246 6254 3248 6254 3247 6255 3248 6255 3249 6255 3249 6256 3248 6256 3250 6256 3249 6257 3250 6257 3251 6257 3194 6258 3192 6258 3191 6258 3191 6259 3252 6259 3250 6259 3250 6260 3248 6260 3246 6260 3246 6261 3244 6261 3242 6261 3242 6262 3240 6262 3238 6262 3238 6263 3236 6263 3234 6263 3234 6264 3232 6264 3230 6264 3230 6265 3228 6265 3226 6265 3226 6266 3224 6266 3222 6266 3222 6267 3220 6267 3218 6267 3218 6268 3216 6268 3214 6268 3214 6269 3212 6269 3210 6269 3210 6270 3208 6270 3206 6270 3206 6271 3204 6271 3202 6271 3202 6272 3200 6272 3198 6272 3198 6273 3196 6273 3194 6273 3194 6274 3191 6274 3250 6274 3250 6275 3246 6275 3242 6275 3242 6276 3238 6276 3234 6276 3234 6277 3230 6277 3226 6277 3226 6278 3222 6278 3218 6278 3218 6279 3214 6279 3210 6279 3210 6280 3206 6280 3202 6280 3202 6281 3198 6281 3194 6281 3194 6282 3250 6282 3242 6282 3242 6283 3234 6283 3226 6283 3226 6284 3218 6284 3210 6284 3210 6285 3202 6285 3194 6285 3194 6286 3242 6286 3226 6286 3226 6287 3210 6287 3194 6287 3251 6288 3250 6288 3252 6288 3251 6289 3252 6289 3253 6289 3253 6290 3252 6290 3191 6290 3253 6291 3191 6291 3190 6291 3253 6292 3190 6292 3193 6292 3193 6293 3195 6293 3197 6293 3197 6294 3199 6294 3201 6294 3201 6295 3203 6295 3205 6295 3205 6296 3207 6296 3209 6296 3209 6297 3211 6297 3213 6297 3213 6298 3215 6298 3217 6298 3217 6299 3219 6299 3221 6299 3221 6300 3223 6300 3225 6300 3225 6301 3227 6301 3229 6301 3229 6302 3231 6302 3233 6302 3233 6303 3235 6303 3237 6303 3237 6304 3239 6304 3241 6304 3241 6305 3243 6305 3245 6305 3245 6306 3247 6306 3249 6306 3249 6307 3251 6307 3253 6307 3253 6308 3193 6308 3197 6308 3197 6309 3201 6309 3205 6309 3205 6310 3209 6310 3213 6310 3213 6311 3217 6311 3221 6311 3221 6312 3225 6312 3229 6312 3229 6313 3233 6313 3237 6313 3237 6314 3241 6314 3245 6314 3245 6315 3249 6315 3253 6315 3253 6316 3197 6316 3205 6316 3205 6317 3213 6317 3221 6317 3221 6318 3229 6318 3237 6318 3237 6319 3245 6319 3253 6319 3253 6320 3205 6320 3221 6320 3221 6321 3237 6321 3253 6321 3254 6322 3255 6322 3256 6322 3254 6323 3256 6323 3257 6323 3257 6324 3256 6324 3258 6324 3257 6325 3258 6325 3259 6325 3259 6326 3258 6326 3260 6326 3259 6327 3260 6327 3261 6327 3261 6328 3260 6328 3262 6328 3261 6329 3262 6329 3263 6329 3263 6330 3262 6330 3264 6330 3263 6331 3264 6331 3265 6331 3265 6332 3264 6332 3266 6332 3265 6333 3266 6333 3267 6333 3267 6334 3266 6334 3268 6334 3267 6335 3268 6335 3269 6335 3269 6336 3268 6336 3270 6336 3269 6337 3270 6337 3271 6337 3271 6338 3270 6338 3272 6338 3271 6339 3272 6339 3273 6339 3273 6340 3272 6340 3274 6340 3273 6341 3274 6341 3275 6341 3275 6342 3274 6342 3276 6342 3275 6343 3276 6343 3277 6343 3277 6344 3276 6344 3278 6344 3277 6345 3278 6345 3279 6345 3279 6346 3278 6346 3280 6346 3279 6347 3280 6347 3281 6347 3281 6348 3280 6348 3282 6348 3281 6349 3282 6349 3283 6349 3283 6350 3282 6350 3284 6350 3283 6351 3284 6351 3285 6351 3285 6352 3284 6352 3286 6352 3285 6353 3286 6353 3287 6353 3287 6354 3286 6354 3288 6354 3287 6355 3288 6355 3289 6355 3289 6356 3288 6356 3290 6356 3289 6357 3290 6357 3291 6357 3291 6358 3290 6358 3292 6358 3291 6359 3292 6359 3293 6359 3293 6360 3292 6360 3294 6360 3293 6361 3294 6361 3295 6361 3295 6362 3294 6362 3296 6362 3295 6363 3296 6363 3297 6363 3297 6364 3296 6364 3298 6364 3297 6365 3298 6365 3299 6365 3299 6366 3298 6366 3300 6366 3299 6367 3300 6367 3301 6367 3301 6368 3300 6368 3302 6368 3301 6369 3302 6369 3303 6369 3303 6370 3302 6370 3304 6370 3303 6371 3304 6371 3305 6371 3305 6372 3304 6372 3306 6372 3305 6373 3306 6373 3307 6373 3307 6374 3306 6374 3308 6374 3307 6375 3308 6375 3309 6375 3309 6376 3308 6376 3310 6376 3309 6377 3310 6377 3311 6377 3311 6378 3310 6378 3312 6378 3311 6379 3312 6379 3313 6379 3313 6380 3312 6380 3314 6380 3313 6381 3314 6381 3315 6381 3258 6382 3256 6382 3255 6382 3255 6383 3316 6383 3314 6383 3314 6384 3312 6384 3310 6384 3310 6385 3308 6385 3306 6385 3306 6386 3304 6386 3302 6386 3302 6387 3300 6387 3298 6387 3298 6388 3296 6388 3294 6388 3294 6389 3292 6389 3290 6389 3290 6390 3288 6390 3286 6390 3286 6391 3284 6391 3282 6391 3282 6392 3280 6392 3278 6392 3278 6393 3276 6393 3274 6393 3274 6394 3272 6394 3270 6394 3270 6395 3268 6395 3266 6395 3266 6396 3264 6396 3262 6396 3262 6397 3260 6397 3258 6397 3258 6398 3255 6398 3314 6398 3314 6399 3310 6399 3306 6399 3306 6400 3302 6400 3298 6400 3298 6401 3294 6401 3290 6401 3290 6402 3286 6402 3282 6402 3282 6403 3278 6403 3274 6403 3274 6404 3270 6404 3266 6404 3266 6405 3262 6405 3258 6405 3258 6406 3314 6406 3306 6406 3306 6407 3298 6407 3290 6407 3290 6408 3282 6408 3274 6408 3274 6409 3266 6409 3258 6409 3258 6410 3306 6410 3290 6410 3290 6411 3274 6411 3258 6411 3315 6412 3314 6412 3316 6412 3315 6413 3316 6413 3317 6413 3317 6414 3316 6414 3255 6414 3317 6415 3255 6415 3254 6415 3317 6416 3254 6416 3257 6416 3257 6417 3259 6417 3261 6417 3261 6418 3263 6418 3265 6418 3265 6419 3267 6419 3269 6419 3269 6420 3271 6420 3273 6420 3273 6421 3275 6421 3277 6421 3277 6422 3279 6422 3281 6422 3281 6423 3283 6423 3285 6423 3285 6424 3287 6424 3289 6424 3289 6425 3291 6425 3293 6425 3293 6426 3295 6426 3297 6426 3297 6427 3299 6427 3301 6427 3301 6428 3303 6428 3305 6428 3305 6429 3307 6429 3309 6429 3309 6430 3311 6430 3313 6430 3313 6431 3315 6431 3317 6431 3317 6432 3257 6432 3261 6432 3261 6433 3265 6433 3269 6433 3269 6434 3273 6434 3277 6434 3277 6435 3281 6435 3285 6435 3285 6436 3289 6436 3293 6436 3293 6437 3297 6437 3301 6437 3301 6438 3305 6438 3309 6438 3309 6439 3313 6439 3317 6439 3317 6440 3261 6440 3269 6440 3269 6441 3277 6441 3285 6441 3285 6442 3293 6442 3301 6442 3301 6443 3309 6443 3317 6443 3317 6444 3269 6444 3285 6444 3285 6445 3301 6445 3317 6445 3318 6446 3319 6446 3320 6446 3320 6447 3319 6447 3321 6447 3320 6448 3321 6448 3322 6448 3322 6449 3321 6449 3323 6449 3322 6450 3323 6450 3324 6450 3324 6451 3323 6451 3325 6451 3324 6452 3325 6452 3326 6452 3327 6453 3324 6453 3326 6453 3327 6454 3326 6454 3328 6454 3327 6455 3328 6455 3329 6455 3327 6456 3329 6456 3330 6456 3329 6457 3331 6457 3330 6457 3330 6458 3331 6458 3332 6458 3330 6459 3332 6459 3333 6459 3333 6460 3332 6460 3334 6460 3333 6461 3334 6461 3335 6461 3335 6462 3336 6462 3337 6462 3335 6463 3337 6463 3338 6463 3335 6464 3338 6464 3339 6464 3335 6465 3339 6465 3340 6465 3335 6466 3340 6466 3333 6466 3341 6467 3342 6467 3343 6467 3343 6468 3342 6468 3344 6468 3343 6469 3344 6469 3345 6469 3345 6470 3344 6470 3346 6470 3345 6471 3346 6471 3347 6471 3347 6472 3346 6472 3348 6472 3347 6473 3348 6473 3349 6473 3349 6474 3348 6474 3350 6474 3349 6475 3350 6475 3351 6475 3351 6476 3350 6476 3352 6476 3351 6477 3352 6477 3353 6477 3353 6478 3352 6478 3354 6478 3353 6479 3354 6479 3355 6479 3356 6480 3357 6480 3358 6480 3358 6481 3357 6481 3359 6481 3358 6482 3359 6482 3360 6482 3360 6483 3359 6483 3361 6483 3360 6484 3361 6484 3362 6484 3362 6485 3361 6485 3342 6485 3362 6486 3342 6486 3341 6486 3334 6487 3332 6487 3363 6487 3363 6488 3332 6488 3364 6488 3363 6489 3364 6489 3365 6489 3365 6490 3364 6490 3366 6490 3365 6491 3366 6491 3367 6491 3367 6492 3366 6492 3368 6492 3367 6493 3368 6493 3369 6493 3369 6494 3368 6494 3361 6494 3369 6495 3361 6495 3359 6495 3370 6496 3371 6496 3372 6496 3372 6497 3371 6497 3373 6497 3372 6498 3373 6498 3374 6498 3374 6499 3373 6499 3375 6499 3374 6500 3375 6500 3376 6500 3373 6501 3377 6501 3378 6501 3373 6502 3378 6502 3379 6502 3373 6503 3379 6503 3380 6503 3373 6504 3380 6504 3381 6504 3373 6505 3381 6505 3382 6505 3373 6506 3382 6506 3383 6506 3373 6507 3383 6507 3384 6507 3373 6508 3384 6508 3385 6508 3373 6509 3385 6509 3386 6509 3373 6510 3386 6510 3375 6510 3377 6511 3387 6511 3388 6511 3377 6512 3388 6512 3389 6512 3377 6513 3389 6513 3390 6513 3377 6514 3390 6514 3391 6514 3377 6515 3391 6515 3392 6515 3377 6516 3392 6516 3378 6516 3387 6517 3337 6517 3336 6517 3387 6518 3336 6518 3393 6518 3387 6519 3393 6519 3388 6519 3338 6520 3337 6520 3394 6520 3338 6521 3394 6521 3395 6521 3338 6522 3395 6522 3396 6522 3338 6523 3396 6523 3397 6523 3374 6524 3376 6524 3398 6524 3374 6525 3398 6525 3399 6525 3374 6526 3399 6526 3353 6526 3374 6527 3353 6527 3355 6527 3374 6528 3355 6528 3400 6528 3374 6529 3400 6529 3401 6529 3374 6530 3401 6530 3402 6530 3374 6531 3402 6531 3403 6531 3374 6532 3403 6532 3319 6532 3319 6533 3318 6533 3404 6533 3319 6534 3404 6534 3405 6534 3319 6535 3405 6535 3406 6535 3319 6536 3406 6536 3407 6536 3407 6537 3406 6537 3408 6537 3407 6538 3408 6538 3340 6538 3407 6539 3340 6539 3339 6539 3407 6540 3339 6540 3409 6540 3407 6541 3409 6541 3410 6541 3407 6542 3410 6542 3411 6542 3407 6543 3411 6543 3412 6543 3412 6544 3411 6544 3413 6544 3412 6545 3413 6545 3414 6545 3412 6546 3414 6546 3415 6546 3412 6547 3415 6547 3416 6547 3412 6548 3416 6548 3417 6548 3412 6549 3417 6549 3418 6549 3412 6550 3418 6550 3419 6550 3418 6551 3420 6551 3419 6551 3419 6552 3420 6552 3421 6552 3419 6553 3421 6553 3422 6553 3422 6554 3421 6554 3423 6554 3422 6555 3423 6555 3424 6555 3424 6556 3423 6556 3425 6556 3424 6557 3425 6557 3426 6557 3426 6558 3425 6558 3427 6558 3426 6559 3427 6559 3428 6559 3382 6560 3429 6560 3383 6560 3383 6561 3429 6561 3430 6561 3383 6562 3430 6562 3431 6562 3431 6563 3430 6563 3432 6563 3431 6564 3432 6564 3433 6564 3433 6565 3432 6565 3434 6565 3433 6566 3434 6566 3435 6566 3435 6567 3434 6567 3436 6567 3435 6568 3436 6568 3437 6568 3437 6569 3436 6569 3438 6569 3437 6570 3438 6570 3439 6570 3439 6571 3438 6571 3357 6571 3439 6572 3357 6572 3356 6572 3440 6573 3441 6573 3442 6573 3442 6574 3441 6574 3443 6574 3442 6575 3443 6575 3444 6575 3444 6576 3443 6576 3392 6576 3444 6577 3392 6577 3391 6577 3445 6578 3446 6578 3447 6578 3445 6579 3447 6579 3448 6579 3445 6580 3448 6580 3440 6580 3445 6581 3440 6581 3442 6581 3446 6582 3334 6582 3363 6582 3446 6583 3363 6583 3449 6583 3446 6584 3449 6584 3447 6584 3414 6585 3426 6585 3428 6585 3414 6586 3428 6586 3450 6586 3414 6587 3450 6587 3451 6587 3414 6588 3451 6588 3415 6588 3452 6589 3453 6589 3454 6589 3454 6590 3453 6590 3455 6590 3454 6591 3455 6591 3456 6591 3456 6592 3455 6592 3457 6592 3456 6593 3457 6593 3458 6593 3458 6594 3457 6594 3397 6594 3458 6595 3397 6595 3396 6595 3459 6596 3452 6596 3454 6596 3459 6597 3454 6597 3460 6597 3459 6598 3460 6598 3461 6598 3459 6599 3461 6599 3462 6599 3459 6600 3462 6600 3463 6600 3464 6601 3465 6601 3466 6601 3466 6602 3465 6602 3467 6602 3466 6603 3467 6603 3454 6603 3454 6604 3467 6604 3460 6604 3468 6605 3469 6605 3470 6605 3468 6606 3470 6606 3471 6606 3468 6607 3471 6607 3472 6607 3468 6608 3472 6608 3464 6608 3468 6609 3464 6609 3466 6609 3473 6610 3474 6610 3475 6610 3473 6611 3475 6611 3470 6611 3473 6612 3470 6612 3469 6612 3473 6613 3469 6613 3476 6613 3473 6614 3476 6614 3477 6614 3473 6615 3477 6615 3478 6615 3473 6616 3478 6616 3479 6616 3473 6617 3479 6617 3480 6617 3480 6618 3479 6618 3481 6618 3481 6619 3479 6619 3482 6619 3481 6620 3482 6620 3483 6620 3483 6621 3482 6621 3484 6621 3483 6622 3484 6622 3485 6622 3485 6623 3484 6623 3486 6623 3485 6624 3486 6624 3487 6624 3487 6625 3486 6625 3488 6625 3487 6626 3488 6626 3489 6626 3489 6627 3488 6627 3490 6627 3489 6628 3490 6628 3491 6628 3491 6629 3490 6629 3492 6629 3491 6630 3492 6630 3493 6630 3493 6631 3492 6631 3494 6631 3493 6632 3494 6632 3495 6632 3495 6633 3494 6633 3496 6633 3495 6634 3496 6634 3497 6634 3498 6635 3499 6635 3500 6635 3500 6636 3499 6636 3501 6636 3500 6637 3501 6637 3479 6637 3479 6638 3501 6638 3502 6638 3479 6639 3502 6639 3482 6639 3498 6640 3500 6640 3503 6640 3503 6641 3500 6641 3504 6641 3503 6642 3504 6642 3505 6642 3505 6643 3504 6643 3506 6643 3505 6644 3506 6644 3507 6644 3504 6645 3508 6645 3509 6645 3504 6646 3509 6646 3510 6646 3504 6647 3510 6647 3511 6647 3504 6648 3511 6648 3512 6648 3504 6649 3512 6649 3513 6649 3504 6650 3513 6650 3514 6650 3504 6651 3514 6651 3506 6651 3515 6652 3516 6652 3517 6652 3517 6653 3516 6653 3518 6653 3517 6654 3518 6654 3519 6654 3519 6655 3518 6655 3520 6655 3519 6656 3520 6656 3521 6656 3521 6657 3520 6657 3511 6657 3521 6658 3511 6658 3510 6658 3509 6659 3508 6659 3522 6659 3522 6660 3508 6660 3523 6660 3522 6661 3523 6661 3524 6661 3524 6662 3523 6662 3525 6662 3524 6663 3525 6663 3526 6663 3526 6664 3525 6664 3527 6664 3526 6665 3527 6665 3528 6665 3528 6666 3527 6666 3529 6666 3528 6667 3529 6667 3530 6667 3530 6668 3529 6668 3531 6668 3530 6669 3531 6669 3532 6669 3532 6670 3531 6670 3533 6670 3532 6671 3533 6671 3534 6671 3515 6672 3535 6672 3536 6672 3536 6673 3535 6673 3537 6673 3536 6674 3537 6674 3538 6674 3538 6675 3537 6675 3539 6675 3538 6676 3539 6676 3540 6676 3540 6677 3539 6677 3541 6677 3540 6678 3541 6678 3542 6678 3542 6679 3541 6679 3543 6679 3542 6680 3543 6680 3494 6680 3494 6681 3543 6681 3544 6681 3494 6682 3544 6682 3496 6682 3545 6683 3546 6683 3547 6683 3547 6684 3546 6684 3548 6684 3547 6685 3548 6685 3484 6685 3484 6686 3548 6686 3486 6686 3549 6687 3550 6687 3551 6687 3549 6688 3551 6688 3552 6688 3549 6689 3552 6689 3545 6689 3549 6690 3545 6690 3547 6690 3507 6691 3551 6691 3550 6691 3507 6692 3550 6692 3553 6692 3507 6693 3553 6693 3505 6693 3424 6694 3554 6694 3555 6694 3424 6695 3555 6695 3556 6695 3424 6696 3556 6696 3557 6696 3424 6697 3557 6697 3422 6697 3554 6698 3558 6698 3559 6698 3554 6699 3559 6699 3560 6699 3554 6700 3560 6700 3561 6700 3554 6701 3561 6701 3555 6701 3559 6702 3558 6702 3562 6702 3559 6703 3562 6703 3563 6703 3559 6704 3563 6704 3483 6704 3559 6705 3483 6705 3564 6705 3564 6706 3483 6706 3565 6706 3564 6707 3565 6707 3566 6707 3564 6708 3566 6708 3567 6708 3564 6709 3567 6709 3568 6709 3564 6710 3568 6710 3569 6710 3564 6711 3569 6711 3525 6711 3525 6712 3569 6712 3570 6712 3525 6713 3570 6713 3571 6713 3525 6714 3571 6714 3572 6714 3525 6715 3572 6715 3573 6715 3525 6716 3573 6716 3574 6716 3525 6717 3574 6717 3527 6717 3575 6718 3576 6718 3577 6718 3575 6719 3577 6719 3523 6719 3575 6720 3523 6720 3508 6720 3475 6721 3474 6721 3578 6721 3578 6722 3474 6722 3463 6722 3578 6723 3463 6723 3579 6723 3579 6724 3463 6724 3462 6724 3580 6725 3581 6725 3582 6725 3580 6726 3582 6726 3485 6726 3580 6727 3485 6727 3487 6727 3583 6728 3584 6728 3585 6728 3583 6729 3585 6729 3582 6729 3583 6730 3582 6730 3581 6730 3570 6731 3586 6731 3587 6731 3587 6732 3586 6732 3588 6732 3587 6733 3588 6733 3589 6733 3589 6734 3588 6734 3585 6734 3589 6735 3585 6735 3584 6735 3532 6736 3534 6736 3590 6736 3590 6737 3534 6737 3591 6737 3590 6738 3591 6738 3592 6738 3592 6739 3591 6739 3593 6739 3592 6740 3593 6740 3594 6740 3594 6741 3593 6741 3595 6741 3594 6742 3595 6742 3596 6742 3596 6743 3595 6743 3597 6743 3596 6744 3597 6744 3598 6744 3598 6745 3597 6745 3495 6745 3598 6746 3495 6746 3497 6746 3570 6747 3587 6747 3571 6747 3483 6748 3563 6748 3481 6748 3515 6749 3517 6749 3535 6749 3419 6750 3422 6750 3599 6750 3321 6751 3319 6751 3403 6751 3600 6752 3423 6752 3421 6752 3600 6753 3421 6753 3601 6753 3600 6754 3601 6754 3602 6754 3600 6755 3602 6755 3603 6755 3603 6756 3602 6756 3604 6756 3603 6757 3604 6757 3605 6757 3605 6758 3604 6758 3606 6758 3605 6759 3606 6759 3607 6759 3607 6760 3606 6760 3608 6760 3607 6761 3608 6761 3609 6761 3609 6762 3608 6762 3610 6762 3601 6763 3421 6763 3420 6763 3601 6764 3420 6764 3611 6764 3601 6765 3611 6765 3612 6765 3601 6766 3612 6766 3602 6766 3602 6767 3612 6767 3613 6767 3602 6768 3613 6768 3604 6768 3604 6769 3613 6769 3614 6769 3604 6770 3614 6770 3606 6770 3606 6771 3614 6771 3615 6771 3606 6772 3615 6772 3608 6772 3608 6773 3615 6773 3610 6773 3420 6774 3418 6774 3616 6774 3420 6775 3616 6775 3611 6775 3612 6776 3611 6776 3616 6776 3612 6777 3616 6777 3617 6777 3613 6778 3612 6778 3617 6778 3613 6779 3617 6779 3618 6779 3614 6780 3613 6780 3618 6780 3614 6781 3618 6781 3619 6781 3615 6782 3614 6782 3619 6782 3615 6783 3619 6783 3620 6783 3610 6784 3615 6784 3620 6784 3616 6785 3418 6785 3417 6785 3616 6786 3417 6786 3621 6786 3617 6787 3616 6787 3621 6787 3617 6788 3621 6788 3622 6788 3618 6789 3617 6789 3622 6789 3618 6790 3622 6790 3623 6790 3619 6791 3618 6791 3623 6791 3619 6792 3623 6792 3624 6792 3625 6793 3620 6793 3619 6793 3625 6794 3619 6794 3624 6794 3625 6795 3610 6795 3620 6795 3621 6796 3417 6796 3416 6796 3621 6797 3416 6797 3626 6797 3622 6798 3621 6798 3626 6798 3622 6799 3626 6799 3627 6799 3623 6800 3622 6800 3627 6800 3623 6801 3627 6801 3628 6801 3624 6802 3623 6802 3628 6802 3624 6803 3628 6803 3629 6803 3625 6804 3624 6804 3629 6804 3625 6805 3629 6805 3630 6805 3610 6806 3625 6806 3630 6806 3626 6807 3416 6807 3415 6807 3626 6808 3415 6808 3631 6808 3627 6809 3626 6809 3631 6809 3627 6810 3631 6810 3632 6810 3628 6811 3627 6811 3632 6811 3628 6812 3632 6812 3633 6812 3629 6813 3628 6813 3633 6813 3629 6814 3633 6814 3634 6814 3630 6815 3629 6815 3634 6815 3630 6816 3634 6816 3635 6816 3610 6817 3630 6817 3635 6817 3631 6818 3415 6818 3451 6818 3631 6819 3451 6819 3636 6819 3632 6820 3631 6820 3636 6820 3632 6821 3636 6821 3637 6821 3633 6822 3632 6822 3637 6822 3633 6823 3637 6823 3638 6823 3639 6824 3634 6824 3633 6824 3639 6825 3633 6825 3638 6825 3640 6826 3635 6826 3634 6826 3640 6827 3634 6827 3639 6827 3640 6828 3610 6828 3635 6828 3451 6829 3450 6829 3641 6829 3451 6830 3641 6830 3636 6830 3636 6831 3641 6831 3642 6831 3636 6832 3642 6832 3637 6832 3643 6833 3638 6833 3637 6833 3643 6834 3637 6834 3642 6834 3644 6835 3639 6835 3638 6835 3644 6836 3638 6836 3643 6836 3645 6837 3640 6837 3639 6837 3645 6838 3639 6838 3644 6838 3645 6839 3610 6839 3640 6839 3641 6840 3450 6840 3428 6840 3641 6841 3428 6841 3646 6841 3641 6842 3646 6842 3647 6842 3641 6843 3647 6843 3642 6843 3642 6844 3647 6844 3648 6844 3642 6845 3648 6845 3643 6845 3648 6846 3649 6846 3644 6846 3648 6847 3644 6847 3643 6847 3644 6848 3649 6848 3650 6848 3644 6849 3650 6849 3645 6849 3645 6850 3650 6850 3610 6850 3646 6851 3428 6851 3427 6851 3646 6852 3427 6852 3651 6852 3646 6853 3651 6853 3652 6853 3646 6854 3652 6854 3647 6854 3647 6855 3652 6855 3653 6855 3647 6856 3653 6856 3648 6856 3648 6857 3653 6857 3654 6857 3648 6858 3654 6858 3649 6858 3649 6859 3654 6859 3655 6859 3649 6860 3655 6860 3650 6860 3650 6861 3655 6861 3610 6861 3656 6862 3475 6862 3578 6862 3656 6863 3578 6863 3657 6863 3658 6864 3656 6864 3657 6864 3658 6865 3657 6865 3659 6865 3658 6866 3659 6866 3660 6866 3658 6867 3660 6867 3661 6867 3661 6868 3660 6868 3662 6868 3661 6869 3662 6869 3663 6869 3663 6870 3662 6870 3664 6870 3657 6871 3578 6871 3579 6871 3657 6872 3579 6872 3665 6872 3659 6873 3657 6873 3665 6873 3659 6874 3665 6874 3666 6874 3660 6875 3659 6875 3666 6875 3660 6876 3666 6876 3667 6876 3662 6877 3660 6877 3667 6877 3662 6878 3667 6878 3668 6878 3664 6879 3662 6879 3668 6879 3665 6880 3579 6880 3462 6880 3665 6881 3462 6881 3669 6881 3666 6882 3665 6882 3669 6882 3666 6883 3669 6883 3670 6883 3667 6884 3666 6884 3670 6884 3667 6885 3670 6885 3671 6885 3668 6886 3667 6886 3671 6886 3668 6887 3671 6887 3672 6887 3664 6888 3668 6888 3672 6888 3669 6889 3462 6889 3461 6889 3669 6890 3461 6890 3673 6890 3670 6891 3669 6891 3673 6891 3670 6892 3673 6892 3674 6892 3675 6893 3671 6893 3670 6893 3675 6894 3670 6894 3674 6894 3676 6895 3672 6895 3671 6895 3676 6896 3671 6896 3675 6896 3676 6897 3664 6897 3672 6897 3673 6898 3461 6898 3460 6898 3673 6899 3460 6899 3677 6899 3674 6900 3673 6900 3677 6900 3674 6901 3677 6901 3678 6901 3675 6902 3674 6902 3678 6902 3675 6903 3678 6903 3679 6903 3676 6904 3675 6904 3679 6904 3676 6905 3679 6905 3680 6905 3664 6906 3676 6906 3680 6906 3677 6907 3460 6907 3467 6907 3677 6908 3467 6908 3681 6908 3678 6909 3677 6909 3681 6909 3678 6910 3681 6910 3682 6910 3679 6911 3678 6911 3682 6911 3679 6912 3682 6912 3683 6912 3680 6913 3679 6913 3683 6913 3680 6914 3683 6914 3684 6914 3664 6915 3680 6915 3684 6915 3467 6916 3465 6916 3685 6916 3467 6917 3685 6917 3681 6917 3682 6918 3681 6918 3685 6918 3682 6919 3685 6919 3686 6919 3687 6920 3683 6920 3682 6920 3687 6921 3682 6921 3686 6921 3688 6922 3684 6922 3683 6922 3688 6923 3683 6923 3687 6923 3688 6924 3664 6924 3684 6924 3685 6925 3465 6925 3464 6925 3685 6926 3464 6926 3689 6926 3686 6927 3685 6927 3689 6927 3686 6928 3689 6928 3690 6928 3690 6929 3691 6929 3687 6929 3690 6930 3687 6930 3686 6930 3691 6931 3692 6931 3688 6931 3691 6932 3688 6932 3687 6932 3692 6933 3664 6933 3688 6933 3464 6934 3472 6934 3693 6934 3464 6935 3693 6935 3689 6935 3689 6936 3693 6936 3694 6936 3689 6937 3694 6937 3690 6937 3690 6938 3694 6938 3695 6938 3690 6939 3695 6939 3691 6939 3691 6940 3695 6940 3696 6940 3691 6941 3696 6941 3692 6941 3692 6942 3696 6942 3664 6942 3693 6943 3472 6943 3471 6943 3693 6944 3471 6944 3697 6944 3694 6945 3693 6945 3697 6945 3694 6946 3697 6946 3698 6946 3694 6947 3698 6947 3699 6947 3694 6948 3699 6948 3695 6948 3695 6949 3699 6949 3700 6949 3695 6950 3700 6950 3696 6950 3696 6951 3700 6951 3664 6951 3697 6952 3471 6952 3470 6952 3697 6953 3470 6953 3701 6953 3698 6954 3697 6954 3701 6954 3698 6955 3701 6955 3702 6955 3702 6956 3703 6956 3699 6956 3702 6957 3699 6957 3698 6957 3703 6958 3704 6958 3700 6958 3703 6959 3700 6959 3699 6959 3704 6960 3664 6960 3700 6960 3701 6961 3470 6961 3475 6961 3701 6962 3475 6962 3656 6962 3701 6963 3656 6963 3658 6963 3701 6964 3658 6964 3702 6964 3702 6965 3658 6965 3661 6965 3702 6966 3661 6966 3703 6966 3703 6967 3661 6967 3663 6967 3703 6968 3663 6968 3704 6968 3704 6969 3663 6969 3664 6969 3651 6970 3427 6970 3425 6970 3651 6971 3425 6971 3705 6971 3652 6972 3651 6972 3705 6972 3652 6973 3705 6973 3706 6973 3706 6974 3707 6974 3653 6974 3706 6975 3653 6975 3652 6975 3707 6976 3708 6976 3654 6976 3707 6977 3654 6977 3653 6977 3708 6978 3709 6978 3655 6978 3708 6979 3655 6979 3654 6979 3709 6980 3610 6980 3655 6980 3705 6981 3425 6981 3423 6981 3705 6982 3423 6982 3600 6982 3600 6983 3603 6983 3706 6983 3600 6984 3706 6984 3705 6984 3706 6985 3603 6985 3605 6985 3706 6986 3605 6986 3707 6986 3707 6987 3605 6987 3607 6987 3707 6988 3607 6988 3708 6988 3607 6989 3609 6989 3709 6989 3607 6990 3709 6990 3708 6990 3609 6991 3610 6991 3709 6991 3710 6992 3711 6992 3712 6992 3712 6993 3711 6993 3713 6993 3712 6994 3713 6994 3714 6994 3714 6995 3713 6995 3715 6995 3714 6996 3715 6996 3716 6996 3716 6997 3715 6997 3717 6997 3716 6998 3717 6998 3718 6998 3719 6999 3720 6999 3721 6999 3721 7000 3720 7000 3722 7000 3721 7001 3722 7001 3723 7001 3723 7002 3722 7002 3724 7002 3723 7003 3724 7003 3725 7003 3725 7004 3724 7004 3726 7004 3725 7005 3726 7005 3727 7005 3727 7006 3726 7006 3728 7006 3727 7007 3728 7007 3729 7007 3729 7008 3728 7008 3730 7008 3729 7009 3730 7009 3731 7009 3731 7010 3730 7010 3732 7010 3731 7011 3732 7011 3733 7011 3733 7012 3732 7012 3734 7012 3733 7013 3734 7013 3711 7013 3711 7014 3734 7014 3713 7014 3735 7015 3736 7015 3737 7015 3737 7016 3736 7016 3738 7016 3737 7017 3738 7017 3739 7017 3739 7018 3738 7018 3740 7018 3739 7019 3740 7019 3741 7019 3741 7020 3740 7020 3742 7020 3741 7021 3742 7021 3743 7021 3743 7022 3742 7022 3744 7022 3743 7023 3744 7023 3745 7023 3737 7024 3746 7024 3716 7024 3737 7025 3716 7025 3747 7025 3737 7026 3747 7026 3735 7026 3748 7027 3716 7027 3718 7027 3748 7028 3718 7028 3749 7028 3748 7029 3749 7029 3750 7029 3748 7030 3750 7030 3751 7030 3748 7031 3751 7031 3724 7031 3752 7032 3753 7032 3754 7032 3752 7033 3754 7033 3755 7033 3752 7034 3755 7034 3710 7034 3752 7035 3710 7035 3712 7035 3756 7036 3757 7036 3758 7036 3758 7037 3757 7037 3759 7037 3758 7038 3759 7038 3760 7038 3760 7039 3759 7039 3761 7039 3760 7040 3761 7040 3762 7040 3762 7041 3761 7041 3763 7041 3762 7042 3763 7042 3764 7042 3745 7043 3765 7043 3743 7043 3743 7044 3765 7044 3766 7044 3743 7045 3766 7045 3758 7045 3758 7046 3766 7046 3756 7046 3767 7047 3768 7047 3769 7047 3769 7048 3768 7048 3770 7048 3769 7049 3770 7049 3771 7049 3771 7050 3770 7050 3772 7050 3771 7051 3772 7051 3773 7051 3773 7052 3772 7052 3774 7052 3773 7053 3774 7053 3775 7053 3775 7054 3774 7054 3776 7054 3775 7055 3776 7055 3777 7055 3777 7056 3776 7056 3778 7056 3777 7057 3778 7057 3779 7057 3779 7058 3778 7058 3780 7058 3779 7059 3780 7059 3781 7059 3781 7060 3780 7060 3782 7060 3781 7061 3782 7061 3783 7061 3783 7062 3782 7062 3784 7062 3783 7063 3784 7063 3785 7063 3785 7064 3784 7064 3786 7064 3787 7065 3788 7065 3789 7065 3789 7066 3788 7066 3784 7066 3789 7067 3784 7067 3790 7067 3790 7068 3784 7068 3782 7068 3772 7069 3791 7069 3792 7069 3772 7070 3792 7070 3793 7070 3772 7071 3793 7071 3794 7071 3772 7072 3794 7072 3795 7072 3772 7073 3795 7073 3774 7073 3791 7074 3796 7074 3797 7074 3791 7075 3797 7075 3787 7075 3791 7076 3787 7076 3789 7076 3791 7077 3789 7077 3798 7077 3791 7078 3798 7078 3792 7078 3796 7079 3799 7079 3800 7079 3796 7080 3800 7080 3801 7080 3796 7081 3801 7081 3802 7081 3796 7082 3802 7082 3797 7082 3753 7083 3803 7083 3754 7083 3754 7084 3803 7084 3804 7084 3754 7085 3804 7085 3799 7085 3799 7086 3804 7086 3805 7086 3799 7087 3805 7087 3800 7087 3806 7088 3725 7088 3807 7088 3806 7089 3807 7089 3808 7089 3806 7090 3808 7090 3809 7090 3806 7091 3809 7091 3810 7091 3806 7092 3810 7092 3811 7092 3806 7093 3811 7093 3755 7093 3806 7094 3755 7094 3754 7094 3773 7095 3775 7095 3812 7095 3773 7096 3812 7096 3813 7096 3773 7097 3813 7097 3814 7097 3773 7098 3814 7098 3815 7098 3816 7099 3817 7099 3786 7099 3786 7100 3817 7100 3818 7100 3786 7101 3818 7101 3819 7101 3819 7102 3818 7102 3815 7102 3819 7103 3815 7103 3820 7103 3820 7104 3815 7104 3814 7104 3817 7105 3762 7105 3764 7105 3817 7106 3764 7106 3821 7106 3817 7107 3821 7107 3822 7107 3817 7108 3822 7108 3818 7108 3759 7109 3757 7109 3823 7109 3759 7110 3823 7110 3824 7110 3759 7111 3824 7111 3825 7111 3759 7112 3825 7112 3826 7112 3759 7113 3826 7113 3740 7113 3827 7114 3742 7114 3740 7114 3827 7115 3740 7115 3826 7115 3786 7116 3784 7116 3816 7116 3738 7117 3736 7117 3828 7117 3807 7118 3725 7118 3727 7118 3726 7119 3724 7119 3751 7119 3714 7120 3716 7120 3746 7120 3829 7121 3830 7121 3831 7121 3829 7122 3831 7122 3832 7122 3829 7123 3832 7123 3833 7123 3829 7124 3833 7124 3834 7124 3835 7125 3836 7125 3837 7125 3837 7126 3836 7126 3838 7126 3837 7127 3838 7127 3839 7127 3839 7128 3838 7128 3840 7128 3839 7129 3840 7129 3841 7129 3841 7130 3840 7130 3842 7130 3841 7131 3842 7131 3830 7131 3830 7132 3842 7132 3831 7132 3843 7133 3844 7133 3845 7133 3845 7134 3844 7134 3846 7134 3845 7135 3846 7135 3847 7135 3847 7136 3846 7136 3848 7136 3847 7137 3848 7137 3849 7137 3849 7138 3848 7138 3850 7138 3849 7139 3850 7139 3851 7139 3851 7140 3850 7140 3852 7140 3851 7141 3852 7141 3853 7141 3853 7142 3852 7142 3835 7142 3853 7143 3835 7143 3837 7143 3854 7144 3855 7144 3856 7144 3854 7145 3856 7145 3857 7145 3854 7146 3857 7146 3843 7146 3854 7147 3843 7147 3845 7147 3858 7148 3859 7148 3860 7148 3860 7149 3859 7149 3861 7149 3860 7150 3861 7150 3862 7150 3862 7151 3861 7151 3863 7151 3862 7152 3863 7152 3864 7152 3864 7153 3863 7153 3865 7153 3864 7154 3865 7154 3866 7154 3866 7155 3865 7155 3867 7155 3866 7156 3867 7156 3868 7156 3868 7157 3867 7157 3833 7157 3868 7158 3833 7158 3832 7158 3869 7159 3857 7159 3870 7159 3870 7160 3857 7160 3871 7160 3870 7161 3871 7161 3872 7161 3872 7162 3871 7162 3873 7162 3872 7163 3873 7163 3874 7163 3874 7164 3873 7164 3875 7164 3874 7165 3875 7165 3876 7165 3876 7166 3875 7166 3859 7166 3876 7167 3859 7167 3858 7167 3843 7168 3857 7168 3869 7168 3877 7169 3843 7169 3869 7169 3877 7170 3869 7170 3878 7170 3576 7171 3575 7171 3879 7171 3576 7172 3879 7172 3880 7172 3536 7173 3881 7173 3882 7173 3536 7174 3882 7174 3515 7174 3519 7175 3883 7175 3884 7175 3519 7176 3884 7176 3517 7176 3883 7177 3519 7177 3521 7177 3883 7178 3521 7178 3885 7178 3885 7179 3521 7179 3510 7179 3885 7180 3510 7180 3886 7180 3509 7181 3887 7181 3886 7181 3509 7182 3886 7182 3510 7182 3888 7183 3889 7183 3890 7183 3888 7184 3890 7184 3891 7184 3892 7185 3889 7185 3888 7185 3892 7186 3888 7186 3893 7186 3887 7187 3509 7187 3522 7187 3887 7188 3522 7188 3894 7188 3893 7189 3895 7189 3896 7189 3893 7190 3896 7190 3892 7190 3538 7191 3897 7191 3881 7191 3538 7192 3881 7192 3536 7192 3898 7193 3899 7193 3900 7193 3898 7194 3900 7194 3901 7194 3537 7195 3535 7195 3900 7195 3537 7196 3900 7196 3899 7196 3884 7197 3902 7197 3901 7197 3884 7198 3901 7198 3900 7198 3535 7199 3517 7199 3884 7199 3535 7200 3884 7200 3900 7200 3902 7201 3884 7201 3883 7201 3902 7202 3883 7202 3903 7202 3883 7203 3885 7203 3904 7203 3883 7204 3904 7204 3905 7204 3883 7205 3905 7205 3903 7205 3886 7206 3906 7206 3904 7206 3886 7207 3904 7207 3885 7207 3887 7208 3907 7208 3908 7208 3887 7209 3908 7209 3906 7209 3887 7210 3906 7210 3886 7210 3907 7211 3887 7211 3894 7211 3907 7212 3894 7212 3909 7212 3897 7213 3538 7213 3540 7213 3897 7214 3540 7214 3910 7214 3911 7215 3912 7215 3913 7215 3911 7216 3913 7216 3914 7216 3914 7217 3496 7217 3544 7217 3914 7218 3544 7218 3911 7218 3915 7219 3916 7219 3917 7219 3915 7220 3917 7220 3912 7220 3915 7221 3912 7221 3911 7221 3543 7222 3915 7222 3911 7222 3543 7223 3911 7223 3544 7223 3918 7224 3919 7224 3916 7224 3918 7225 3916 7225 3915 7225 3915 7226 3543 7226 3541 7226 3915 7227 3541 7227 3918 7227 3920 7228 3921 7228 3922 7228 3920 7229 3922 7229 3919 7229 3920 7230 3919 7230 3918 7230 3918 7231 3541 7231 3539 7231 3918 7232 3539 7232 3920 7232 3899 7233 3898 7233 3921 7233 3899 7234 3921 7234 3920 7234 3537 7235 3899 7235 3920 7235 3537 7236 3920 7236 3539 7236 3910 7237 3540 7237 3542 7237 3910 7238 3542 7238 3923 7238 3480 7239 3481 7239 3924 7239 3480 7240 3924 7240 3925 7240 3926 7241 3927 7241 3928 7241 3928 7242 3927 7242 3929 7242 3928 7243 3929 7243 3930 7243 3930 7244 3929 7244 3931 7244 3930 7245 3931 7245 3932 7245 3933 7246 3934 7246 3935 7246 3935 7247 3934 7247 3936 7247 3935 7248 3936 7248 3929 7248 3929 7249 3936 7249 3931 7249 3937 7250 3938 7250 3939 7250 3939 7251 3938 7251 3940 7251 3939 7252 3940 7252 3941 7252 3941 7253 3940 7253 3933 7253 3941 7254 3933 7254 3935 7254 3942 7255 3943 7255 3944 7255 3944 7256 3943 7256 3945 7256 3944 7257 3945 7257 3946 7257 3946 7258 3945 7258 3947 7258 3946 7259 3947 7259 3948 7259 3948 7260 3947 7260 3937 7260 3948 7261 3937 7261 3939 7261 3949 7262 3950 7262 3951 7262 3949 7263 3951 7263 3952 7263 3949 7264 3952 7264 3942 7264 3949 7265 3942 7265 3944 7265 3953 7266 3930 7266 3932 7266 3953 7267 3932 7267 3954 7267 3953 7268 3954 7268 3955 7268 3953 7269 3955 7269 3956 7269 3957 7270 3958 7270 3959 7270 3959 7271 3958 7271 3960 7271 3959 7272 3960 7272 3961 7272 3961 7273 3960 7273 3956 7273 3961 7274 3956 7274 3955 7274 3962 7275 3963 7275 3964 7275 3964 7276 3963 7276 3965 7276 3964 7277 3965 7277 3966 7277 3966 7278 3965 7278 3958 7278 3966 7279 3958 7279 3957 7279 3967 7280 3968 7280 3969 7280 3967 7281 3969 7281 3963 7281 3967 7282 3963 7282 3962 7282 3877 7283 3878 7283 3970 7283 3970 7284 3878 7284 3971 7284 3970 7285 3971 7285 3950 7285 3950 7286 3971 7286 3969 7286 3950 7287 3969 7287 3951 7287 3951 7288 3969 7288 3968 7288 3924 7289 3951 7289 3968 7289 3924 7290 3968 7290 3925 7290 3855 7291 3972 7291 3973 7291 3855 7292 3973 7292 3974 7292 3855 7293 3974 7293 3975 7293 3855 7294 3975 7294 3856 7294 3976 7295 3977 7295 3978 7295 3976 7296 3978 7296 3979 7296 3976 7297 3979 7297 3980 7297 3976 7298 3980 7298 3981 7298 3976 7299 3981 7299 3982 7299 3976 7300 3982 7300 3983 7300 3976 7301 3983 7301 3984 7301 3976 7302 3984 7302 3985 7302 3879 7303 3986 7303 3984 7303 3879 7304 3984 7304 3983 7304 3879 7305 3983 7305 3987 7305 3879 7306 3987 7306 3988 7306 3879 7307 3988 7307 3890 7307 3879 7308 3890 7308 3889 7308 3879 7309 3889 7309 3892 7309 3879 7310 3892 7310 3880 7310 3880 7311 3892 7311 3896 7311 3978 7312 3977 7312 3989 7312 3977 7313 3976 7313 3720 7313 3977 7314 3720 7314 3719 7314 3990 7315 3991 7315 3992 7315 3992 7316 3991 7316 3993 7316 3991 7317 3994 7317 3993 7317 3994 7318 3991 7318 3995 7318 3991 7319 3996 7319 3997 7319 3996 7320 3991 7320 3998 7320 3998 7321 3999 7321 3917 7321 3998 7322 3917 7322 3916 7322 3998 7323 3916 7323 3919 7323 3998 7324 3919 7324 3922 7324 3974 7325 3973 7325 3999 7325 3974 7326 3999 7326 3998 7326 3974 7327 3998 7327 3991 7327 3974 7328 3991 7328 4000 7328 3999 7329 4001 7329 3913 7329 3999 7330 3913 7330 3912 7330 3999 7331 3912 7331 3917 7331 3973 7332 3972 7332 4001 7332 3973 7333 4001 7333 3999 7333 4002 7334 3993 7334 3994 7334 4002 7335 3994 7335 4003 7335 4004 7336 4003 7336 3994 7336 4004 7337 3994 7337 3995 7337 4004 7338 3995 7338 4005 7338 4004 7339 4005 7339 4006 7339 3995 7340 3991 7340 4005 7340 4007 7341 4008 7341 4006 7341 4007 7342 4006 7342 4005 7342 4005 7343 3991 7343 4007 7343 4009 7344 4010 7344 4008 7344 4009 7345 4008 7345 4007 7345 3991 7346 4009 7346 4007 7346 4010 7347 4009 7347 3997 7347 4010 7348 3997 7348 4011 7348 4009 7349 3991 7349 3997 7349 3996 7350 4012 7350 4011 7350 3996 7351 4011 7351 3997 7351 3996 7352 3998 7352 3922 7352 3996 7353 3922 7353 3921 7353 3996 7354 3921 7354 3898 7354 3996 7355 3898 7355 3901 7355 3996 7356 3901 7356 4012 7356 4013 7357 4012 7357 3901 7357 4013 7358 3901 7358 3902 7358 4013 7359 3902 7359 3903 7359 4013 7360 3903 7360 3905 7360 4014 7361 4015 7361 4016 7361 4014 7362 4016 7362 4017 7362 4013 7363 3905 7363 3904 7363 4013 7364 3904 7364 3906 7364 4013 7365 3906 7365 3908 7365 4013 7366 3908 7366 4018 7366 4016 7367 4015 7367 4019 7367 4016 7368 4019 7368 3984 7368 4016 7369 3984 7369 3986 7369 3993 7370 4002 7370 4020 7370 3993 7371 4020 7371 3992 7371 3984 7372 4019 7372 4021 7372 3984 7373 4021 7373 4022 7373 3984 7374 4022 7374 3985 7374 4021 7375 4023 7375 4024 7375 4021 7376 4024 7376 4022 7376 4025 7377 3987 7377 3983 7377 4025 7378 3983 7378 4026 7378 3988 7379 3987 7379 4025 7379 3988 7380 4025 7380 4027 7380 4027 7381 3891 7381 3890 7381 4027 7382 3890 7382 3988 7382 4028 7383 4029 7383 3981 7383 4028 7384 3981 7384 3980 7384 3982 7385 3981 7385 4029 7385 3982 7386 4029 7386 4030 7386 3983 7387 3982 7387 4030 7387 3983 7388 4030 7388 4026 7388 3992 7389 4020 7389 4031 7389 3992 7390 4031 7390 3990 7390 3979 7391 3978 7391 4032 7391 3979 7392 4032 7392 4033 7392 3980 7393 3979 7393 4033 7393 3980 7394 4033 7394 4028 7394 4018 7395 3908 7395 3907 7395 4018 7396 3907 7396 3909 7396 4018 7397 3909 7397 4034 7397 3978 7398 3989 7398 4035 7398 3978 7399 4035 7399 4032 7399 4036 7400 4037 7400 3712 7400 4036 7401 3712 7401 3714 7401 4038 7402 4039 7402 4040 7402 4038 7403 4040 7403 4041 7403 4038 7404 4041 7404 4042 7404 4038 7405 4042 7405 4043 7405 4038 7406 4043 7406 4044 7406 4038 7407 4044 7407 4045 7407 4046 7408 4047 7408 4048 7408 4046 7409 4048 7409 4040 7409 4046 7410 4040 7410 4039 7410 4049 7411 4050 7411 4051 7411 4051 7412 4050 7412 4052 7412 4051 7413 4052 7413 4053 7413 4053 7414 4052 7414 4054 7414 4053 7415 4054 7415 4055 7415 4055 7416 4054 7416 4056 7416 4055 7417 4056 7417 4057 7417 4057 7418 4056 7418 4058 7418 4057 7419 4058 7419 4059 7419 4059 7420 4058 7420 4048 7420 4059 7421 4048 7421 4060 7421 4060 7422 4048 7422 4047 7422 4061 7423 4062 7423 4063 7423 4063 7424 4062 7424 4064 7424 4063 7425 4064 7425 4065 7425 4065 7426 4064 7426 4066 7426 4065 7427 4066 7427 4067 7427 4067 7428 4066 7428 4049 7428 4067 7429 4049 7429 4051 7429 4061 7430 4068 7430 4062 7430 4062 7431 4068 7431 4069 7431 4062 7432 4069 7432 4036 7432 4036 7433 4069 7433 4070 7433 4036 7434 4070 7434 4071 7434 4037 7435 4036 7435 4071 7435 4037 7436 4071 7436 3975 7436 4037 7437 3975 7437 4072 7437 4037 7438 4072 7438 4073 7438 3974 7439 4000 7439 3975 7439 3975 7440 4000 7440 4074 7440 3975 7441 4074 7441 4075 7441 4075 7442 4074 7442 4076 7442 4075 7443 4076 7443 4077 7443 4078 7444 4079 7444 4080 7444 4080 7445 4079 7445 4081 7445 4080 7446 4081 7446 4040 7446 4040 7447 4081 7447 4082 7447 4040 7448 4082 7448 4041 7448 4078 7449 4080 7449 4083 7449 4083 7450 4080 7450 4084 7450 4083 7451 4084 7451 4085 7451 4085 7452 4084 7452 4086 7452 4085 7453 4086 7453 4087 7453 4087 7454 4086 7454 4088 7454 4087 7455 4088 7455 4089 7455 4089 7456 4088 7456 4090 7456 4089 7457 4090 7457 4091 7457 4091 7458 4090 7458 4092 7458 4091 7459 4092 7459 4093 7459 4094 7460 4095 7460 4096 7460 4096 7461 4095 7461 4097 7461 4096 7462 4097 7462 4098 7462 4098 7463 4097 7463 4099 7463 4098 7464 4099 7464 4100 7464 4100 7465 4099 7465 4101 7465 4100 7466 4101 7466 4093 7466 4093 7467 4101 7467 4091 7467 4072 7468 4102 7468 4073 7468 4073 7469 4102 7469 4103 7469 4073 7470 4103 7470 4096 7470 4096 7471 4103 7471 4094 7471 3975 7472 4075 7472 4072 7472 4042 7473 4041 7473 4104 7473 3991 7474 4074 7474 4000 7474 3878 7475 3869 7475 3870 7475 3878 7476 3870 7476 3971 7476 3575 7477 3508 7477 4105 7477 3575 7478 4105 7478 3879 7478 4106 7479 4107 7479 4108 7479 4106 7480 4108 7480 4109 7480 3520 7481 3518 7481 4106 7481 3520 7482 4106 7482 4109 7482 4110 7483 4111 7483 4112 7483 4110 7484 4112 7484 4113 7484 4017 7485 4112 7485 4111 7485 4017 7486 4111 7486 4014 7486 3518 7487 3516 7487 4114 7487 3518 7488 4114 7488 4106 7488 3516 7489 3515 7489 3882 7489 3516 7490 3882 7490 4114 7490 4115 7491 3882 7491 3881 7491 4115 7492 3881 7492 4116 7492 4116 7493 3881 7493 3897 7493 4116 7494 3897 7494 4117 7494 4118 7495 3923 7495 3542 7495 4118 7496 3542 7496 3494 7496 4119 7497 4120 7497 4121 7497 4119 7498 4121 7498 4122 7498 4119 7499 4122 7499 4118 7499 4119 7500 4118 7500 3494 7500 4119 7501 3494 7501 3492 7501 4120 7502 4119 7502 4123 7502 4120 7503 4123 7503 4124 7503 4119 7504 3492 7504 3490 7504 4119 7505 3490 7505 4123 7505 4125 7506 4126 7506 4127 7506 4125 7507 4127 7507 4124 7507 4125 7508 4124 7508 4123 7508 4123 7509 3490 7509 3488 7509 4123 7510 3488 7510 4125 7510 4128 7511 4129 7511 4130 7511 4128 7512 4130 7512 4126 7512 4128 7513 4126 7513 4125 7513 3488 7514 3486 7514 4128 7514 3488 7515 4128 7515 4125 7515 4129 7516 4128 7516 4131 7516 4129 7517 4131 7517 4132 7517 3548 7518 4131 7518 4128 7518 3548 7519 4128 7519 3486 7519 4133 7520 4134 7520 4135 7520 4133 7521 4135 7521 4132 7521 4133 7522 4132 7522 4131 7522 4131 7523 3548 7523 3546 7523 4131 7524 3546 7524 4133 7524 4136 7525 4137 7525 4134 7525 4136 7526 4134 7526 4133 7526 3545 7527 4136 7527 4133 7527 3545 7528 4133 7528 3546 7528 4137 7529 4136 7529 4138 7529 4137 7530 4138 7530 4139 7530 3545 7531 3552 7531 4138 7531 3545 7532 4138 7532 4136 7532 4139 7533 4138 7533 4140 7533 4139 7534 4140 7534 4141 7534 3551 7535 4140 7535 4138 7535 3551 7536 4138 7536 3552 7536 4142 7537 4143 7537 4141 7537 4142 7538 4141 7538 4140 7538 3507 7539 4142 7539 4140 7539 3507 7540 4140 7540 3551 7540 4143 7541 4142 7541 4144 7541 4143 7542 4144 7542 4145 7542 4142 7543 3507 7543 3506 7543 4142 7544 3506 7544 4144 7544 4146 7545 4147 7545 4148 7545 4146 7546 4148 7546 4145 7546 4146 7547 4145 7547 4144 7547 3514 7548 4146 7548 4144 7548 3514 7549 4144 7549 3506 7549 4146 7550 4149 7550 4150 7550 4146 7551 4150 7551 4151 7551 4146 7552 4151 7552 4147 7552 3514 7553 3513 7553 4149 7553 3514 7554 4149 7554 4146 7554 4152 7555 4153 7555 4150 7555 4152 7556 4150 7556 4149 7556 3512 7557 4152 7557 4149 7557 3512 7558 4149 7558 3513 7558 4154 7559 4155 7559 4156 7559 4154 7560 4156 7560 4157 7560 4154 7561 4157 7561 4158 7561 4155 7562 4159 7562 4160 7562 4155 7563 4160 7563 4156 7563 4161 7564 4162 7564 4163 7564 4161 7565 4163 7565 4153 7565 4161 7566 4153 7566 4152 7566 3511 7567 4161 7567 4152 7567 3511 7568 4152 7568 3512 7568 4164 7569 4165 7569 4160 7569 4164 7570 4160 7570 4159 7570 4164 7571 4110 7571 4113 7571 4164 7572 4113 7572 4165 7572 3520 7573 4109 7573 4161 7573 3520 7574 4161 7574 3511 7574 3473 7575 3480 7575 3925 7575 3473 7576 3925 7576 4166 7576 3925 7577 3968 7577 3967 7577 3925 7578 3967 7578 4166 7578 3857 7579 3856 7579 3975 7579 3857 7580 3975 7580 4071 7580 3857 7581 4071 7581 4167 7581 3857 7582 4167 7582 4168 7582 3857 7583 4168 7583 4068 7583 3857 7584 4068 7584 4061 7584 4105 7585 4157 7585 4156 7585 4105 7586 4156 7586 4160 7586 4105 7587 4160 7587 4165 7587 4105 7588 4165 7588 4113 7588 4105 7589 4113 7589 4112 7589 4105 7590 4112 7590 3879 7590 3879 7591 4112 7591 4017 7591 3879 7592 4017 7592 4016 7592 3879 7593 4016 7593 3986 7593 3976 7594 3985 7594 4022 7594 3976 7595 4022 7595 4024 7595 3976 7596 4024 7596 4169 7596 3976 7597 4169 7597 4170 7597 3976 7598 4170 7598 4171 7598 3976 7599 4171 7599 4172 7599 3976 7600 4172 7600 4173 7600 3976 7601 4173 7601 4174 7601 3976 7602 4174 7602 4175 7602 3976 7603 4175 7603 3722 7603 3976 7604 3722 7604 3720 7604 4176 7605 4177 7605 4178 7605 4176 7606 4178 7606 4179 7606 4177 7607 4176 7607 4180 7607 4177 7608 4180 7608 4181 7608 4182 7609 4183 7609 4181 7609 4182 7610 4181 7610 4180 7610 4184 7611 4185 7611 4183 7611 4184 7612 4183 7612 4182 7612 4185 7613 4184 7613 4186 7613 4185 7614 4186 7614 4187 7614 4188 7615 4189 7615 4187 7615 4188 7616 4187 7616 4186 7616 4190 7617 4169 7617 4024 7617 4190 7618 4024 7618 4023 7618 4169 7619 4190 7619 4191 7619 4169 7620 4191 7620 4170 7620 4192 7621 4107 7621 4106 7621 4192 7622 4106 7622 4114 7622 4192 7623 4114 7623 4193 7623 4193 7624 4114 7624 3882 7624 4193 7625 3882 7625 4115 7625 3910 7626 4194 7626 4117 7626 3910 7627 4117 7627 3897 7627 4194 7628 3910 7628 3923 7628 4194 7629 3923 7629 4195 7629 4118 7630 4122 7630 4196 7630 4118 7631 4196 7631 4195 7631 4118 7632 4195 7632 3923 7632 4197 7633 4196 7633 4122 7633 4197 7634 4122 7634 4121 7634 4197 7635 4121 7635 4198 7635 4198 7636 4121 7636 4120 7636 4198 7637 4120 7637 4124 7637 4198 7638 4124 7638 4127 7638 4198 7639 4127 7639 4199 7639 4197 7640 4200 7640 4179 7640 4179 7641 4200 7641 4176 7641 4200 7642 4180 7642 4176 7642 4180 7643 4200 7643 4182 7643 4182 7644 4200 7644 4184 7644 4184 7645 4200 7645 4186 7645 4200 7646 4188 7646 4186 7646 4188 7647 4200 7647 4201 7647 4071 7648 4070 7648 4200 7648 4071 7649 4200 7649 4198 7649 4071 7650 4198 7650 4199 7650 4071 7651 4199 7651 4167 7651 4200 7652 4197 7652 4198 7652 4201 7653 4200 7653 4202 7653 4203 7654 4202 7654 4200 7654 4203 7655 4200 7655 4204 7655 4205 7656 4204 7656 4200 7656 4129 7657 4132 7657 4206 7657 4129 7658 4206 7658 4207 7658 4129 7659 4207 7659 4130 7659 4206 7660 4132 7660 4135 7660 4068 7661 4168 7661 4207 7661 4068 7662 4207 7662 4206 7662 4068 7663 4206 7663 4200 7663 4068 7664 4200 7664 4069 7664 4199 7665 4127 7665 4126 7665 4199 7666 4126 7666 4130 7666 4199 7667 4130 7667 4207 7667 4168 7668 4167 7668 4199 7668 4168 7669 4199 7669 4207 7669 4208 7670 4209 7670 4210 7670 4208 7671 4210 7671 4205 7671 4208 7672 4205 7672 4200 7672 4208 7673 4200 7673 4211 7673 4212 7674 4200 7674 4213 7674 4213 7675 4206 7675 4135 7675 4213 7676 4135 7676 4134 7676 4213 7677 4134 7677 4137 7677 4213 7678 4137 7678 4139 7678 4213 7679 4139 7679 4214 7679 4214 7680 4139 7680 4141 7680 4214 7681 4141 7681 4143 7681 4214 7682 4143 7682 4145 7682 4214 7683 4145 7683 4148 7683 4214 7684 4148 7684 4215 7684 4206 7685 4213 7685 4200 7685 4209 7686 4208 7686 4211 7686 4209 7687 4211 7687 4216 7687 4213 7688 4214 7688 4217 7688 4213 7689 4217 7689 4212 7689 4218 7690 4204 7690 4205 7690 4218 7691 4205 7691 4210 7691 4215 7692 4148 7692 4147 7692 4215 7693 4147 7693 4151 7693 4215 7694 4151 7694 4219 7694 4204 7695 4218 7695 4220 7695 4204 7696 4220 7696 4221 7696 4204 7697 4221 7697 4203 7697 4220 7698 4218 7698 4222 7698 4223 7699 4224 7699 4216 7699 4223 7700 4216 7700 4211 7700 4224 7701 4223 7701 4225 7701 4224 7702 4225 7702 4226 7702 4227 7703 4228 7703 4226 7703 4227 7704 4226 7704 4225 7704 4212 7705 4217 7705 4228 7705 4212 7706 4228 7706 4227 7706 4219 7707 4151 7707 4150 7707 4219 7708 4150 7708 4153 7708 4219 7709 4153 7709 4163 7709 4219 7710 4163 7710 4229 7710 4230 7711 4231 7711 4173 7711 4230 7712 4173 7712 4172 7712 4231 7713 4232 7713 4233 7713 4231 7714 4233 7714 4174 7714 4231 7715 4174 7715 4173 7715 4229 7716 4163 7716 4162 7716 4229 7717 4162 7717 4234 7717 4229 7718 4234 7718 4235 7718 4235 7719 4234 7719 4108 7719 4235 7720 4108 7720 4107 7720 4235 7721 4107 7721 4192 7721 4235 7722 4192 7722 4236 7722 4179 7723 4178 7723 4116 7723 4179 7724 4116 7724 4117 7724 4179 7725 4117 7725 4194 7725 4179 7726 4194 7726 4195 7726 4179 7727 4195 7727 4196 7727 4179 7728 4196 7728 4197 7728 4236 7729 4192 7729 4193 7729 4236 7730 4193 7730 4115 7730 4236 7731 4115 7731 4116 7731 4236 7732 4116 7732 4178 7732 4189 7733 4188 7733 4201 7733 4189 7734 4201 7734 4237 7734 4202 7735 4238 7735 4237 7735 4202 7736 4237 7736 4201 7736 4171 7737 4170 7737 4191 7737 4171 7738 4191 7738 4239 7738 4202 7739 4203 7739 4221 7739 4202 7740 4221 7740 4220 7740 4202 7741 4220 7741 4222 7741 4202 7742 4222 7742 4238 7742 4239 7743 4230 7743 4172 7743 4239 7744 4172 7744 4171 7744 4234 7745 4162 7745 4161 7745 4234 7746 4161 7746 4109 7746 4234 7747 4109 7747 4108 7747 4062 7748 4036 7748 3714 7748 4062 7749 3714 7749 3746 7749 4069 7750 4200 7750 4070 7750 3971 7751 3870 7751 3872 7751 3971 7752 3872 7752 3969 7752 3508 7753 3504 7753 4240 7753 3508 7754 4240 7754 4105 7754 4240 7755 4241 7755 4242 7755 4240 7756 4242 7756 4243 7756 4240 7757 4243 7757 4244 7757 4240 7758 4244 7758 4245 7758 4240 7759 4245 7759 4158 7759 4240 7760 4158 7760 4157 7760 4240 7761 4157 7761 4105 7761 4241 7762 4175 7762 4233 7762 4241 7763 4233 7763 4246 7763 4241 7764 4246 7764 4247 7764 4241 7765 4247 7765 4248 7765 4241 7766 4248 7766 4242 7766 4233 7767 4175 7767 4174 7767 4249 7768 4250 7768 4251 7768 4249 7769 4251 7769 4252 7769 4253 7770 4254 7770 4255 7770 4255 7771 4256 7771 4253 7771 4257 7772 4258 7772 4259 7772 4259 7773 4258 7773 4260 7773 4259 7774 4260 7774 4261 7774 4261 7775 4260 7775 4262 7775 4261 7776 4262 7776 4263 7776 4263 7777 4262 7777 4232 7777 4263 7778 4232 7778 4154 7778 4154 7779 4232 7779 4226 7779 4154 7780 4226 7780 4228 7780 4232 7781 4231 7781 4209 7781 4232 7782 4209 7782 4216 7782 4232 7783 4216 7783 4224 7783 4232 7784 4224 7784 4226 7784 4238 7785 4222 7785 4230 7785 4230 7786 4222 7786 4218 7786 4230 7787 4218 7787 4231 7787 4231 7788 4218 7788 4210 7788 4231 7789 4210 7789 4209 7789 4187 7790 4189 7790 4239 7790 4239 7791 4189 7791 4237 7791 4239 7792 4237 7792 4230 7792 4230 7793 4237 7793 4238 7793 4178 7794 4177 7794 4164 7794 4164 7795 4177 7795 4181 7795 4164 7796 4181 7796 4110 7796 4110 7797 4181 7797 4183 7797 4110 7798 4183 7798 4191 7798 4191 7799 4183 7799 4185 7799 4191 7800 4185 7800 4239 7800 4239 7801 4185 7801 4187 7801 4228 7802 4217 7802 4154 7802 4154 7803 4217 7803 4214 7803 4154 7804 4214 7804 4155 7804 4155 7805 4214 7805 4215 7805 4155 7806 4215 7806 4219 7806 4229 7807 4235 7807 4159 7807 4229 7808 4159 7808 4155 7808 4229 7809 4155 7809 4219 7809 4236 7810 4178 7810 4164 7810 4236 7811 4164 7811 4159 7811 4236 7812 4159 7812 4235 7812 4019 7813 4015 7813 4021 7813 4021 7814 4015 7814 4014 7814 4021 7815 4014 7815 4023 7815 4023 7816 4014 7816 4111 7816 4023 7817 4111 7817 4190 7817 4190 7818 4111 7818 4110 7818 4190 7819 4110 7819 4191 7819 4245 7820 4244 7820 4261 7820 4245 7821 4261 7821 4263 7821 4154 7822 4158 7822 4245 7822 4154 7823 4245 7823 4263 7823 3474 7824 3473 7824 4166 7824 3474 7825 4166 7825 4264 7825 4166 7826 3967 7826 3962 7826 4166 7827 3962 7827 4264 7827 3857 7828 4061 7828 4063 7828 3857 7829 4063 7829 3871 7829 3724 7830 3722 7830 4175 7830 3724 7831 4175 7831 4241 7831 3730 7832 3550 7832 3549 7832 3730 7833 3549 7833 3732 7833 3728 7834 3553 7834 3550 7834 3728 7835 3550 7835 3730 7835 3553 7836 3728 7836 3726 7836 3553 7837 3726 7837 3505 7837 3751 7838 3503 7838 3505 7838 3751 7839 3505 7839 3726 7839 3503 7840 3751 7840 3750 7840 3503 7841 3750 7841 3498 7841 4246 7842 4233 7842 4232 7842 4246 7843 4232 7843 4262 7843 4247 7844 4246 7844 4262 7844 4247 7845 4262 7845 4260 7845 4247 7846 4260 7846 4258 7846 4247 7847 4258 7847 4248 7847 4200 7848 4223 7848 4211 7848 4248 7849 4258 7849 4257 7849 4248 7850 4257 7850 4242 7850 4223 7851 4200 7851 4225 7851 4265 7852 4266 7852 4267 7852 4265 7853 4267 7853 4268 7853 4265 7854 4268 7854 4269 7854 4270 7855 4271 7855 4267 7855 4270 7856 4267 7856 4266 7856 4266 7857 4265 7857 4255 7857 4255 7858 4270 7858 4266 7858 4255 7859 4272 7859 4270 7859 4252 7860 4265 7860 4269 7860 4252 7861 4269 7861 4273 7861 4252 7862 4273 7862 4249 7862 4272 7863 4255 7863 4274 7863 4255 7864 4275 7864 4274 7864 4275 7865 4255 7865 4276 7865 3549 7866 3547 7866 4273 7866 3549 7867 4273 7867 4269 7867 3549 7868 4269 7868 3734 7868 3549 7869 3734 7869 3732 7869 3734 7870 4269 7870 4268 7870 4242 7871 4257 7871 4259 7871 4242 7872 4259 7872 4243 7872 4200 7873 4227 7873 4225 7873 3547 7874 3484 7874 4277 7874 3547 7875 4277 7875 4250 7875 3547 7876 4250 7876 4249 7876 3547 7877 4249 7877 4273 7877 4256 7878 4255 7878 4251 7878 4251 7879 4255 7879 4252 7879 4255 7880 4265 7880 4252 7880 4276 7881 4255 7881 4254 7881 4259 7882 4261 7882 4244 7882 4259 7883 4244 7883 4243 7883 4200 7884 4212 7884 4227 7884 4062 7885 3746 7885 3737 7885 4062 7886 3737 7886 4064 7886 3969 7887 3872 7887 3874 7887 3969 7888 3874 7888 3963 7888 3504 7889 3500 7889 4278 7889 3504 7890 4278 7890 4240 7890 4278 7891 4279 7891 4241 7891 4278 7892 4241 7892 4240 7892 3484 7893 3482 7893 4280 7893 3484 7894 4280 7894 4277 7894 4251 7895 4277 7895 4256 7895 4256 7896 4277 7896 4280 7896 4256 7897 4280 7897 4281 7897 4281 7898 4280 7898 4282 7898 4281 7899 4282 7899 4283 7899 4281 7900 4283 7900 4284 7900 4277 7901 4251 7901 4250 7901 4285 7902 4286 7902 4284 7902 4285 7903 4284 7903 4283 7903 4253 7904 4287 7904 4288 7904 4253 7905 4288 7905 4254 7905 4287 7906 4253 7906 4256 7906 4287 7907 4256 7907 4281 7907 3482 7908 3502 7908 4282 7908 3482 7909 4282 7909 4280 7909 3749 7910 3499 7910 3498 7910 3749 7911 3498 7911 3750 7911 3463 7912 3474 7912 4264 7912 3463 7913 4264 7913 4289 7913 4264 7914 3962 7914 3964 7914 4264 7915 3964 7915 4289 7915 3871 7916 4063 7916 4065 7916 3871 7917 4065 7917 3873 7917 3748 7918 3724 7918 4241 7918 3748 7919 4241 7919 4279 7919 3713 7920 4290 7920 4291 7920 3713 7921 4291 7921 3715 7921 3734 7922 4268 7922 4267 7922 3734 7923 4267 7923 4271 7923 3734 7924 4271 7924 4290 7924 3734 7925 4290 7925 3713 7925 3718 7926 4292 7926 3749 7926 3749 7927 4292 7927 4293 7927 3749 7928 4293 7928 3499 7928 3499 7929 4293 7929 4294 7929 3499 7930 4294 7930 3501 7930 4295 7931 4296 7931 4293 7931 4295 7932 4293 7932 4292 7932 4295 7933 4292 7933 4297 7933 4298 7934 4299 7934 4295 7934 4298 7935 4295 7935 4297 7935 4299 7936 4300 7936 4301 7936 4301 7937 4300 7937 4291 7937 4301 7938 4291 7938 4272 7938 4272 7939 4291 7939 4290 7939 4272 7940 4290 7940 4271 7940 4272 7941 4271 7941 4270 7941 4300 7942 4299 7942 4298 7942 4286 7943 4285 7943 4294 7943 4286 7944 4294 7944 4293 7944 4286 7945 4293 7945 4296 7945 4254 7946 4288 7946 4302 7946 4254 7947 4302 7947 4276 7947 4274 7948 4303 7948 4301 7948 4274 7949 4301 7949 4272 7949 4303 7950 4274 7950 4275 7950 4303 7951 4275 7951 4304 7951 4304 7952 4275 7952 4276 7952 4304 7953 4276 7953 4302 7953 3501 7954 4294 7954 4285 7954 3501 7955 4285 7955 4283 7955 3501 7956 4283 7956 4282 7956 3501 7957 4282 7957 3502 7957 3717 7958 4300 7958 4298 7958 3717 7959 4298 7959 4297 7959 3717 7960 4297 7960 4292 7960 3717 7961 4292 7961 3718 7961 3715 7962 4291 7962 4300 7962 3715 7963 4300 7963 3717 7963 4064 7964 3737 7964 3739 7964 4064 7965 3739 7965 4066 7965 3963 7966 3874 7966 3876 7966 3963 7967 3876 7967 3965 7967 4305 7968 4306 7968 3469 7968 4305 7969 3469 7969 3468 7969 4305 7970 3468 7970 4307 7970 4305 7971 4308 7971 4309 7971 4305 7972 4309 7972 4306 7972 4307 7973 3466 7973 3454 7973 4307 7974 3454 7974 4310 7974 4307 7975 4310 7975 4311 7975 4307 7976 4311 7976 4312 7976 4307 7977 4312 7977 4313 7977 4307 7978 4313 7978 3759 7978 4307 7979 3759 7979 3740 7979 4307 7980 3740 7980 4314 7980 4307 7981 4314 7981 4308 7981 4307 7982 4308 7982 4305 7982 3736 7983 3476 7983 3469 7983 3736 7984 3469 7984 4306 7984 3736 7985 4306 7985 4309 7985 3736 7986 4309 7986 3828 7986 3735 7987 3477 7987 3476 7987 3735 7988 3476 7988 3736 7988 3477 7989 3735 7989 3747 7989 3477 7990 3747 7990 3478 7990 3716 7991 3479 7991 3478 7991 3716 7992 3478 7992 3747 7992 3459 7993 3463 7993 4289 7993 3459 7994 4289 7994 4315 7994 4289 7995 3964 7995 3966 7995 4289 7996 3966 7996 4315 7996 3873 7997 4065 7997 4067 7997 3873 7998 4067 7998 3875 7998 3738 7999 3828 7999 4309 7999 3738 8000 4309 8000 4308 8000 3738 8001 4308 8001 4314 8001 3479 8002 3716 8002 4302 8002 3479 8003 4302 8003 4288 8003 3479 8004 4288 8004 4287 8004 3479 8005 4287 8005 4281 8005 3479 8006 4281 8006 4278 8006 3479 8007 4278 8007 3500 8007 4279 8008 4278 8008 4296 8008 4279 8009 4296 8009 4295 8009 4279 8010 4295 8010 4299 8010 4279 8011 4299 8011 4301 8011 4279 8012 4301 8012 4303 8012 4279 8013 4303 8013 4304 8013 4279 8014 4304 8014 3716 8014 4279 8015 3716 8015 3748 8015 4278 8016 4281 8016 4284 8016 4278 8017 4284 8017 4286 8017 4278 8018 4286 8018 4296 8018 3716 8019 4304 8019 4302 8019 4066 8020 3739 8020 3741 8020 4066 8021 3741 8021 4049 8021 3958 8022 3965 8022 3876 8022 3958 8023 3876 8023 3858 8023 3466 8024 4307 8024 3468 8024 3452 8025 3459 8025 4315 8025 3452 8026 4315 8026 4316 8026 4315 8027 3966 8027 3957 8027 4315 8028 3957 8028 4316 8028 3859 8029 3875 8029 4067 8029 3859 8030 4067 8030 4051 8030 3740 8031 3738 8031 4314 8031 4317 8032 4318 8032 4319 8032 4317 8033 4319 8033 4320 8033 4317 8034 4320 8034 4321 8034 4317 8035 4321 8035 4322 8035 4317 8036 4322 8036 4323 8036 4317 8037 4323 8037 4324 8037 4317 8038 4324 8038 4325 8038 4317 8039 4325 8039 4326 8039 4317 8040 4326 8040 4327 8040 4317 8041 4327 8041 4328 8041 3765 8042 3745 8042 4318 8042 3765 8043 4318 8043 4317 8043 3745 8044 3744 8044 4319 8044 3745 8045 4319 8045 4318 8045 3744 8046 3742 8046 4320 8046 3744 8047 4320 8047 4319 8047 3742 8048 3827 8048 4321 8048 3742 8049 4321 8049 4320 8049 3827 8050 3826 8050 4322 8050 3827 8051 4322 8051 4321 8051 3826 8052 3825 8052 4323 8052 3826 8053 4323 8053 4322 8053 4049 8054 3741 8054 3743 8054 4049 8055 3743 8055 4050 8055 3958 8056 3858 8056 3860 8056 3958 8057 3860 8057 3960 8057 3454 8058 3456 8058 4310 8058 3452 8059 4316 8059 4329 8059 3452 8060 4329 8060 3453 8060 4316 8061 3957 8061 3959 8061 4316 8062 3959 8062 4329 8062 3859 8063 4051 8063 4053 8063 3859 8064 4053 8064 3861 8064 3761 8065 3759 8065 4313 8065 3757 8066 3756 8066 4327 8066 3757 8067 4327 8067 4326 8067 3756 8068 3766 8068 4328 8068 3756 8069 4328 8069 4327 8069 3766 8070 3765 8070 4317 8070 3766 8071 4317 8071 4328 8071 3825 8072 3824 8072 4324 8072 3825 8073 4324 8073 4323 8073 3824 8074 3823 8074 4325 8074 3824 8075 4325 8075 4324 8075 3823 8076 3757 8076 4326 8076 3823 8077 4326 8077 4325 8077 4050 8078 3743 8078 3758 8078 4050 8079 3758 8079 4052 8079 3960 8080 3860 8080 3862 8080 3960 8081 3862 8081 3956 8081 3456 8082 3458 8082 4330 8082 3456 8083 4330 8083 4311 8083 3456 8084 4311 8084 4310 8084 4330 8085 4331 8085 4312 8085 4330 8086 4312 8086 4311 8086 3822 8087 3394 8087 3337 8087 3822 8088 3337 8088 3818 8088 3821 8089 3395 8089 3394 8089 3821 8090 3394 8090 3822 8090 3395 8091 3821 8091 3764 8091 3395 8092 3764 8092 3396 8092 4331 8093 4330 8093 3458 8093 4331 8094 3458 8094 3396 8094 4331 8095 3396 8095 3764 8095 4331 8096 3764 8096 3763 8096 3453 8097 4329 8097 4332 8097 3453 8098 4332 8098 3455 8098 4329 8099 3959 8099 3961 8099 4329 8100 3961 8100 4332 8100 3861 8101 4053 8101 4055 8101 3861 8102 4055 8102 3863 8102 3763 8103 3761 8103 4313 8103 3763 8104 4313 8104 4312 8104 3763 8105 4312 8105 4331 8105 4052 8106 3758 8106 3760 8106 4052 8107 3760 8107 4054 8107 3956 8108 3862 8108 3864 8108 3956 8109 3864 8109 3953 8109 3387 8110 3377 8110 4333 8110 3387 8111 4333 8111 4334 8111 4333 8112 4335 8112 4336 8112 4333 8113 4336 8113 4334 8113 4337 8114 4338 8114 4339 8114 4337 8115 4339 8115 4340 8115 4341 8116 4340 8116 4339 8116 4341 8117 4339 8117 4342 8117 4343 8118 4344 8118 4345 8118 4343 8119 4345 8119 4346 8119 4343 8120 4338 8120 4347 8120 4343 8121 4347 8121 4348 8121 4343 8122 4348 8122 4344 8122 4338 8123 4337 8123 4347 8123 4347 8124 4337 8124 4349 8124 4347 8125 4349 8125 4350 8125 4350 8126 4349 8126 4351 8126 4347 8127 3335 8127 3334 8127 4347 8128 3334 8128 4348 8128 3388 8129 3814 8129 3813 8129 3388 8130 3813 8130 3389 8130 4350 8131 3336 8131 3335 8131 4350 8132 3335 8132 4347 8132 4351 8133 4349 8133 4352 8133 4351 8134 4352 8134 4353 8134 3393 8135 3336 8135 4350 8135 3393 8136 4350 8136 4351 8136 3393 8137 4351 8137 4353 8137 3393 8138 4353 8138 4354 8138 3455 8139 4332 8139 4355 8139 3455 8140 4355 8140 3457 8140 4332 8141 3961 8141 3955 8141 4332 8142 3955 8142 4355 8142 3863 8143 4055 8143 4057 8143 3863 8144 4057 8144 3865 8144 3773 8145 3815 8145 4336 8145 3773 8146 4336 8146 4335 8146 4334 8147 4336 8147 4356 8147 4334 8148 4356 8148 4352 8148 4334 8149 4352 8149 4349 8149 4334 8150 4349 8150 4337 8150 4334 8151 4337 8151 3337 8151 4334 8152 3337 8152 3387 8152 4336 8153 3815 8153 4357 8153 4336 8154 4357 8154 4358 8154 4336 8155 4358 8155 4359 8155 4336 8156 4359 8156 4360 8156 4336 8157 4360 8157 4361 8157 4336 8158 4361 8158 4356 8158 3337 8159 4337 8159 4340 8159 3337 8160 4340 8160 4341 8160 3337 8161 4341 8161 4362 8161 3337 8162 4362 8162 3818 8162 3815 8163 3818 8163 4362 8163 3815 8164 4362 8164 4357 8164 4362 8165 4363 8165 4364 8165 4362 8166 4364 8166 4357 8166 4357 8167 4364 8167 4365 8167 4357 8168 4365 8168 4358 8168 4366 8169 4359 8169 4358 8169 4366 8170 4358 8170 4365 8170 4363 8171 4362 8171 4341 8171 4363 8172 4341 8172 4342 8172 4360 8173 4359 8173 4367 8173 4360 8174 4367 8174 4368 8174 4360 8175 4368 8175 4369 8175 4359 8176 4366 8176 4367 8176 4367 8177 4366 8177 4370 8177 4367 8178 4370 8178 4371 8178 4371 8179 4370 8179 4372 8179 3785 8180 3786 8180 4367 8180 3785 8181 4367 8181 4371 8181 3786 8182 3819 8182 4368 8182 3786 8183 4368 8183 4367 8183 4352 8184 4356 8184 4373 8184 4352 8185 4373 8185 4354 8185 4352 8186 4354 8186 4353 8186 4374 8187 4361 8187 4360 8187 4374 8188 4360 8188 4369 8188 4361 8189 4374 8189 4375 8189 4361 8190 4375 8190 4373 8190 4361 8191 4373 8191 4356 8191 3820 8192 4375 8192 4374 8192 3820 8193 4374 8193 4369 8193 3820 8194 4369 8194 4368 8194 3820 8195 4368 8195 3819 8195 3388 8196 3393 8196 4354 8196 3388 8197 4354 8197 4373 8197 3388 8198 4373 8198 3820 8198 3388 8199 3820 8199 3814 8199 3820 8200 4373 8200 4375 8200 4054 8201 3760 8201 3762 8201 4054 8202 3762 8202 4056 8202 3953 8203 3864 8203 3866 8203 3953 8204 3866 8204 3930 8204 3377 8205 3373 8205 4376 8205 3377 8206 4376 8206 4333 8206 4377 8207 3363 8207 3365 8207 4377 8208 3365 8208 4378 8208 3378 8209 4379 8209 4380 8209 3378 8210 4380 8210 3379 8210 4381 8211 4382 8211 4383 8211 4381 8212 4383 8212 4384 8212 4381 8213 4384 8213 4385 8213 4382 8214 4386 8214 4387 8214 4382 8215 4387 8215 4383 8215 4386 8216 4388 8216 4389 8216 4386 8217 4389 8217 4387 8217 4379 8218 3378 8218 3392 8218 4379 8219 3392 8219 4390 8219 4390 8220 3392 8220 3443 8220 4390 8221 3443 8221 4391 8221 3777 8222 3444 8222 3391 8222 3777 8223 3391 8223 3775 8223 3444 8224 3777 8224 3779 8224 3444 8225 3779 8225 3442 8225 3812 8226 3390 8226 3389 8226 3812 8227 3389 8227 3813 8227 3775 8228 3391 8228 3390 8228 3775 8229 3390 8229 3812 8229 3441 8230 4392 8230 4391 8230 3441 8231 4391 8231 3443 8231 3781 8232 3445 8232 3442 8232 3781 8233 3442 8233 3779 8233 4392 8234 3441 8234 3440 8234 4392 8235 3440 8235 4393 8235 3334 8236 3446 8236 4394 8236 3334 8237 4394 8237 4345 8237 3334 8238 4345 8238 4344 8238 3334 8239 4344 8239 4348 8239 3448 8240 4395 8240 4393 8240 3448 8241 4393 8241 3440 8241 4395 8242 3448 8242 3447 8242 4395 8243 3447 8243 4396 8243 4338 8244 4397 8244 4339 8244 4342 8245 4339 8245 4397 8245 4397 8246 4343 8246 4346 8246 4397 8247 4338 8247 4343 8247 4396 8248 3447 8248 3449 8248 4396 8249 3449 8249 4398 8249 3363 8250 4377 8250 4398 8250 3363 8251 4398 8251 3449 8251 3397 8252 3457 8252 4355 8252 3397 8253 4355 8253 4399 8253 4355 8254 3955 8254 3954 8254 4355 8255 3954 8255 4399 8255 4059 8256 3867 8256 3865 8256 4059 8257 3865 8257 4057 8257 4335 8258 4333 8258 4400 8258 4335 8259 4400 8259 4401 8259 4335 8260 4401 8260 4402 8260 4335 8261 4402 8261 4403 8261 4335 8262 4403 8262 4404 8262 4335 8263 4404 8263 4405 8263 4335 8264 4405 8264 4406 8264 4333 8265 4376 8265 4383 8265 4333 8266 4383 8266 4387 8266 4333 8267 4387 8267 4389 8267 4333 8268 4389 8268 4407 8268 4333 8269 4407 8269 4400 8269 4383 8270 4376 8270 4384 8270 3771 8271 3773 8271 4335 8271 3771 8272 4335 8272 4406 8272 4408 8273 4409 8273 4410 8273 4409 8274 4408 8274 4411 8274 4397 8275 4364 8275 4363 8275 4364 8276 4397 8276 4365 8276 4397 8277 4366 8277 4365 8277 4342 8278 4397 8278 4363 8278 4346 8279 4345 8279 4394 8279 4346 8280 4394 8280 4412 8280 4346 8281 4412 8281 4413 8281 4413 8282 4397 8282 4346 8282 4414 8283 4413 8283 4412 8283 4414 8284 4412 8284 4415 8284 4414 8285 4415 8285 4416 8285 4366 8286 4397 8286 4370 8286 4397 8287 4414 8287 4370 8287 4414 8288 4397 8288 4413 8288 4417 8289 4407 8289 4389 8289 4417 8290 4389 8290 4388 8290 4408 8291 4418 8291 4411 8291 4419 8292 4418 8292 4420 8292 4419 8293 4420 8293 4421 8293 3783 8294 4415 8294 3781 8294 3781 8295 4415 8295 4412 8295 3781 8296 4412 8296 3445 8296 3445 8297 4412 8297 4394 8297 3445 8298 4394 8298 3446 8298 4414 8299 4416 8299 4372 8299 4414 8300 4372 8300 4370 8300 3783 8301 3785 8301 4371 8301 3783 8302 4371 8302 4372 8302 3783 8303 4372 8303 4416 8303 3783 8304 4416 8304 4415 8304 4422 8305 4400 8305 4407 8305 4422 8306 4407 8306 4417 8306 4418 8307 4408 8307 4420 8307 4423 8308 4424 8308 4421 8308 4423 8309 4421 8309 4420 8309 4422 8310 4425 8310 4401 8310 4422 8311 4401 8311 4400 8311 4408 8312 4423 8312 4420 8312 4426 8313 4402 8313 4401 8313 4426 8314 4401 8314 4425 8314 4423 8315 4408 8315 4427 8315 4402 8316 4426 8316 4428 8316 4402 8317 4428 8317 4403 8317 4408 8318 4429 8318 4427 8318 4403 8319 4428 8319 4430 8319 4403 8320 4430 8320 4404 8320 4431 8321 4429 8321 4408 8321 4430 8322 4432 8322 4433 8322 4430 8323 4433 8323 4405 8323 4430 8324 4405 8324 4404 8324 4056 8325 3762 8325 3817 8325 4056 8326 3817 8326 4058 8326 3928 8327 3930 8327 3866 8327 3928 8328 3866 8328 3868 8328 4434 8329 4376 8329 3373 8329 4434 8330 3373 8330 3371 8330 4434 8331 4435 8331 4436 8331 4434 8332 4436 8332 4437 8332 4434 8333 4437 8333 4438 8333 4434 8334 4438 8334 4439 8334 4434 8335 4439 8335 4440 8335 4434 8336 4440 8336 4441 8336 4434 8337 4441 8337 4385 8337 4434 8338 4385 8338 4384 8338 4434 8339 4384 8339 4376 8339 4442 8340 4443 8340 4444 8340 4442 8341 4444 8341 4445 8341 4442 8342 4445 8342 4378 8342 3365 8343 3367 8343 4442 8343 3365 8344 4442 8344 4378 8344 4446 8345 4447 8345 4443 8345 4446 8346 4443 8346 4442 8346 3367 8347 3369 8347 4446 8347 3367 8348 4446 8348 4442 8348 4448 8349 4449 8349 4450 8349 4448 8350 4450 8350 4447 8350 4448 8351 4447 8351 4446 8351 4446 8352 3369 8352 3359 8352 4446 8353 3359 8353 4448 8353 4451 8354 4452 8354 4453 8354 4451 8355 4453 8355 4449 8355 4451 8356 4449 8356 4448 8356 4448 8357 3359 8357 3357 8357 4448 8358 3357 8358 4451 8358 4454 8359 4455 8359 4452 8359 4454 8360 4452 8360 4451 8360 3438 8361 4454 8361 4451 8361 3438 8362 4451 8362 3357 8362 4456 8363 4457 8363 4455 8363 4456 8364 4455 8364 4454 8364 3438 8365 3436 8365 4456 8365 3438 8366 4456 8366 4454 8366 4457 8367 4456 8367 4458 8367 4457 8368 4458 8368 4459 8368 3434 8369 4458 8369 4456 8369 3434 8370 4456 8370 3436 8370 4460 8371 4461 8371 4459 8371 4460 8372 4459 8372 4458 8372 4458 8373 3434 8373 3432 8373 4458 8374 3432 8374 4460 8374 4461 8375 4460 8375 4462 8375 4461 8376 4462 8376 4463 8376 4460 8377 3432 8377 3430 8377 4460 8378 3430 8378 4462 8378 4464 8379 4465 8379 4466 8379 4464 8380 4466 8380 4463 8380 4464 8381 4463 8381 4462 8381 4462 8382 3430 8382 3429 8382 4462 8383 3429 8383 4464 8383 4467 8384 4468 8384 4465 8384 4467 8385 4465 8385 4464 8385 4464 8386 3429 8386 3382 8386 4464 8387 3382 8387 4467 8387 4469 8388 4438 8388 4437 8388 4469 8389 4437 8389 4470 8389 4438 8390 4469 8390 4471 8390 4438 8391 4471 8391 4439 8391 4472 8392 4473 8392 4474 8392 4472 8393 4474 8393 4468 8393 4472 8394 4468 8394 4467 8394 4472 8395 4467 8395 3382 8395 4472 8396 3382 8396 3381 8396 4471 8397 4475 8397 4440 8397 4471 8398 4440 8398 4439 8398 4476 8399 4477 8399 4478 8399 4476 8400 4478 8400 4473 8400 4476 8401 4473 8401 4472 8401 4476 8402 4472 8402 3381 8402 4476 8403 3381 8403 3380 8403 4475 8404 4479 8404 4441 8404 4475 8405 4441 8405 4440 8405 4479 8406 4381 8406 4385 8406 4479 8407 4385 8407 4441 8407 4477 8408 4476 8408 4380 8408 4477 8409 4380 8409 4480 8409 4380 8410 4476 8410 3380 8410 4380 8411 3380 8411 3379 8411 4379 8412 4481 8412 4482 8412 4379 8413 4482 8413 4480 8413 4379 8414 4480 8414 4380 8414 4483 8415 4392 8415 4393 8415 4483 8416 4393 8416 4484 8416 4395 8417 4485 8417 4484 8417 4395 8418 4484 8418 4393 8418 4377 8419 4486 8419 4487 8419 4377 8420 4487 8420 4398 8420 3338 8421 3397 8421 4399 8421 3338 8422 4399 8422 4488 8422 4399 8423 3954 8423 3932 8423 4399 8424 3932 8424 4488 8424 3867 8425 4059 8425 4060 8425 3867 8426 4060 8426 4489 8426 3867 8427 4489 8427 4490 8427 3867 8428 4490 8428 4039 8428 3867 8429 4039 8429 4038 8429 3867 8430 4038 8430 3833 8430 4406 8431 4405 8431 4433 8431 4406 8432 4433 8432 4491 8432 4406 8433 4491 8433 4492 8433 4406 8434 4492 8434 4493 8434 4406 8435 4493 8435 4494 8435 4406 8436 4494 8436 4495 8436 4406 8437 4495 8437 4496 8437 4497 8438 4498 8438 4496 8438 4497 8439 4496 8439 4495 8439 4406 8440 4496 8440 3769 8440 4406 8441 3769 8441 3771 8441 4499 8442 4486 8442 4377 8442 4499 8443 4377 8443 4378 8443 4499 8444 4378 8444 4445 8444 4500 8445 4499 8445 4445 8445 4500 8446 4445 8446 4444 8446 4500 8447 4444 8447 4501 8447 4060 8448 4047 8448 4408 8448 4060 8449 4408 8449 4410 8449 4060 8450 4410 8450 4500 8450 4060 8451 4500 8451 4489 8451 4408 8452 4502 8452 4431 8452 4503 8453 4408 8453 4504 8453 4505 8454 4501 8454 4444 8454 4505 8455 4444 8455 4443 8455 4505 8456 4443 8456 4447 8456 4505 8457 4447 8457 4450 8457 4039 8458 4490 8458 4501 8458 4039 8459 4501 8459 4505 8459 4039 8460 4505 8460 4408 8460 4039 8461 4408 8461 4046 8461 4501 8462 4490 8462 4489 8462 4501 8463 4489 8463 4500 8463 4502 8464 4408 8464 4503 8464 4408 8465 4506 8465 4504 8465 4507 8466 4508 8466 4509 8466 4507 8467 4509 8467 4506 8467 4506 8468 4408 8468 4507 8468 4507 8469 4408 8469 4510 8469 4408 8470 4511 8470 4510 8470 4511 8471 4408 8471 4512 8471 4512 8472 4408 8472 4513 8472 4513 8473 4408 8473 4514 8473 4408 8474 4515 8474 4514 8474 4516 8475 4515 8475 4459 8475 4516 8476 4459 8476 4461 8476 4516 8477 4461 8477 4463 8477 4516 8478 4463 8478 4466 8478 4516 8479 4466 8479 4517 8479 4515 8480 4518 8480 4453 8480 4515 8481 4453 8481 4452 8481 4515 8482 4452 8482 4455 8482 4515 8483 4455 8483 4457 8483 4515 8484 4457 8484 4459 8484 4515 8485 4408 8485 4518 8485 4518 8486 4505 8486 4450 8486 4518 8487 4450 8487 4449 8487 4518 8488 4449 8488 4453 8488 4408 8489 4505 8489 4518 8489 4510 8490 4519 8490 4508 8490 4510 8491 4508 8491 4507 8491 4519 8492 4510 8492 4511 8492 4519 8493 4511 8493 4520 8493 4512 8494 4521 8494 4520 8494 4512 8495 4520 8495 4511 8495 4513 8496 4522 8496 4521 8496 4513 8497 4521 8497 4512 8497 4522 8498 4513 8498 4514 8498 4522 8499 4514 8499 4523 8499 4523 8500 4514 8500 4515 8500 4523 8501 4515 8501 4516 8501 4524 8502 4504 8502 4506 8502 4524 8503 4506 8503 4509 8503 4517 8504 4466 8504 4465 8504 4517 8505 4465 8505 4468 8505 4517 8506 4468 8506 4474 8506 4517 8507 4474 8507 4525 8507 4526 8508 4527 8508 4494 8508 4526 8509 4494 8509 4493 8509 4495 8510 4494 8510 4527 8510 4495 8511 4527 8511 4528 8511 4528 8512 4529 8512 4497 8512 4528 8513 4497 8513 4495 8513 4497 8514 4529 8514 4530 8514 4497 8515 4530 8515 4531 8515 4497 8516 4531 8516 4498 8516 4531 8517 4530 8517 4532 8517 4531 8518 4532 8518 4436 8518 4531 8519 4436 8519 4435 8519 4532 8520 4470 8520 4437 8520 4532 8521 4437 8521 4436 8521 4524 8522 4533 8522 4534 8522 4524 8523 4534 8523 4535 8523 4524 8524 4535 8524 4504 8524 4504 8525 4535 8525 4503 8525 4536 8526 4526 8526 4493 8526 4536 8527 4493 8527 4492 8527 4525 8528 4474 8528 4473 8528 4525 8529 4473 8529 4478 8529 4525 8530 4478 8530 4537 8530 4491 8531 4538 8531 4536 8531 4491 8532 4536 8532 4492 8532 4539 8533 4537 8533 4478 8533 4539 8534 4478 8534 4477 8534 4539 8535 4477 8535 4480 8535 4539 8536 4480 8536 4482 8536 4539 8537 4482 8537 4481 8537 4539 8538 4481 8538 4540 8538 4539 8539 4540 8539 4541 8539 4422 8540 4417 8540 4425 8540 4425 8541 4417 8541 4388 8541 4425 8542 4388 8542 4426 8542 4426 8543 4388 8543 4386 8543 4426 8544 4386 8544 4428 8544 4428 8545 4386 8545 4382 8545 4428 8546 4382 8546 4430 8546 4430 8547 4382 8547 4421 8547 4430 8548 4421 8548 4424 8548 4382 8549 4381 8549 4542 8549 4382 8550 4542 8550 4543 8550 4382 8551 4543 8551 4419 8551 4382 8552 4419 8552 4421 8552 4525 8553 4537 8553 4479 8553 4479 8554 4537 8554 4539 8554 4479 8555 4539 8555 4381 8555 4381 8556 4539 8556 4541 8556 4381 8557 4541 8557 4542 8557 4523 8558 4516 8558 4475 8558 4475 8559 4516 8559 4517 8559 4475 8560 4517 8560 4479 8560 4479 8561 4517 8561 4525 8561 4508 8562 4519 8562 4536 8562 4536 8563 4519 8563 4520 8563 4536 8564 4520 8564 4526 8564 4526 8565 4520 8565 4521 8565 4526 8566 4521 8566 4471 8566 4471 8567 4521 8567 4522 8567 4471 8568 4522 8568 4475 8568 4475 8569 4522 8569 4523 8569 4424 8570 4544 8570 4430 8570 4430 8571 4544 8571 4545 8571 4430 8572 4545 8572 4432 8572 4432 8573 4545 8573 4546 8573 4432 8574 4546 8574 4547 8574 4533 8575 4524 8575 4538 8575 4533 8576 4538 8576 4432 8576 4533 8577 4432 8577 4547 8577 4509 8578 4508 8578 4536 8578 4509 8579 4536 8579 4538 8579 4509 8580 4538 8580 4524 8580 4530 8581 4529 8581 4532 8581 4532 8582 4529 8582 4528 8582 4532 8583 4528 8583 4470 8583 4470 8584 4528 8584 4527 8584 4470 8585 4527 8585 4469 8585 4469 8586 4527 8586 4526 8586 4469 8587 4526 8587 4471 8587 4547 8588 4502 8588 4503 8588 4547 8589 4503 8589 4535 8589 4547 8590 4535 8590 4534 8590 4547 8591 4534 8591 4533 8591 4432 8592 4538 8592 4491 8592 4432 8593 4491 8593 4433 8593 4542 8594 4541 8594 4540 8594 4542 8595 4540 8595 4548 8595 4542 8596 4548 8596 4549 8596 4542 8597 4549 8597 4483 8597 4542 8598 4483 8598 4484 8598 4542 8599 4484 8599 4409 8599 4410 8600 4409 8600 4484 8600 4410 8601 4484 8601 4485 8601 4410 8602 4485 8602 4550 8602 4410 8603 4550 8603 4551 8603 4542 8604 4409 8604 4411 8604 4542 8605 4411 8605 4543 8605 4418 8606 4419 8606 4543 8606 4418 8607 4543 8607 4411 8607 4424 8608 4423 8608 4427 8608 4424 8609 4427 8609 4544 8609 4544 8610 4427 8610 4429 8610 4544 8611 4429 8611 4545 8611 4429 8612 4431 8612 4546 8612 4429 8613 4546 8613 4545 8613 4390 8614 4548 8614 4540 8614 4390 8615 4540 8615 4481 8615 4390 8616 4481 8616 4379 8616 4548 8617 4390 8617 4391 8617 4548 8618 4391 8618 4549 8618 4549 8619 4391 8619 4392 8619 4549 8620 4392 8620 4483 8620 4485 8621 4395 8621 4396 8621 4485 8622 4396 8622 4550 8622 4551 8623 4550 8623 4396 8623 4551 8624 4396 8624 4398 8624 4551 8625 4398 8625 4487 8625 4500 8626 4410 8626 4551 8626 4500 8627 4551 8627 4487 8627 4500 8628 4487 8628 4486 8628 4500 8629 4486 8629 4499 8629 4502 8630 4547 8630 4546 8630 4502 8631 4546 8631 4431 8631 4048 8632 4058 8632 3817 8632 4048 8633 3817 8633 3816 8633 4046 8634 4408 8634 4047 8634 3926 8635 3928 8635 3868 8635 3926 8636 3868 8636 3832 8636 4552 8637 4434 8637 3371 8637 4552 8638 3371 8638 3370 8638 3437 8639 3439 8639 4553 8639 3437 8640 4553 8640 4554 8640 4553 8641 3439 8641 3356 8641 4553 8642 3356 8642 4555 8642 3358 8643 4556 8643 4555 8643 3358 8644 4555 8644 3356 8644 4556 8645 3358 8645 3360 8645 4556 8646 3360 8646 4557 8646 4558 8647 4559 8647 4560 8647 4558 8648 4560 8648 4561 8648 4559 8649 4558 8649 3433 8649 4559 8650 3433 8650 3435 8650 3435 8651 3437 8651 4554 8651 3435 8652 4554 8652 4559 8652 4562 8653 4553 8653 4555 8653 4562 8654 4555 8654 4563 8654 4564 8655 4563 8655 4555 8655 4564 8656 4555 8656 4556 8656 4564 8657 4556 8657 4565 8657 4557 8658 4566 8658 4565 8658 4557 8659 4565 8659 4556 8659 4567 8660 4568 8660 4569 8660 4567 8661 4569 8661 4570 8661 3386 8662 4569 8662 4568 8662 3386 8663 4568 8663 3375 8663 4571 8664 4572 8664 4573 8664 4571 8665 4573 8665 4570 8665 4571 8666 4570 8666 4569 8666 3385 8667 4571 8667 4569 8667 3385 8668 4569 8668 3386 8668 4574 8669 4575 8669 4572 8669 4574 8670 4572 8670 4571 8670 4571 8671 3385 8671 3384 8671 4571 8672 3384 8672 4574 8672 4574 8673 3384 8673 3383 8673 4574 8674 3383 8674 4576 8674 3383 8675 3431 8675 4577 8675 3383 8676 4577 8676 4576 8676 4558 8677 4561 8677 4578 8677 4558 8678 4578 8678 4577 8678 3433 8679 4558 8679 4577 8679 3433 8680 4577 8680 3431 8680 4579 8681 4580 8681 4581 8681 4579 8682 4581 8682 4582 8682 4581 8683 4583 8683 4584 8683 4581 8684 4584 8684 4582 8684 4584 8685 4583 8685 4585 8685 4584 8686 4585 8686 4586 8686 4585 8687 4587 8687 4588 8687 4585 8688 4588 8688 4586 8688 3339 8689 3338 8689 4488 8689 3339 8690 4488 8690 4589 8690 4488 8691 3932 8691 3931 8691 4488 8692 3931 8692 4589 8692 3834 8693 3833 8693 4038 8693 3834 8694 4038 8694 4045 8694 3834 8695 4045 8695 4590 8695 3834 8696 4590 8696 4591 8696 4434 8697 4552 8697 4582 8697 4434 8698 4582 8698 4584 8698 4434 8699 4584 8699 4586 8699 4434 8700 4586 8700 4588 8700 4434 8701 4588 8701 4592 8701 4434 8702 4592 8702 4593 8702 4434 8703 4593 8703 4531 8703 4434 8704 4531 8704 4435 8704 4496 8705 4498 8705 4531 8705 4496 8706 4531 8706 4593 8706 4496 8707 4593 8707 4594 8707 4496 8708 4594 8708 4595 8708 4496 8709 4595 8709 4596 8709 4496 8710 4596 8710 4597 8710 4496 8711 4597 8711 4598 8711 4496 8712 4598 8712 4599 8712 4496 8713 4599 8713 4600 8713 4582 8714 4552 8714 4579 8714 3767 8715 3769 8715 4496 8715 3767 8716 4496 8716 4600 8716 4601 8717 4602 8717 4567 8717 4601 8718 4567 8718 4570 8718 4601 8719 4570 8719 4573 8719 4603 8720 4601 8720 4573 8720 4603 8721 4573 8721 4572 8721 4603 8722 4572 8722 4575 8722 4603 8723 4575 8723 4604 8723 4605 8724 4603 8724 4604 8724 4605 8725 4604 8725 4606 8725 4605 8726 4606 8726 4578 8726 4605 8727 4578 8727 4561 8727 4605 8728 4561 8728 4607 8728 4608 8729 4607 8729 4561 8729 4608 8730 4561 8730 4560 8730 4608 8731 4560 8731 4609 8731 4608 8732 4609 8732 4610 8732 4605 8733 4607 8733 4611 8733 4605 8734 4611 8734 4612 8734 4613 8735 4614 8735 4615 8735 4613 8736 4615 8736 4616 8736 4617 8737 4618 8737 4616 8737 4617 8738 4616 8738 4615 8738 4598 8739 4597 8739 4619 8739 4598 8740 4619 8740 4620 8740 4598 8741 4620 8741 4621 8741 4598 8742 4621 8742 4599 8742 4622 8743 4623 8743 4612 8743 4622 8744 4612 8744 4611 8744 4588 8745 4587 8745 4624 8745 4588 8746 4624 8746 4592 8746 4625 8747 4626 8747 4623 8747 4625 8748 4623 8748 4622 8748 4626 8749 4625 8749 4627 8749 4626 8750 4627 8750 4628 8750 4628 8751 4627 8751 4614 8751 4628 8752 4614 8752 4613 8752 4595 8753 4594 8753 4629 8753 4595 8754 4629 8754 4630 8754 4630 8755 4631 8755 4596 8755 4630 8756 4596 8756 4595 8756 4596 8757 4631 8757 4619 8757 4596 8758 4619 8758 4597 8758 4593 8759 4632 8759 4629 8759 4593 8760 4629 8760 4594 8760 4592 8761 4624 8761 4632 8761 4592 8762 4632 8762 4593 8762 4576 8763 4606 8763 4604 8763 4576 8764 4604 8764 4575 8764 4576 8765 4575 8765 4574 8765 4606 8766 4576 8766 4577 8766 4606 8767 4577 8767 4578 8767 4554 8768 4609 8768 4560 8768 4554 8769 4560 8769 4559 8769 4553 8770 4562 8770 4610 8770 4553 8771 4610 8771 4609 8771 4553 8772 4609 8772 4554 8772 4608 8773 4610 8773 4562 8773 4608 8774 4562 8774 4563 8774 4608 8775 4563 8775 4564 8775 4608 8776 4564 8776 4633 8776 4618 8777 4617 8777 4634 8777 4618 8778 4634 8778 4635 8778 4633 8779 4564 8779 4565 8779 4633 8780 4565 8780 4566 8780 4633 8781 4566 8781 4636 8781 4045 8782 4044 8782 4637 8782 4045 8783 4637 8783 4608 8783 4045 8784 4608 8784 4633 8784 4045 8785 4633 8785 4590 8785 4608 8786 4637 8786 4607 8786 4607 8787 4637 8787 4611 8787 4637 8788 4622 8788 4611 8788 4622 8789 4637 8789 4625 8789 4625 8790 4637 8790 4627 8790 4627 8791 4637 8791 4614 8791 4637 8792 4615 8792 4614 8792 4615 8793 4637 8793 4617 8793 4634 8794 4617 8794 4637 8794 4638 8795 4639 8795 4635 8795 4638 8796 4635 8796 4634 8796 4633 8797 4636 8797 4591 8797 4633 8798 4591 8798 4590 8798 4637 8799 4638 8799 4634 8799 4040 8800 4048 8800 3816 8800 4040 8801 3816 8801 3784 8801 4043 8802 4637 8802 4044 8802 3926 8803 3832 8803 3831 8803 3926 8804 3831 8804 3927 8804 3370 8805 3372 8805 4640 8805 3370 8806 4640 8806 4552 8806 3350 8807 3348 8807 4641 8807 3350 8808 4641 8808 4642 8808 3353 8809 4643 8809 4644 8809 3353 8810 4644 8810 3351 8810 4643 8811 3353 8811 3399 8811 4643 8812 3399 8812 4645 8812 3398 8813 4646 8813 4645 8813 3398 8814 4645 8814 3399 8814 4646 8815 3398 8815 3376 8815 4646 8816 3376 8816 4647 8816 4648 8817 4649 8817 4650 8817 4648 8818 4650 8818 4651 8818 4650 8819 4652 8819 4653 8819 4650 8820 4653 8820 4651 8820 3376 8821 3375 8821 4568 8821 3376 8822 4568 8822 4647 8822 4652 8823 4580 8823 4579 8823 4652 8824 4579 8824 4653 8824 4641 8825 3348 8825 3346 8825 4641 8826 3346 8826 4654 8826 4655 8827 4656 8827 4644 8827 4655 8828 4644 8828 4657 8828 4656 8829 3349 8829 3351 8829 4656 8830 3351 8830 4644 8830 4643 8831 4658 8831 4657 8831 4643 8832 4657 8832 4644 8832 4643 8833 4645 8833 4659 8833 4643 8834 4659 8834 4660 8834 4643 8835 4660 8835 4658 8835 4659 8836 4645 8836 4646 8836 4659 8837 4646 8837 4661 8837 4647 8838 4662 8838 4663 8838 4647 8839 4663 8839 4661 8839 4647 8840 4661 8840 4646 8840 4568 8841 4567 8841 4662 8841 4568 8842 4662 8842 4647 8842 4664 8843 4656 8843 4655 8843 4664 8844 4655 8844 4665 8844 4656 8845 4664 8845 3347 8845 4656 8846 3347 8846 3349 8846 3346 8847 3344 8847 4666 8847 3346 8848 4666 8848 4654 8848 4566 8849 4557 8849 4667 8849 4566 8850 4667 8850 4668 8850 3362 8851 4667 8851 4557 8851 3362 8852 4557 8852 3360 8852 4669 8853 4670 8853 4671 8853 4669 8854 4671 8854 4668 8854 4669 8855 4668 8855 4667 8855 4667 8856 3362 8856 3341 8856 4667 8857 3341 8857 4669 8857 4672 8858 4673 8858 4670 8858 4672 8859 4670 8859 4669 8859 3343 8860 4672 8860 4669 8860 3343 8861 4669 8861 3341 8861 4674 8862 4675 8862 4676 8862 4674 8863 4676 8863 4673 8863 4674 8864 4673 8864 4672 8864 3343 8865 3345 8865 4674 8865 3343 8866 4674 8866 4672 8866 4675 8867 4674 8867 4664 8867 4675 8868 4664 8868 4665 8868 4674 8869 3345 8869 3347 8869 4674 8870 3347 8870 4664 8870 3344 8871 3342 8871 4677 8871 3344 8872 4677 8872 4666 8872 3409 8873 3339 8873 4589 8873 3409 8874 4589 8874 4678 8874 4589 8875 3931 8875 3936 8875 4589 8876 3936 8876 4678 8876 3829 8877 3834 8877 4591 8877 3829 8878 4591 8878 4679 8878 3829 8879 4679 8879 4104 8879 3829 8880 4104 8880 4041 8880 4552 8881 4640 8881 4680 8881 4552 8882 4680 8882 4681 8882 4552 8883 4681 8883 4648 8883 4552 8884 4648 8884 4651 8884 4552 8885 4651 8885 4653 8885 4552 8886 4653 8886 4579 8886 4680 8887 4682 8887 4600 8887 4680 8888 4600 8888 4683 8888 4680 8889 4683 8889 4684 8889 4680 8890 4684 8890 4685 8890 4680 8891 4685 8891 4686 8891 4680 8892 4686 8892 4681 8892 4600 8893 4599 8893 4687 8893 4600 8894 4687 8894 4688 8894 4600 8895 4688 8895 4689 8895 4600 8896 4689 8896 4683 8896 4600 8897 4682 8897 4690 8897 4680 8898 4640 8898 4691 8898 4600 8899 4690 8899 3768 8899 4600 8900 3768 8900 3767 8900 4692 8901 4693 8901 4694 8901 4692 8902 4694 8902 4695 8902 4696 8903 4660 8903 4659 8903 4696 8904 4659 8904 4661 8904 4696 8905 4661 8905 4663 8905 4696 8906 4663 8906 4697 8906 4698 8907 4680 8907 4691 8907 4698 8908 4691 8908 4694 8908 4698 8909 4694 8909 4693 8909 4699 8910 4700 8910 4682 8910 4699 8911 4682 8911 4680 8911 4699 8912 4680 8912 4698 8912 4699 8913 4701 8913 4702 8913 4699 8914 4702 8914 4700 8914 4685 8915 4703 8915 4704 8915 4685 8916 4704 8916 4686 8916 4681 8917 4686 8917 4704 8917 4681 8918 4704 8918 4705 8918 4705 8919 4649 8919 4648 8919 4705 8920 4648 8920 4681 8920 4706 8921 4683 8921 4689 8921 4706 8922 4689 8922 4707 8922 4683 8923 4706 8923 4708 8923 4683 8924 4708 8924 4684 8924 4684 8925 4708 8925 4703 8925 4684 8926 4703 8926 4685 8926 4632 8927 4624 8927 4629 8927 4629 8928 4624 8928 4587 8928 4629 8929 4587 8929 4630 8929 4630 8930 4587 8930 4585 8930 4630 8931 4585 8931 4631 8931 4631 8932 4585 8932 4583 8932 4631 8933 4583 8933 4619 8933 4619 8934 4583 8934 4626 8934 4619 8935 4626 8935 4628 8935 4583 8936 4581 8936 4605 8936 4583 8937 4605 8937 4612 8937 4583 8938 4612 8938 4623 8938 4583 8939 4623 8939 4626 8939 4581 8940 4580 8940 4602 8940 4581 8941 4602 8941 4601 8941 4581 8942 4601 8942 4603 8942 4581 8943 4603 8943 4605 8943 4709 8944 4710 8944 4652 8944 4652 8945 4710 8945 4696 8945 4652 8946 4696 8946 4580 8946 4580 8947 4696 8947 4697 8947 4580 8948 4697 8948 4602 8948 4711 8949 4712 8949 4713 8949 4713 8950 4712 8950 4714 8950 4713 8951 4714 8951 4715 8951 4715 8952 4714 8952 4716 8952 4715 8953 4716 8953 4650 8953 4650 8954 4716 8954 4717 8954 4650 8955 4717 8955 4652 8955 4652 8956 4717 8956 4709 8956 4628 8957 4613 8957 4619 8957 4619 8958 4613 8958 4616 8958 4619 8959 4616 8959 4620 8959 4620 8960 4616 8960 4618 8960 4620 8961 4618 8961 4635 8961 4621 8962 4620 8962 4635 8962 4621 8963 4635 8963 4639 8963 4621 8964 4639 8964 4718 8964 4621 8965 4718 8965 4719 8965 4621 8966 4719 8966 4713 8966 4703 8967 4708 8967 4704 8967 4704 8968 4708 8968 4706 8968 4704 8969 4706 8969 4705 8969 4705 8970 4706 8970 4707 8970 4705 8971 4707 8971 4649 8971 4649 8972 4707 8972 4715 8972 4649 8973 4715 8973 4650 8973 4711 8974 4713 8974 4719 8974 4688 8975 4687 8975 4713 8975 4688 8976 4713 8976 4715 8976 4688 8977 4715 8977 4707 8977 4688 8978 4707 8978 4689 8978 4697 8979 4663 8979 4662 8979 4697 8980 4662 8980 4567 8980 4697 8981 4567 8981 4602 8981 4599 8982 4621 8982 4713 8982 4599 8983 4713 8983 4687 8983 4720 8984 4718 8984 4639 8984 4720 8985 4639 8985 4638 8985 4638 8986 4637 8986 4720 8986 4718 8987 4720 8987 4721 8987 4718 8988 4721 8988 4719 8988 4637 8989 4721 8989 4720 8989 4721 8990 4637 8990 4722 8990 4637 8991 4723 8991 4722 8991 4637 8992 4724 8992 4725 8992 4637 8993 4726 8993 4724 8993 4726 8994 4727 8994 4671 8994 4726 8995 4671 8995 4670 8995 4726 8996 4670 8996 4673 8996 4726 8997 4673 8997 4676 8997 4104 8998 4679 8998 4727 8998 4104 8999 4727 8999 4726 8999 4104 9000 4726 9000 4637 9000 4104 9001 4637 9001 4042 9001 4727 9002 4636 9002 4566 9002 4727 9003 4566 9003 4668 9003 4727 9004 4668 9004 4671 9004 4636 9005 4727 9005 4679 9005 4636 9006 4679 9006 4591 9006 4719 9007 4721 9007 4722 9007 4719 9008 4722 9008 4711 9008 4723 9009 4712 9009 4711 9009 4723 9010 4711 9010 4722 9010 4728 9011 4714 9011 4712 9011 4728 9012 4712 9012 4723 9012 4723 9013 4637 9013 4728 9013 4714 9014 4728 9014 4729 9014 4714 9015 4729 9015 4716 9015 4637 9016 4729 9016 4728 9016 4730 9017 4717 9017 4716 9017 4730 9018 4716 9018 4729 9018 4637 9019 4730 9019 4729 9019 4725 9020 4709 9020 4717 9020 4725 9021 4717 9021 4730 9021 4730 9022 4637 9022 4725 9022 4724 9023 4710 9023 4709 9023 4724 9024 4709 9024 4725 9024 4710 9025 4724 9025 4655 9025 4710 9026 4655 9026 4657 9026 4710 9027 4657 9027 4658 9027 4710 9028 4658 9028 4660 9028 4710 9029 4660 9029 4696 9029 4724 9030 4726 9030 4676 9030 4724 9031 4676 9031 4675 9031 4724 9032 4675 9032 4665 9032 4724 9033 4665 9033 4655 9033 4080 9034 4040 9034 3784 9034 4080 9035 3784 9035 3788 9035 4043 9036 4042 9036 4637 9036 3927 9037 3831 9037 3842 9037 3927 9038 3842 9038 3929 9038 4731 9039 4640 9039 3372 9039 4731 9040 3372 9040 3374 9040 4732 9041 4733 9041 4734 9041 4732 9042 4734 9042 4735 9042 3331 9043 4732 9043 4735 9043 3331 9044 4735 9044 3332 9044 4736 9045 4737 9045 4738 9045 4736 9046 4738 9046 4733 9046 4736 9047 4733 9047 4732 9047 4732 9048 3331 9048 3329 9048 4732 9049 3329 9049 4736 9049 4739 9050 4740 9050 4737 9050 4739 9051 4737 9051 4736 9051 3328 9052 4739 9052 4736 9052 3328 9053 4736 9053 3329 9053 4741 9054 4742 9054 4740 9054 4741 9055 4740 9055 4739 9055 3326 9056 4741 9056 4739 9056 3326 9057 4739 9057 3328 9057 4742 9058 4741 9058 4743 9058 4742 9059 4743 9059 4744 9059 4741 9060 3326 9060 3325 9060 4741 9061 3325 9061 4743 9061 4745 9062 4746 9062 4744 9062 4745 9063 4744 9063 4743 9063 3323 9064 4745 9064 4743 9064 3323 9065 4743 9065 3325 9065 4747 9066 4748 9066 4746 9066 4747 9067 4746 9067 4745 9067 4745 9068 3323 9068 3321 9068 4745 9069 3321 9069 4747 9069 4747 9070 4749 9070 4750 9070 4747 9071 4750 9071 4751 9071 4747 9072 4751 9072 4748 9072 3403 9073 4749 9073 4747 9073 3403 9074 4747 9074 3321 9074 4752 9075 4753 9075 4754 9075 4752 9076 4754 9076 4750 9076 4752 9077 4750 9077 4749 9077 4749 9078 3403 9078 3402 9078 4749 9079 3402 9079 4752 9079 4753 9080 4752 9080 4755 9080 4753 9081 4755 9081 4756 9081 4752 9082 3402 9082 3401 9082 4752 9083 3401 9083 4755 9083 4757 9084 4758 9084 4759 9084 4757 9085 4759 9085 4760 9085 4757 9086 4760 9086 4761 9086 4758 9087 4762 9087 4763 9087 4758 9088 4763 9088 4759 9088 4764 9089 4765 9089 4766 9089 4764 9090 4766 9090 4756 9090 4764 9091 4756 9091 4755 9091 4755 9092 3401 9092 3400 9092 4755 9093 3400 9093 4764 9093 4763 9094 4762 9094 4767 9094 4763 9095 4767 9095 4768 9095 4769 9096 4768 9096 4767 9096 4769 9097 4767 9097 4770 9097 4764 9098 3400 9098 3355 9098 4764 9099 3355 9099 4771 9099 4772 9100 4773 9100 4769 9100 4772 9101 4769 9101 4770 9101 4772 9102 4692 9102 4695 9102 4772 9103 4695 9103 4773 9103 4774 9104 4771 9104 4775 9104 4774 9105 4775 9105 4776 9105 4771 9106 3355 9106 3354 9106 4771 9107 3354 9107 4775 9107 4777 9108 4775 9108 3354 9108 4777 9109 3354 9109 3352 9109 4642 9110 4777 9110 3352 9110 4642 9111 3352 9111 3350 9111 4778 9112 4642 9112 4641 9112 4778 9113 4641 9113 4779 9113 4654 9114 4780 9114 4779 9114 4654 9115 4779 9115 4641 9115 3342 9116 3361 9116 4781 9116 3342 9117 4781 9117 4677 9117 4782 9118 4783 9118 4784 9118 4782 9119 4784 9119 4785 9119 4782 9120 4785 9120 4781 9120 3361 9121 3368 9121 4782 9121 3361 9122 4782 9122 4781 9122 4786 9123 4787 9123 4783 9123 4786 9124 4783 9124 4782 9124 3366 9125 4786 9125 4782 9125 3366 9126 4782 9126 3368 9126 4788 9127 4787 9127 4786 9127 4788 9128 4786 9128 4789 9128 4788 9129 4789 9129 4790 9129 3364 9130 4789 9130 4786 9130 3364 9131 4786 9131 3366 9131 4791 9132 4790 9132 4789 9132 4791 9133 4789 9133 4735 9133 4791 9134 4735 9134 4734 9134 3332 9135 4735 9135 4789 9135 3332 9136 4789 9136 3364 9136 4792 9137 3410 9137 3409 9137 4792 9138 3409 9138 4678 9138 4678 9139 3936 9139 3934 9139 4678 9140 3934 9140 4792 9140 3829 9141 4041 9141 4082 9141 3829 9142 4082 9142 4793 9142 3829 9143 4793 9143 4794 9143 3829 9144 4794 9144 4078 9144 3829 9145 4078 9145 4083 9145 3829 9146 4083 9146 3830 9146 4640 9147 4731 9147 4759 9147 4640 9148 4759 9148 4763 9148 4640 9149 4763 9149 4768 9149 4640 9150 4768 9150 4769 9150 4640 9151 4769 9151 4773 9151 4640 9152 4773 9152 4695 9152 4640 9153 4695 9153 4694 9153 4640 9154 4694 9154 4691 9154 4759 9155 4731 9155 4760 9155 4690 9156 4682 9156 4700 9156 4690 9157 4700 9157 4702 9157 4690 9158 4702 9158 4795 9158 4690 9159 4795 9159 4796 9159 4690 9160 4796 9160 4797 9160 4690 9161 4797 9161 4798 9161 4690 9162 4798 9162 4799 9162 4690 9163 4799 9163 4800 9163 4690 9164 4800 9164 4801 9164 4690 9165 4801 9165 3770 9165 4690 9166 3770 9166 3768 9166 4802 9167 4803 9167 4804 9167 4802 9168 4804 9168 4805 9168 4806 9169 4807 9169 4742 9169 4806 9170 4742 9170 4744 9170 4806 9171 4744 9171 4746 9171 4806 9172 4746 9172 4748 9172 4806 9173 4748 9173 4751 9173 4806 9174 4751 9174 4808 9174 4809 9175 4738 9175 4737 9175 4809 9176 4737 9176 4740 9176 4809 9177 4740 9177 4742 9177 4809 9178 4742 9178 4807 9178 4805 9179 4804 9179 4810 9179 4805 9180 4810 9180 4811 9180 4807 9181 4806 9181 4812 9181 4807 9182 4812 9182 4813 9182 4808 9183 4751 9183 4750 9183 4808 9184 4750 9184 4754 9184 4808 9185 4754 9185 4814 9185 4815 9186 4816 9186 4811 9186 4815 9187 4811 9187 4810 9187 4816 9188 4815 9188 4817 9188 4816 9189 4817 9189 4818 9189 4819 9190 4820 9190 4818 9190 4819 9191 4818 9191 4817 9191 4820 9192 4819 9192 4813 9192 4820 9193 4813 9193 4812 9193 4814 9194 4754 9194 4753 9194 4814 9195 4753 9195 4756 9195 4814 9196 4756 9196 4766 9196 4814 9197 4766 9197 4821 9197 4822 9198 4823 9198 4799 9198 4822 9199 4799 9199 4798 9199 4823 9200 4824 9200 4825 9200 4823 9201 4825 9201 4800 9201 4823 9202 4800 9202 4799 9202 4821 9203 4766 9203 4765 9203 4821 9204 4765 9204 4826 9204 4821 9205 4826 9205 4827 9205 4827 9206 4826 9206 4774 9206 4827 9207 4774 9207 4776 9207 4827 9208 4776 9208 4828 9208 4827 9209 4828 9209 4829 9209 4830 9210 4829 9210 4828 9210 4830 9211 4828 9211 4831 9211 4830 9212 4831 9212 4778 9212 4830 9213 4778 9213 4779 9213 4830 9214 4779 9214 4832 9214 4832 9215 4779 9215 4780 9215 4832 9216 4780 9216 4833 9216 4832 9217 4833 9217 4834 9217 4832 9218 4834 9218 4835 9218 4832 9219 4835 9219 4836 9219 4837 9220 4838 9220 4839 9220 4837 9221 4839 9221 4840 9221 4841 9222 4842 9222 4797 9222 4841 9223 4797 9223 4796 9223 4842 9224 4822 9224 4798 9224 4842 9225 4798 9225 4797 9225 4771 9226 4774 9226 4826 9226 4771 9227 4826 9227 4765 9227 4771 9228 4765 9228 4764 9228 4843 9229 4844 9229 4830 9229 4843 9230 4830 9230 4832 9230 4844 9231 4843 9231 4845 9231 4844 9232 4845 9232 4846 9232 4847 9233 4848 9233 4846 9233 4847 9234 4846 9234 4845 9234 4849 9235 4850 9235 4848 9235 4849 9236 4848 9236 4847 9236 4850 9237 4849 9237 4851 9237 4850 9238 4851 9238 4852 9238 4852 9239 4851 9239 4838 9239 4852 9240 4838 9240 4837 9240 4795 9241 4702 9241 4701 9241 4795 9242 4701 9242 4853 9242 4853 9243 4841 9243 4796 9243 4853 9244 4796 9244 4795 9244 4777 9245 4831 9245 4828 9245 4777 9246 4828 9246 4776 9246 4777 9247 4776 9247 4775 9247 4642 9248 4778 9248 4831 9248 4642 9249 4831 9249 4777 9249 4780 9250 4654 9250 4666 9250 4780 9251 4666 9251 4833 9251 4833 9252 4666 9252 4677 9252 4833 9253 4677 9253 4834 9253 4677 9254 4781 9254 4785 9254 4677 9255 4785 9255 4835 9255 4677 9256 4835 9256 4834 9256 4836 9257 4835 9257 4785 9257 4836 9258 4785 9258 4784 9258 4836 9259 4784 9259 4854 9259 4855 9260 4856 9260 4840 9260 4855 9261 4840 9261 4839 9261 4854 9262 4784 9262 4783 9262 4854 9263 4783 9263 4787 9263 4854 9264 4787 9264 4788 9264 4854 9265 4788 9265 4857 9265 4858 9266 4832 9266 4836 9266 4858 9267 4843 9267 4832 9267 4843 9268 4858 9268 4845 9268 4845 9269 4858 9269 4847 9269 4858 9270 4849 9270 4847 9270 4858 9271 4851 9271 4849 9271 4851 9272 4858 9272 4838 9272 4838 9273 4858 9273 4839 9273 4856 9274 4855 9274 4859 9274 4856 9275 4859 9275 4860 9275 4856 9276 4860 9276 4861 9276 4859 9277 4855 9277 4862 9277 4857 9278 4793 9278 4854 9278 4854 9279 4793 9279 4082 9279 4854 9280 4082 9280 4858 9280 4858 9281 4082 9281 4081 9281 4854 9282 4858 9282 4836 9282 4858 9283 4855 9283 4839 9283 4855 9284 4858 9284 4862 9284 4863 9285 4861 9285 4860 9285 4863 9286 4860 9286 4859 9286 4863 9287 4859 9287 4862 9287 4863 9288 4862 9288 4864 9288 4858 9289 4864 9289 4862 9289 4863 9290 4864 9290 4803 9290 4863 9291 4803 9291 4802 9291 4803 9292 4864 9292 4858 9292 4865 9293 4791 9293 4734 9293 4865 9294 4734 9294 4733 9294 4865 9295 4733 9295 4738 9295 4865 9296 4738 9296 4809 9296 4078 9297 4794 9297 4865 9297 4078 9298 4865 9298 4809 9298 4078 9299 4809 9299 4858 9299 4078 9300 4858 9300 4079 9300 4857 9301 4788 9301 4790 9301 4857 9302 4790 9302 4791 9302 4857 9303 4791 9303 4865 9303 4857 9304 4865 9304 4794 9304 4857 9305 4794 9305 4793 9305 4803 9306 4858 9306 4804 9306 4858 9307 4810 9307 4804 9307 4813 9308 4858 9308 4807 9308 4809 9309 4807 9309 4858 9309 4084 9310 4080 9310 3788 9310 4084 9311 3788 9311 3787 9311 4081 9312 4079 9312 4858 9312 3929 9313 3842 9313 3840 9313 3929 9314 3840 9314 3935 9314 3374 9315 3319 9315 4866 9315 3374 9316 4866 9316 4731 9316 4731 9317 4866 9317 4867 9317 4731 9318 4867 9318 4868 9318 4731 9319 4868 9319 4869 9319 4731 9320 4869 9320 4761 9320 4731 9321 4761 9321 4760 9321 4870 9322 4871 9322 4801 9322 4801 9323 4871 9323 4872 9323 4801 9324 4872 9324 4866 9324 4866 9325 4872 9325 4873 9325 4866 9326 4873 9326 4867 9326 4825 9327 4870 9327 4801 9327 4825 9328 4801 9328 4800 9328 4801 9329 4866 9329 4874 9329 4698 9330 4693 9330 4699 9330 4699 9331 4693 9331 4692 9331 4699 9332 4692 9332 4701 9332 4701 9333 4692 9333 4772 9333 4701 9334 4772 9334 4853 9334 4853 9335 4772 9335 4770 9335 4853 9336 4770 9336 4841 9336 4841 9337 4770 9337 4848 9337 4841 9338 4848 9338 4850 9338 4770 9339 4767 9339 4830 9339 4770 9340 4830 9340 4844 9340 4770 9341 4844 9341 4846 9341 4770 9342 4846 9342 4848 9342 4814 9343 4821 9343 4762 9343 4762 9344 4821 9344 4827 9344 4762 9345 4827 9345 4767 9345 4767 9346 4827 9346 4829 9346 4767 9347 4829 9347 4830 9347 4812 9348 4806 9348 4758 9348 4758 9349 4806 9349 4808 9349 4758 9350 4808 9350 4762 9350 4762 9351 4808 9351 4814 9351 4805 9352 4811 9352 4823 9352 4823 9353 4811 9353 4816 9353 4823 9354 4816 9354 4824 9354 4824 9355 4816 9355 4818 9355 4824 9356 4818 9356 4757 9356 4757 9357 4818 9357 4820 9357 4757 9358 4820 9358 4758 9358 4758 9359 4820 9359 4812 9359 4850 9360 4852 9360 4841 9360 4841 9361 4852 9361 4837 9361 4841 9362 4837 9362 4842 9362 4842 9363 4837 9363 4840 9363 4842 9364 4840 9364 4856 9364 4861 9365 4863 9365 4822 9365 4861 9366 4822 9366 4842 9366 4861 9367 4842 9367 4856 9367 4802 9368 4805 9368 4823 9368 4802 9369 4823 9369 4822 9369 4802 9370 4822 9370 4863 9370 4875 9371 4876 9371 4877 9371 4877 9372 4876 9372 4878 9372 4877 9373 4878 9373 4879 9373 4879 9374 4878 9374 4880 9374 4879 9375 4880 9375 4881 9375 4881 9376 4880 9376 4824 9376 4881 9377 4824 9377 4757 9377 4879 9378 4881 9378 4869 9378 4879 9379 4869 9379 4868 9379 4869 9380 4881 9380 4757 9380 4869 9381 4757 9381 4761 9381 4882 9382 3411 9382 3410 9382 4882 9383 3410 9383 4792 9383 4792 9384 3934 9384 3933 9384 4792 9385 3933 9385 4882 9385 3841 9386 3830 9386 4083 9386 3841 9387 4083 9387 4085 9387 3772 9388 3770 9388 4801 9388 3772 9389 4801 9389 4874 9389 3320 9390 3774 9390 3795 9390 3320 9391 3795 9391 3318 9391 3778 9392 3324 9392 3327 9392 3778 9393 3327 9393 3780 9393 3776 9394 3322 9394 3324 9394 3776 9395 3324 9395 3778 9395 3774 9396 3320 9396 3322 9396 3774 9397 3322 9397 3776 9397 3790 9398 3782 9398 3330 9398 3790 9399 3330 9399 3333 9399 3330 9400 3782 9400 3780 9400 3330 9401 3780 9401 3327 9401 3404 9402 3318 9402 3795 9402 3404 9403 3795 9403 3794 9403 4824 9404 4880 9404 4870 9404 4824 9405 4870 9405 4825 9405 4880 9406 4878 9406 4871 9406 4880 9407 4871 9407 4870 9407 4871 9408 4878 9408 4876 9408 4871 9409 4876 9409 4872 9409 4810 9410 4858 9410 4815 9410 4873 9411 4872 9411 4876 9411 4873 9412 4876 9412 4875 9412 4815 9413 4858 9413 4817 9413 4867 9414 4873 9414 4875 9414 4867 9415 4875 9415 4877 9415 4858 9416 4819 9416 4817 9416 4877 9417 4879 9417 4868 9417 4877 9418 4868 9418 4867 9418 4858 9419 4813 9419 4819 9419 4084 9420 3787 9420 3797 9420 4084 9421 3797 9421 4086 9421 3935 9422 3840 9422 3838 9422 3935 9423 3838 9423 3941 9423 3319 9424 3407 9424 4883 9424 3319 9425 4883 9425 4866 9425 4874 9426 4866 9426 4883 9426 4874 9427 4883 9427 4884 9427 3792 9428 3406 9428 3405 9428 3792 9429 3405 9429 3793 9429 3798 9430 3408 9430 3406 9430 3798 9431 3406 9431 3792 9431 3408 9432 3798 9432 3789 9432 3408 9433 3789 9433 3340 9433 3404 9434 3794 9434 3793 9434 3404 9435 3793 9435 3405 9435 3790 9436 3333 9436 3340 9436 3790 9437 3340 9437 3789 9437 3413 9438 3411 9438 4882 9438 3413 9439 4882 9439 4885 9439 4882 9440 3933 9440 3940 9440 4882 9441 3940 9441 4885 9441 3841 9442 4085 9442 4087 9442 3841 9443 4087 9443 3839 9443 3791 9444 3772 9444 4874 9444 3791 9445 4874 9445 4884 9445 4086 9446 3797 9446 3802 9446 4086 9447 3802 9447 4088 9447 3941 9448 3838 9448 3836 9448 3941 9449 3836 9449 3939 9449 3407 9450 3412 9450 4886 9450 3407 9451 4886 9451 4883 9451 4884 9452 4883 9452 4886 9452 4884 9453 4886 9453 4887 9453 3414 9454 3413 9454 4885 9454 3414 9455 4885 9455 4888 9455 4885 9456 3940 9456 3938 9456 4885 9457 3938 9457 4888 9457 3839 9458 4087 9458 4089 9458 3839 9459 4089 9459 3837 9459 4887 9460 3796 9460 3791 9460 4887 9461 3791 9461 4884 9461 4088 9462 3802 9462 3801 9462 4088 9463 3801 9463 4090 9463 3948 9464 3939 9464 3836 9464 3948 9465 3836 9465 3835 9465 3412 9466 3419 9466 4889 9466 3412 9467 4889 9467 4886 9467 4889 9468 4890 9468 4887 9468 4889 9469 4887 9469 4886 9469 4891 9470 3426 9470 3414 9470 4891 9471 3414 9471 4888 9471 4888 9472 3938 9472 3937 9472 4888 9473 3937 9473 4891 9473 4089 9474 4091 9474 3853 9474 4089 9475 3853 9475 3837 9475 4887 9476 4890 9476 3799 9476 4887 9477 3799 9477 3796 9477 4090 9478 3801 9478 3800 9478 4090 9479 3800 9479 4092 9479 3948 9480 3835 9480 3852 9480 3948 9481 3852 9481 3946 9481 3419 9482 3599 9482 4892 9482 3419 9483 4892 9483 4893 9483 3419 9484 4893 9484 4889 9484 4890 9485 4889 9485 4893 9485 4890 9486 4893 9486 4894 9486 4890 9487 4894 9487 4895 9487 4890 9488 4895 9488 4896 9488 4897 9489 4898 9489 4899 9489 4897 9490 4899 9490 4900 9490 4897 9491 4900 9491 4901 9491 4897 9492 4901 9492 4895 9492 4897 9493 4895 9493 4894 9493 4897 9494 4894 9494 4902 9494 4897 9495 4902 9495 4903 9495 4897 9496 4903 9496 4904 9496 4897 9497 4904 9497 4905 9497 4898 9498 4897 9498 3555 9498 4898 9499 3555 9499 3561 9499 4897 9500 4905 9500 3556 9500 4897 9501 3556 9501 3555 9501 4905 9502 4904 9502 3557 9502 4905 9503 3557 9503 3556 9503 4904 9504 4903 9504 3422 9504 4904 9505 3422 9505 3557 9505 4903 9506 4902 9506 4892 9506 4903 9507 4892 9507 3599 9507 4903 9508 3599 9508 3422 9508 4902 9509 4894 9509 4893 9509 4902 9510 4893 9510 4892 9510 3424 9511 3426 9511 4891 9511 3424 9512 4891 9512 4906 9512 4891 9513 3937 9513 3947 9513 4891 9514 3947 9514 4906 9514 3853 9515 4091 9515 4101 9515 3853 9516 4101 9516 3851 9516 4890 9517 4896 9517 3754 9517 4890 9518 3754 9518 3799 9518 4092 9519 3800 9519 3805 9519 4092 9520 3805 9520 4093 9520 3946 9521 3852 9521 3850 9521 3946 9522 3850 9522 3944 9522 3564 9523 4907 9523 4908 9523 3564 9524 4908 9524 4909 9524 3564 9525 4909 9525 3559 9525 4896 9526 4895 9526 4910 9526 4910 9527 4895 9527 4901 9527 4910 9528 4901 9528 4907 9528 4907 9529 4901 9529 4908 9529 4901 9530 4900 9530 4909 9530 4901 9531 4909 9531 4908 9531 4900 9532 4899 9532 3560 9532 4900 9533 3560 9533 3559 9533 4900 9534 3559 9534 4909 9534 4899 9535 4898 9535 3561 9535 4899 9536 3561 9536 3560 9536 4911 9537 3554 9537 3424 9537 4911 9538 3424 9538 4906 9538 4906 9539 3947 9539 3945 9539 4906 9540 3945 9540 4911 9540 3851 9541 4101 9541 4099 9541 3851 9542 4099 9542 3849 9542 4896 9543 4910 9543 3806 9543 4896 9544 3806 9544 3754 9544 4093 9545 3805 9545 3804 9545 4093 9546 3804 9546 4100 9546 3944 9547 3850 9547 3848 9547 3944 9548 3848 9548 3949 9548 3564 9549 3525 9549 4912 9549 3564 9550 4912 9550 4907 9550 4912 9551 4913 9551 4910 9551 4912 9552 4910 9552 4907 9552 3808 9553 3568 9553 3567 9553 3808 9554 3567 9554 3809 9554 3811 9555 3565 9555 3483 9555 3811 9556 3483 9556 3755 9556 3565 9557 3811 9557 3810 9557 3565 9558 3810 9558 3566 9558 3566 9559 3810 9559 3809 9559 3566 9560 3809 9560 3567 9560 3485 9561 3710 9561 3755 9561 3485 9562 3755 9562 3483 9562 4914 9563 3558 9563 3554 9563 4914 9564 3554 9564 4911 9564 4911 9565 3945 9565 3943 9565 4911 9566 3943 9566 4914 9566 3849 9567 4099 9567 4097 9567 3849 9568 4097 9568 3847 9568 3725 9569 3806 9569 4910 9569 3725 9570 4910 9570 4913 9570 4100 9571 3804 9571 3803 9571 4100 9572 3803 9572 4098 9572 3949 9573 3848 9573 3846 9573 3949 9574 3846 9574 3950 9574 3525 9575 3523 9575 4915 9575 3525 9576 4915 9576 4912 9576 3572 9577 4916 9577 4917 9577 3572 9578 4917 9578 3573 9578 4918 9579 4919 9579 4920 9579 4918 9580 4920 9580 4921 9580 4918 9581 4921 9581 4922 9581 4923 9582 4920 9582 4919 9582 4923 9583 4919 9583 4924 9583 4924 9584 4925 9584 4926 9584 4924 9585 4926 9585 4923 9585 4916 9586 3572 9586 3571 9586 4916 9587 3571 9587 4927 9587 4927 9588 3571 9588 3587 9588 4927 9589 3587 9589 4928 9589 3807 9590 3569 9590 3568 9590 3807 9591 3568 9591 3808 9591 3569 9592 3807 9592 3727 9592 3569 9593 3727 9593 3570 9593 3729 9594 3586 9594 3570 9594 3729 9595 3570 9595 3727 9595 3588 9596 3586 9596 3729 9596 3588 9597 3729 9597 3731 9597 3589 9598 4929 9598 4928 9598 3589 9599 4928 9599 3587 9599 3733 9600 3585 9600 3588 9600 3733 9601 3588 9601 3731 9601 4929 9602 3589 9602 3584 9602 4929 9603 3584 9603 4930 9603 3711 9604 3582 9604 3585 9604 3711 9605 3585 9605 3733 9605 3710 9606 3485 9606 3582 9606 3710 9607 3582 9607 3711 9607 3583 9608 4931 9608 4930 9608 3583 9609 4930 9609 3584 9609 4931 9610 3583 9610 3581 9610 4931 9611 3581 9611 4932 9611 4932 9612 3581 9612 3580 9612 4932 9613 3580 9613 4933 9613 3487 9614 4934 9614 4933 9614 3487 9615 4933 9615 3580 9615 3487 9616 3489 9616 4935 9616 3487 9617 4935 9617 4934 9617 3562 9618 3558 9618 4914 9618 3562 9619 4914 9619 4936 9619 4914 9620 3943 9620 3942 9620 4914 9621 3942 9621 4936 9621 3845 9622 3847 9622 4097 9622 3845 9623 4097 9623 4095 9623 4937 9624 4913 9624 4938 9624 4937 9625 4938 9625 4939 9625 4937 9626 4939 9626 4940 9626 4937 9627 4940 9627 4941 9627 4937 9628 4941 9628 4942 9628 4923 9629 4926 9629 4915 9629 4915 9630 4926 9630 4943 9630 4915 9631 4943 9631 4913 9631 4913 9632 4943 9632 4944 9632 4913 9633 4944 9633 4938 9633 4920 9634 4923 9634 4915 9634 4920 9635 4915 9635 4921 9635 4915 9636 4913 9636 4912 9636 4913 9637 4937 9637 3723 9637 4913 9638 3723 9638 3725 9638 4945 9639 4946 9639 4947 9639 4945 9640 4948 9640 4946 9640 4925 9641 4949 9641 4943 9641 4925 9642 4943 9642 4926 9642 4948 9643 4945 9643 4950 9643 4951 9644 4952 9644 4953 9644 4951 9645 4953 9645 4950 9645 4954 9646 4944 9646 4943 9646 4954 9647 4943 9647 4949 9647 4945 9648 4951 9648 4950 9648 4952 9649 4951 9649 4955 9649 4952 9650 4955 9650 4956 9650 4957 9651 4938 9651 4944 9651 4957 9652 4944 9652 4954 9652 4945 9653 4955 9653 4951 9653 4958 9654 4939 9654 4938 9654 4958 9655 4938 9655 4957 9655 4955 9656 4945 9656 4959 9656 4960 9657 4940 9657 4939 9657 4960 9658 4939 9658 4958 9658 4945 9659 4961 9659 4959 9659 4962 9660 4941 9660 4940 9660 4962 9661 4940 9661 4960 9661 4961 9662 4945 9662 4963 9662 4962 9663 4964 9663 4965 9663 4962 9664 4965 9664 4942 9664 4962 9665 4942 9665 4941 9665 4098 9666 3803 9666 3753 9666 4098 9667 3753 9667 4096 9667 3970 9668 3950 9668 3846 9668 3970 9669 3846 9669 3844 9669 3523 9670 3577 9670 4966 9670 3523 9671 4966 9671 4915 9671 4966 9672 4967 9672 4968 9672 4966 9673 4968 9673 4969 9673 4966 9674 4969 9674 4970 9674 4966 9675 4970 9675 4971 9675 4966 9676 4971 9676 4972 9676 4966 9677 4972 9677 4973 9677 4966 9678 4973 9678 4922 9678 4966 9679 4922 9679 4921 9679 4966 9680 4921 9680 4915 9680 4974 9681 4975 9681 4976 9681 4974 9682 4976 9682 4977 9682 4974 9683 4977 9683 4978 9683 3529 9684 3527 9684 4977 9684 3529 9685 4977 9685 4976 9685 4979 9686 4970 9686 4969 9686 4979 9687 4969 9687 4980 9687 4970 9688 4979 9688 4981 9688 4970 9689 4981 9689 4971 9689 4972 9690 4971 9690 4981 9690 4972 9691 4981 9691 4982 9691 4983 9692 4978 9692 4977 9692 4983 9693 4977 9693 4984 9693 4983 9694 4984 9694 4985 9694 3527 9695 3574 9695 4984 9695 3527 9696 4984 9696 4977 9696 4973 9697 4972 9697 4982 9697 4973 9698 4982 9698 4986 9698 4986 9699 4918 9699 4922 9699 4986 9700 4922 9700 4973 9700 4917 9701 4987 9701 4985 9701 4917 9702 4985 9702 4984 9702 3574 9703 3573 9703 4917 9703 3574 9704 4917 9704 4984 9704 4916 9705 4988 9705 4989 9705 4916 9706 4989 9706 4987 9706 4916 9707 4987 9707 4917 9707 4930 9708 4990 9708 4991 9708 4930 9709 4991 9709 4929 9709 4990 9710 4930 9710 4931 9710 4990 9711 4931 9711 4992 9711 4934 9712 4993 9712 4994 9712 4934 9713 4994 9713 4933 9713 4995 9714 4996 9714 4997 9714 4995 9715 4997 9715 4998 9715 4995 9716 4998 9716 4935 9716 4995 9717 4935 9717 3489 9717 4995 9718 3489 9718 3491 9718 4996 9719 4995 9719 4999 9719 4996 9720 4999 9720 5000 9720 4999 9721 4995 9721 3491 9721 4999 9722 3491 9722 3493 9722 5001 9723 5002 9723 5003 9723 5001 9724 5003 9724 5000 9724 5001 9725 5000 9725 4999 9725 3495 9726 5001 9726 4999 9726 3495 9727 4999 9727 3493 9727 5004 9728 5005 9728 5006 9728 5004 9729 5006 9729 5002 9729 5004 9730 5002 9730 5001 9730 3597 9731 5004 9731 5001 9731 3597 9732 5001 9732 3495 9732 5007 9733 5008 9733 5005 9733 5007 9734 5005 9734 5004 9734 3595 9735 5007 9735 5004 9735 3595 9736 5004 9736 3597 9736 5008 9737 5007 9737 5009 9737 5008 9738 5009 9738 5010 9738 5007 9739 3595 9739 3593 9739 5007 9740 3593 9740 5009 9740 5011 9741 5012 9741 5010 9741 5011 9742 5010 9742 5009 9742 5009 9743 3593 9743 3591 9743 5009 9744 3591 9744 5011 9744 5012 9745 5011 9745 5013 9745 5012 9746 5013 9746 5014 9746 3591 9747 3534 9747 5013 9747 3591 9748 5013 9748 5011 9748 5014 9749 5013 9749 5015 9749 5014 9750 5015 9750 5016 9750 3533 9751 5015 9751 5013 9751 3533 9752 5013 9752 3534 9752 5017 9753 5018 9753 5019 9753 5017 9754 5019 9754 5016 9754 5017 9755 5016 9755 5015 9755 3531 9756 5017 9756 5015 9756 3531 9757 5015 9757 3533 9757 4976 9758 4975 9758 5018 9758 4976 9759 5018 9759 5017 9759 3531 9760 3529 9760 4976 9760 3531 9761 4976 9761 5017 9761 3563 9762 3562 9762 4936 9762 3563 9763 4936 9763 5020 9763 4936 9764 3942 9764 3952 9764 4936 9765 3952 9765 5020 9765 3854 9766 3845 9766 4094 9766 3854 9767 4094 9767 5021 9767 3854 9768 5021 9768 5022 9768 3854 9769 5022 9769 4072 9769 3854 9770 4072 9770 4075 9770 4094 9771 3845 9771 4095 9771 5023 9772 4937 9772 4965 9772 5023 9773 4965 9773 5024 9773 5023 9774 5024 9774 5025 9774 5023 9775 5025 9775 5026 9775 5023 9776 5026 9776 5027 9776 5023 9777 5027 9777 5028 9777 5023 9778 5028 9778 5029 9778 5023 9779 5029 9779 5030 9779 4965 9780 4937 9780 4942 9780 4937 9781 5023 9781 3721 9781 4937 9782 3721 9782 3723 9782 5031 9783 5032 9783 5026 9783 5031 9784 5026 9784 5025 9784 5032 9785 5033 9785 5027 9785 5032 9786 5027 9786 5026 9786 5028 9787 5027 9787 5033 9787 5028 9788 5033 9788 5034 9788 5035 9789 4974 9789 4978 9789 5035 9790 4978 9790 4983 9790 5035 9791 4983 9791 5036 9791 5037 9792 5031 9792 5025 9792 5037 9793 5025 9793 5024 9793 5038 9794 5036 9794 4983 9794 5038 9795 4983 9795 4985 9795 5038 9796 4985 9796 4987 9796 5038 9797 4987 9797 4989 9797 5038 9798 4989 9798 4988 9798 5038 9799 4988 9799 5039 9799 5038 9800 5039 9800 5040 9800 5041 9801 5042 9801 5043 9801 5043 9802 5042 9802 5034 9802 5043 9803 5034 9803 4980 9803 4980 9804 5034 9804 5033 9804 4980 9805 5033 9805 4979 9805 4979 9806 5033 9806 5032 9806 4979 9807 5032 9807 4981 9807 4981 9808 5032 9808 5044 9808 4981 9809 5044 9809 5045 9809 5032 9810 5031 9810 5046 9810 5032 9811 5046 9811 5047 9811 5032 9812 5047 9812 5048 9812 5032 9813 5048 9813 5044 9813 5049 9814 5050 9814 5037 9814 5037 9815 5050 9815 5051 9815 5037 9816 5051 9816 5031 9816 5031 9817 5051 9817 5052 9817 5031 9818 5052 9818 5046 9818 5053 9819 5054 9819 4964 9819 4964 9820 5054 9820 5055 9820 4964 9821 5055 9821 5037 9821 5037 9822 5055 9822 5049 9822 5056 9823 5057 9823 4918 9823 4918 9824 5057 9824 4953 9824 4918 9825 4953 9825 4919 9825 4919 9826 4953 9826 4952 9826 4919 9827 4952 9827 4962 9827 4962 9828 4952 9828 4956 9828 4962 9829 4956 9829 4964 9829 4964 9830 4956 9830 5053 9830 5045 9831 5058 9831 4981 9831 4981 9832 5058 9832 5059 9832 4981 9833 5059 9833 4982 9833 4982 9834 5059 9834 5060 9834 4982 9835 5060 9835 5035 9835 5036 9836 5038 9836 4986 9836 5036 9837 4986 9837 4982 9837 5036 9838 4982 9838 5035 9838 5040 9839 5056 9839 4918 9839 5040 9840 4918 9840 4986 9840 5040 9841 4986 9841 5038 9841 4954 9842 4949 9842 4957 9842 4957 9843 4949 9843 4925 9843 4957 9844 4925 9844 4958 9844 4958 9845 4925 9845 4924 9845 4958 9846 4924 9846 4960 9846 4960 9847 4924 9847 4919 9847 4960 9848 4919 9848 4962 9848 5024 9849 4965 9849 4964 9849 5024 9850 4964 9850 5037 9850 4946 9851 5056 9851 4990 9851 4946 9852 4990 9852 4992 9852 4946 9853 4992 9853 5061 9853 4946 9854 5061 9854 5062 9854 4946 9855 5062 9855 4947 9855 5056 9856 5040 9856 5039 9856 5056 9857 5039 9857 5063 9857 5056 9858 5063 9858 5064 9858 5056 9859 5064 9859 4991 9859 5056 9860 4991 9860 4990 9860 5056 9861 4946 9861 4948 9861 5056 9862 4948 9862 5057 9862 4950 9863 4953 9863 5057 9863 4950 9864 5057 9864 4948 9864 4956 9865 4955 9865 4959 9865 4956 9866 4959 9866 5053 9866 4961 9867 5054 9867 5053 9867 4961 9868 5053 9868 4959 9868 4963 9869 5055 9869 5054 9869 4963 9870 5054 9870 4961 9870 4927 9871 5063 9871 5039 9871 4927 9872 5039 9872 4988 9872 4927 9873 4988 9873 4916 9873 4928 9874 5064 9874 5063 9874 4928 9875 5063 9875 4927 9875 5064 9876 4928 9876 4929 9876 5064 9877 4929 9877 4991 9877 4932 9878 5061 9878 4992 9878 4932 9879 4992 9879 4931 9879 4933 9880 4994 9880 5062 9880 4933 9881 5062 9881 5061 9881 4933 9882 5061 9882 4932 9882 4947 9883 5062 9883 4994 9883 4947 9884 4994 9884 4993 9884 4947 9885 4993 9885 5065 9885 4947 9886 5065 9886 5066 9886 5067 9887 5049 9887 5055 9887 5067 9888 5055 9888 4963 9888 4935 9889 4998 9889 5065 9889 4935 9890 5065 9890 4993 9890 4935 9891 4993 9891 4934 9891 5066 9892 5065 9892 4998 9892 5066 9893 4998 9893 4997 9893 5066 9894 4997 9894 5068 9894 4094 9895 4103 9895 4945 9895 4094 9896 4945 9896 4947 9896 4094 9897 4947 9897 5066 9897 4094 9898 5066 9898 5021 9898 5067 9899 4963 9899 4945 9899 5067 9900 5069 9900 5070 9900 5067 9901 5070 9901 5071 9901 5067 9902 5071 9902 5049 9902 5049 9903 5071 9903 5050 9903 5072 9904 5051 9904 5050 9904 5072 9905 5050 9905 5071 9905 5072 9906 5071 9906 5070 9906 5072 9907 5070 9907 5069 9907 5069 9908 4945 9908 5072 9908 5073 9909 5068 9909 4997 9909 5073 9910 4997 9910 4996 9910 5073 9911 4996 9911 5000 9911 5073 9912 5000 9912 5003 9912 4072 9913 5022 9913 5073 9913 4072 9914 5073 9914 4945 9914 4072 9915 4945 9915 4102 9915 5073 9916 5022 9916 5068 9916 5021 9917 5066 9917 5068 9917 5021 9918 5068 9918 5022 9918 4945 9919 5069 9919 5067 9919 4945 9920 5074 9920 5072 9920 5075 9921 5046 9921 5052 9921 5075 9922 5052 9922 5074 9922 5074 9923 4945 9923 5075 9923 4945 9924 5076 9924 5075 9924 4945 9925 5077 9925 5076 9925 4945 9926 5078 9926 5077 9926 5078 9927 4945 9927 5079 9927 4945 9928 5080 9928 5079 9928 4945 9929 5081 9929 5080 9929 5081 9930 5082 9930 5006 9930 5081 9931 5006 9931 5005 9931 5081 9932 5005 9932 5008 9932 5081 9933 5008 9933 5010 9933 5081 9934 5010 9934 5012 9934 5081 9935 5012 9935 5059 9935 5060 9936 5059 9936 5012 9936 5060 9937 5012 9937 5014 9937 5060 9938 5014 9938 5016 9938 5060 9939 5016 9939 5019 9939 4945 9940 5082 9940 5081 9940 5073 9941 5003 9941 5002 9941 5073 9942 5002 9942 5006 9942 5073 9943 5006 9943 5082 9943 5082 9944 4945 9944 5073 9944 5046 9945 5075 9945 5076 9945 5046 9946 5076 9946 5047 9946 5077 9947 5048 9947 5047 9947 5077 9948 5047 9948 5076 9948 5048 9949 5077 9949 5078 9949 5048 9950 5078 9950 5044 9950 5044 9951 5078 9951 5079 9951 5044 9952 5079 9952 5045 9952 5080 9953 5058 9953 5045 9953 5080 9954 5045 9954 5079 9954 5058 9955 5080 9955 5081 9955 5058 9956 5081 9956 5059 9956 5051 9957 5072 9957 5074 9957 5051 9958 5074 9958 5052 9958 5035 9959 5060 9959 5019 9959 5035 9960 5019 9960 5018 9960 5035 9961 5018 9961 4975 9961 5035 9962 4975 9962 4974 9962 5034 9963 5042 9963 5029 9963 5034 9964 5029 9964 5028 9964 5041 9965 5083 9965 5030 9965 5041 9966 5030 9966 5029 9966 5041 9967 5029 9967 5042 9967 5083 9968 5041 9968 5043 9968 5083 9969 5043 9969 4968 9969 5083 9970 4968 9970 4967 9970 5043 9971 4980 9971 4969 9971 5043 9972 4969 9972 4968 9972 4073 9973 4096 9973 3753 9973 4073 9974 3753 9974 3752 9974 4945 9975 4103 9975 4102 9975 3877 9976 3970 9976 3844 9976 3877 9977 3844 9977 3843 9977 3880 9978 4966 9978 3577 9978 3880 9979 3577 9979 3576 9979 3596 9980 5084 9980 5085 9980 3596 9981 5085 9981 3594 9981 3598 9982 5086 9982 5084 9982 3598 9983 5084 9983 3596 9983 5086 9984 3598 9984 3497 9984 5086 9985 3497 9985 5087 9985 3497 9986 3496 9986 3914 9986 3497 9987 3914 9987 5087 9987 5088 9988 5089 9988 5090 9988 5088 9989 5090 9989 5091 9989 3590 9990 3592 9990 5088 9990 3590 9991 5088 9991 5091 9991 5085 9992 5088 9992 3592 9992 5085 9993 3592 9993 3594 9993 5092 9994 5084 9994 5086 9994 5092 9995 5086 9995 5093 9995 5087 9996 5094 9996 5095 9996 5087 9997 5095 9997 5093 9997 5087 9998 5093 9998 5086 9998 5094 9999 5087 9999 3914 9999 5094 10000 3914 10000 3913 10000 5096 10001 5097 10001 3909 10001 5096 10002 3909 10002 3894 10002 3524 10003 5096 10003 3894 10003 3524 10004 3894 10004 3522 10004 5098 10005 5097 10005 5096 10005 5098 10006 5096 10006 5099 10006 5098 10007 5099 10007 5100 10007 5096 10008 3524 10008 3526 10008 5096 10009 3526 10009 5099 10009 5100 10010 5099 10010 5101 10010 5100 10011 5101 10011 5102 10011 3528 10012 5101 10012 5099 10012 3528 10013 5099 10013 3526 10013 3530 10014 5103 10014 5101 10014 3530 10015 5101 10015 3528 10015 5103 10016 3530 10016 3532 10016 5103 10017 3532 10017 5104 10017 5105 10018 5104 10018 5091 10018 5105 10019 5091 10019 5090 10019 5104 10020 3532 10020 3590 10020 5104 10021 3590 10021 5091 10021 5106 10022 3896 10022 3895 10022 5106 10023 3895 10023 5107 10023 5108 10024 5106 10024 5107 10024 5108 10025 5107 10025 5109 10025 5110 10026 5108 10026 5109 10026 5110 10027 5109 10027 5111 10027 5111 10028 5112 10028 5113 10028 5111 10029 5113 10029 5110 10029 3481 10030 3563 10030 5020 10030 3481 10031 5020 10031 3924 10031 5020 10032 3952 10032 3951 10032 5020 10033 3951 10033 3924 10033 3855 10034 3854 10034 4075 10034 3855 10035 4075 10035 4077 10035 3855 10036 4077 10036 5114 10036 3855 10037 5114 10037 3972 10037 3977 10038 5023 10038 5083 10038 3977 10039 5083 10039 5115 10039 3977 10040 5115 10040 5116 10040 3977 10041 5116 10041 5117 10041 3977 10042 5117 10042 5118 10042 3977 10043 5118 10043 3989 10043 5083 10044 4967 10044 3880 10044 5083 10045 3880 10045 5113 10045 5083 10046 5113 10046 5119 10046 5083 10047 5119 10047 5120 10047 5083 10048 5120 10048 5121 10048 5083 10049 5121 10049 5115 10049 3880 10050 3896 10050 5106 10050 3880 10051 5106 10051 5108 10051 3880 10052 5108 10052 5110 10052 3880 10053 5110 10053 5113 10053 3880 10054 4967 10054 4966 10054 5083 10055 5023 10055 5030 10055 3719 10056 3721 10056 5023 10056 3719 10057 5023 10057 3977 10057 5089 10058 5088 10058 5085 10058 5089 10059 5085 10059 5122 10059 5084 10060 5092 10060 5123 10060 5084 10061 5123 10061 5122 10061 5084 10062 5122 10062 5085 10062 5124 10063 5125 10063 5123 10063 5124 10064 5123 10064 5092 10064 5124 10065 5092 10065 5093 10065 5124 10066 5093 10066 5095 10066 5124 10067 5095 10067 5094 10067 5124 10068 5094 10068 3913 10068 5124 10069 3913 10069 4001 10069 4077 10070 4076 10070 3991 10070 4077 10071 3991 10071 5125 10071 4077 10072 5125 10072 5124 10072 4077 10073 5124 10073 5114 10073 3991 10074 5126 10074 5125 10074 5126 10075 3991 10075 5127 10075 3991 10076 5128 10076 5127 10076 5128 10077 3991 10077 5129 10077 3991 10078 5130 10078 5129 10078 3991 10079 5131 10079 5130 10079 3991 10080 5132 10080 5131 10080 5132 10081 3991 10081 5133 10081 3991 10082 5134 10082 5133 10082 5114 10083 5124 10083 4001 10083 5114 10084 4001 10084 3972 10084 3991 10085 3990 10085 5134 10085 5135 10086 4034 10086 3909 10086 5135 10087 3909 10087 5097 10087 5135 10088 5097 10088 5098 10088 5136 10089 5135 10089 5098 10089 5136 10090 5098 10090 5100 10090 5136 10091 5100 10091 5102 10091 5136 10092 5102 10092 5137 10092 5126 10093 5138 10093 5090 10093 5126 10094 5090 10094 5089 10094 5126 10095 5089 10095 5122 10095 5126 10096 5122 10096 5123 10096 5126 10097 5123 10097 5125 10097 5138 10098 5136 10098 5137 10098 5138 10099 5137 10099 5139 10099 5138 10100 5139 10100 5105 10100 5138 10101 5105 10101 5090 10101 5127 10102 5140 10102 5138 10102 5127 10103 5138 10103 5126 10103 5141 10104 5131 10104 5132 10104 5141 10105 5132 10105 5142 10105 4026 10106 4030 10106 4025 10106 4025 10107 4030 10107 4029 10107 4025 10108 4029 10108 4027 10108 4027 10109 4029 10109 4028 10109 4027 10110 4028 10110 3891 10110 3891 10111 4028 10111 4033 10111 3891 10112 4033 10112 3888 10112 3888 10113 4033 10113 4008 10113 3888 10114 4008 10114 4010 10114 4033 10115 4032 10115 4003 10115 4033 10116 4003 10116 4004 10116 4033 10117 4004 10117 4006 10117 4033 10118 4006 10118 4008 10118 4032 10119 4035 10119 4031 10119 4032 10120 4031 10120 4020 10120 4032 10121 4020 10121 4002 10121 4032 10122 4002 10122 4003 10122 5141 10123 5142 10123 5143 10123 5143 10124 5142 10124 5144 10124 5143 10125 5144 10125 4035 10125 4035 10126 5144 10126 5145 10126 4035 10127 5145 10127 4031 10127 5138 10128 5140 10128 5107 10128 5107 10129 5140 10129 5146 10129 5107 10130 5146 10130 5109 10130 5109 10131 5146 10131 5147 10131 5109 10132 5147 10132 5148 10132 5148 10133 5147 10133 5149 10133 5148 10134 5149 10134 5143 10134 5143 10135 5149 10135 5141 10135 4010 10136 4011 10136 3888 10136 3888 10137 4011 10137 4012 10137 3888 10138 4012 10138 3893 10138 3893 10139 4012 10139 4013 10139 3893 10140 4013 10140 4018 10140 3895 10141 3893 10141 4018 10141 3895 10142 4018 10142 4034 10142 3895 10143 4034 10143 5135 10143 3895 10144 5135 10144 5136 10144 3895 10145 5136 10145 5107 10145 5150 10146 5151 10146 5152 10146 5152 10147 5151 10147 5112 10147 5152 10148 5112 10148 5153 10148 5153 10149 5112 10149 5111 10149 5153 10150 5111 10150 5154 10150 5154 10151 5111 10151 5109 10151 5154 10152 5109 10152 5148 10152 5138 10153 5107 10153 5136 10153 5133 10154 5144 10154 5142 10154 5133 10155 5142 10155 5132 10155 5144 10156 5133 10156 5134 10156 5144 10157 5134 10157 5145 10157 5118 10158 5117 10158 5148 10158 5118 10159 5148 10159 5143 10159 5145 10160 5134 10160 3990 10160 5145 10161 3990 10161 4031 10161 4035 10162 3989 10162 5118 10162 4035 10163 5118 10163 5143 10163 5128 10164 5146 10164 5140 10164 5128 10165 5140 10165 5127 10165 5119 10166 5113 10166 5112 10166 5119 10167 5112 10167 5151 10167 5129 10168 5147 10168 5146 10168 5129 10169 5146 10169 5128 10169 5147 10170 5129 10170 5130 10170 5147 10171 5130 10171 5149 10171 5131 10172 5141 10172 5149 10172 5131 10173 5149 10173 5130 10173 5152 10174 5153 10174 5115 10174 5152 10175 5115 10175 5121 10175 5153 10176 5154 10176 5116 10176 5153 10177 5116 10177 5115 10177 5148 10178 5117 10178 5116 10178 5148 10179 5116 10179 5154 10179 5152 10180 5121 10180 5120 10180 5152 10181 5120 10181 5150 10181 5120 10182 5119 10182 5151 10182 5120 10183 5151 10183 5150 10183 5103 10184 5139 10184 5137 10184 5103 10185 5137 10185 5102 10185 5103 10186 5102 10186 5101 10186 5104 10187 5105 10187 5139 10187 5104 10188 5139 10188 5103 10188 4037 10189 4073 10189 3752 10189 4037 10190 3752 10190 3712 10190 3991 10191 4076 10191 4074 10191</p>
                </triangles>
            </mesh>
        </geometry>
    </library_geometries>
    <library_visual_scenes>
        <visual_scene id="VisualSceneNode" name="VisualScene">
            <node id="node" name="node">
                <instance_geometry url="#shape0-lib"/>
            </node>
        </visual_scene>
    </library_visual_scenes>
    <scene>
        <instance_visual_scene url="#VisualSceneNode"/>
    </scene>
</COLLADA>
