<?xml version="1.0" encoding="UTF-8"?>
<COLLADA xmlns="http://www.collada.org/2005/11/COLLADASchema" version="1.4.1">
    <asset>
        <contributor>
            <author>VCGLab</author>
            <authoring_tool>VCGLib | MeshLab</authoring_tool>
        </contributor>
        <created>N okt 1 04:55:10 2026 GMT</created>
        <modified>N okt 1 04:55:10 2026 GMT</modified>
        <up_axis>Y_UP</up_axis>
    </asset>
    <library_geometries>
        <geometry id="shape0-lib" name="shape0">
            <mesh>
                <source id="shape0-lib-positions" name="position">
                    <float_array id="shape0-lib-positions-array" count="8337">-0.0337 0.0425 -0.0475 -0.0217 0.0425 -0.0475 -0.0217 -0.0425 -0.0475 -0.0337 -0.0425 -0.0475 -0.0337 0.0425 0.00480919 -0.0337 0.0424812 0.00480919 -0.0217 0.0424812 0.00480919 -0.0217 0.0425 0.00480919 -0.0217 -0.0425 0.00480919 -0.0217 -0.0424812 0.00480919 -0.0337 -0.0424812 0.00480919 -0.0337 -0.0425 0.00480919 -0.0337 -0.0291022 0.0120545 -0.0337 -0.0308947 0.00614535 -0.0337 -0.0424812 0.00480919 -0.0337 -0.0425 0.005 -0.0337 -0.0416834 0.0132913 -0.0337 -0.0392649 0.021264 -0.0337 -0.0353375 0.0286117 -0.0337 -0.030052 0.035052 -0.0337 -0.0236117 0.0403375 -0.0337 -0.016264 0.0442649 -0.0337 -0.00829134 0.0466834 -0.0337 -1.86265e-09 0.0475 -0.0337 0.00829134 0.0466834 -0.0337 0.016264 0.0442649 -0.0337 0.0236117 0.0403375 -0.0337 0.030052 0.035052 -0.0337 0.0353375 0.0286117 -0.0337 0.0392649 0.021264 -0.0337 0.0416834 0.0132913 -0.0337 0.0425 0.005 -0.0337 0.0424812 0.00480919 -0.0337 0.0425 0.00480919 -0.0337 0.0425 -0.0475 -0.0337 -0.0425 -0.0475 -0.0337 -0.0425 0.00480919 -0.0337 -0.0312945 -0.00208672 -0.0337 -0.0308947 -0.00614535 -0.0337 -0.0261913 0.0175005 -0.0337 -0.0222739 0.0222739 -0.0337 -0.0291022 -0.0120545 -0.0337 -0.0261913 -0.0175005 -0.0337 -0.0175005 0.0261913 -0.0337 -0.0222739 -0.0222739 -0.0337 -0.0175005 -0.0261913 -0.0337 -0.0120545 0.0291022 -0.0337 -0.00614535 0.0308947 -0.0337 -0.0120545 -0.0291022 -0.0337 -0.00614535 -0.0308947 -0.0337 -1.86265e-09 0.0315 -0.0337 0.00614534 0.0308947 -0.0337 -1.86265e-09 -0.0315 -0.0337 0.0120545 0.0291022 -0.0337 0.0175005 0.0261913 -0.0337 0.00614534 -0.0308947 -0.0337 0.0120545 -0.0291022 -0.0337 0.0222739 0.0222739 -0.0337 0.0175005 -0.0261913 -0.0337 0.0222739 -0.0222739 -0.0337 0.0261913 0.0175005 -0.0337 0.0291022 0.0120545 -0.0337 0.0261913 -0.0175005 -0.0337 0.0291022 -0.0120545 -0.0337 0.0308947 0.00614535 -0.0337 0.0315 0 -0.0337 0.0308947 -0.00614535 -0.0337 -0.0315 0 -0.0217 0.0425 -0.0475 -0.0217 0.0425 0.00480919 -0.0217 0.02235 5.47417e-18 -0.0217 0.0424812 0.00480919 -0.0217 0.0425 0.005 -0.0217 0.0416834 0.0132913 -0.0217 0.0392649 0.021264 -0.0217 0.0353375 0.0286117 -0.0217 0.030052 0.035052 -0.0217 0.0236117 0.0403375 -0.0217 0.016264 0.0442649 -0.0217 0.00829134 0.0466834 -0.0217 -1.86265e-09 0.0475 -0.0217 -0.00829134 0.0466834 -0.0217 -0.016264 0.0442649 -0.0217 -0.0236117 0.0403375 -0.0217 -0.030052 0.035052 -0.0217 -0.0353375 0.0286117 -0.0217 -0.0392649 0.021264 -0.0217 -0.0416834 0.0132913 -0.0217 -0.0215884 0.00578461 -0.0217 -0.0193557 0.011175 -0.0217 0.0215884 0.00578461 -0.0217 -0.0158038 0.0158038 -0.0217 0.0193557 0.011175 -0.0217 0.0158038 0.0158038 -0.0217 -0.011175 0.0193557 -0.0217 -0.00578461 0.0215884 -0.0217 0.011175 0.0193557 -0.0217 -1.86265e-09 0.02235 -0.0217 0.0057846 0.0215884 -0.0217 -0.02235 -2.73709e-18 -0.0217 -0.0425 0.005 -0.0217 -0.0424812 0.00480919 -0.0217 -0.0425 0.00480919 -0.0217 -0.0425 -0.0475 -0.0217 0.0215884 -0.00578461 -0.0217 0.0193557 -0.011175 -0.0217 -0.0215884 -0.00578461 -0.0217 -0.0193557 -0.011175 -0.0217 0.0158038 -0.0158038 -0.0217 -0.0158038 -0.0158038 -0.0217 0.011175 -0.0193557 -0.0217 0.0057846 -0.0215884 -0.0217 -0.011175 -0.0193557 -0.0217 -0.00578461 -0.0215884 -0.0217 -1.86265e-09 -0.02235 -0.0272 0.0308947 -0.00614535 -0.0272 0.0315 0 -0.0272 0.0291022 -0.0120545 -0.0272 0.0261913 -0.0175005 -0.0272 0.0222739 -0.0222739 -0.0272 0.0175005 -0.0261913 -0.0272 0.0120545 -0.0291022 -0.0272 0.00614534 -0.0308947 -0.0272 -1.86265e-09 -0.0315 -0.0272 -0.00614535 -0.0308947 -0.0272 -0.0120545 -0.0291022 -0.0272 -0.0175005 -0.0261913 -0.0272 -0.0222739 -0.0222739 -0.0272 -0.0261913 -0.0175005 -0.0272 -0.0291022 -0.0120545 -0.0272 -0.0308947 -0.00614535 -0.0272 -0.0315 0 -0.0272 -0.0308947 0.00614535 -0.0272 -0.0291022 0.0120545 -0.0272 -0.0261913 0.0175005 -0.0272 -0.0222739 0.0222739 -0.0272 -0.0175005 0.0261913 -0.0272 -0.0120545 0.0291022 -0.0272 -0.00614535 0.0308947 -0.0272 -1.86265e-09 0.0315 -0.0272 0.00614534 0.0308947 -0.0272 0.0120545 0.0291022 -0.0272 0.0175005 0.0261913 -0.0272 0.0222739 0.0222739 -0.0272 0.0261913 0.0175005 -0.0272 0.0291022 0.0120545 -0.0272 0.0154411 -0.0133921 -0.0272 0.0308947 0.00614535 -0.0272 0.0133921 -0.0154411 -0.0272 0.0140475 -0.0156168 -0.0272 0.0141421 -0.0156421 -0.0272 0.0156421 -0.0141421 -0.0272 0.0154665 -0.0134867 -0.0272 0.0154411 -0.0148921 -0.0272 0.0156168 -0.0142367 -0.0272 0.0147975 -0.0154665 -0.0272 0.0153719 -0.0149613 -0.0272 0.0148921 -0.0154411 -0.0272 0.0133229 -0.0153719 -0.0272 -0.0128431 -0.0148921 -0.0272 -0.0126674 -0.0142367 -0.0272 -0.0126421 -0.0141421 -0.0272 0.0128431 -0.0148921 -0.0272 0.0128177 -0.0147975 -0.0272 -0.0128177 -0.0134867 -0.0272 -0.0128431 -0.0133921 -0.0272 0.0126421 -0.0141421 -0.0272 0.0126674 -0.0140475 -0.0272 -0.0129123 -0.0133229 -0.0272 -0.0133921 -0.0128431 -0.0272 -0.0140475 -0.0126674 -0.0272 -0.0141421 -0.0126421 -0.0272 0.0128431 -0.0133921 -0.0272 0.0129123 -0.0133229 -0.0272 0.0133921 -0.0128431 -0.0272 0.0134867 -0.0128177 -0.0272 0.0141421 -0.0126421 -0.0272 0.0148921 -0.0128431 -0.0272 0.0142367 -0.0126674 -0.0272 0.0149613 -0.0129123 -0.0272 0.0149613 0.0129123 -0.0272 0.0154411 0.0133921 -0.0272 0.0148921 0.0128431 -0.0272 0.0147975 0.0128177 -0.0272 0.0133921 0.0128431 -0.0272 0.0140475 0.0126674 -0.0272 0.0141421 0.0126421 -0.0272 -0.0147975 -0.0128177 -0.0272 -0.0148921 -0.0128431 -0.0272 -0.0153719 -0.0133229 -0.0272 -0.0154411 -0.0133921 -0.0272 -0.0153719 0.0133229 -0.0272 -0.0148921 0.0128431 -0.0272 -0.0142367 0.0126674 -0.0272 -0.0141421 0.0126421 -0.0272 0.0129123 0.0133229 -0.0272 -0.0134867 0.0128177 -0.0272 -0.0133921 0.0128431 -0.0272 0.0128431 0.0133921 -0.0272 0.0128177 0.0134867 -0.0272 -0.0133229 0.0129123 -0.0272 -0.0128431 0.0133921 -0.0272 0.0126421 0.0141421 -0.0272 0.0128431 0.0148921 -0.0272 0.0126674 0.0142367 -0.0272 -0.0133921 0.0154411 -0.0272 -0.0129123 0.0149613 -0.0272 -0.0126674 0.0140475 -0.0272 -0.0126421 0.0141421 -0.0272 -0.0128431 0.0148921 -0.0272 -0.0128177 0.0147975 -0.0272 -0.0133229 -0.0153719 -0.0272 -0.0156168 -0.0140475 -0.0272 -0.0156421 -0.0141421 -0.0272 -0.0154665 -0.0147975 -0.0272 -0.0154411 -0.0148921 -0.0272 -0.0133921 -0.0154411 -0.0272 -0.0134867 -0.0154665 -0.0272 -0.0153719 -0.0149613 -0.0272 -0.0141421 -0.0156421 -0.0272 -0.0148921 -0.0154411 -0.0272 -0.0142367 -0.0156168 -0.0272 -0.0154411 0.0133921 -0.0272 -0.0140475 0.0156168 -0.0272 -0.0141421 0.0156421 -0.0272 -0.0154665 0.0134867 -0.0272 -0.0156421 0.0141421 -0.0272 -0.0147975 0.0154665 -0.0272 -0.0148921 0.0154411 -0.0272 -0.0149613 0.0153719 -0.0272 -0.0154411 0.0148921 -0.0272 -0.0156168 0.0142367 -0.0272 0.0156168 0.0140475 -0.0272 0.0156421 0.0141421 -0.0272 0.0154665 0.0147975 -0.0272 0.0154411 0.0148921 -0.0272 0.0149613 0.0153719 -0.0272 0.0148921 0.0154411 -0.0272 0.0142367 0.0156168 -0.0272 0.0141421 0.0156421 -0.0272 0.0133921 0.0154411 -0.0272 0.0133229 0.0153719 -0.0272 0.0134867 0.0154665 -0.1817 -0.0329956 -0.0575 -0.1817 -0.0329956 -0.0475 -0.1817 0.0329955 -0.0475 -0.1817 0.0329955 -0.0575 -0.0217 0.0425 -0.0475 -0.0217 0.0425 -0.0575 -0.0217 -0.0425 -0.0475 -0.0217 -0.0425 -0.0575 -0.0217 0.0245196 0.00487726 -0.0217 0.025 2.18097e-10 -0.0217 0.0245196 -0.00487726 -0.0217 0.023097 -0.00956709 -0.0217 0.0207867 -0.0138893 -0.0217 0.0176777 -0.0176777 -0.0217 0.0138893 -0.0207867 -0.0217 0.00956709 -0.023097 -0.0217 0.00487726 -0.0245196 -0.0217 -5.55112e-17 -0.025 -0.0217 -0.00487726 -0.0245196 -0.0217 -0.00956709 -0.023097 -0.0217 -0.0138893 -0.0207867 -0.0217 -0.0176777 -0.0176777 -0.0217 -0.0207867 -0.0138893 -0.0217 -0.023097 -0.00956709 -0.0217 -0.0245196 -0.00487726 -0.0217 -0.025 2.18097e-10 -0.0217 -0.0245196 0.00487726 -0.0217 -0.023097 0.00956709 -0.0217 -0.0207867 0.0138893 -0.0217 -0.0176777 0.0176777 -0.0217 -0.0138893 0.0207867 -0.0217 -0.00956709 0.023097 -0.0217 -0.00487726 0.0245196 -0.0217 8.32667e-17 0.025 -0.0217 0.00487726 0.0245196 -0.0217 0.00956709 0.023097 -0.0217 0.0138893 0.0207867 -0.0217 0.0176777 0.0176777 -0.0217 0.0207867 0.0138893 -0.0217 0.023097 0.00956709 0.0125 5.46392e-10 0.0078 0.0125 -0.0020188 0.0075342 0.0125 0.0020188 0.0075342 0.0125 -0.0039 0.006755 0.0125 0.0039 0.006755 0.0125 -0.0055154 0.0055154 0.0125 0.0055154 0.0055154 0.0125 5.46392e-10 0.005 0.0125 0.0012941 0.0048296 0.0125 -0.0043301 0.0025 0.0125 -0.0035355 0.0035355 0.0125 -0.006755 0.0039 0.0125 -0.0025 0.0043301 0.0125 -0.0012941 0.0048296 0.0125 -0.0075342 0.0020188 0.0125 -0.0078 0 0.0125 -0.005 0 0.0125 -0.0048296 0.0012941 0.0125 -0.0035355 -0.0035355 0.0125 -0.0043301 -0.0025 0.0125 -0.0075342 -0.0020188 0.0125 -0.0048296 -0.0012941 0.0125 -0.006755 -0.0039 0.0125 -0.0055154 -0.0055154 0.0125 -0.0012941 -0.0048296 0.0125 -0.0025 -0.0043301 0.0125 5.46392e-10 -0.0078 0.0125 0.0020188 -0.0075342 0.0125 -0.0020188 -0.0075342 0.0125 0.0039 -0.006755 0.0125 -0.0039 -0.006755 0.0125 0.0055154 -0.0055154 0.0125 5.46392e-10 -0.005 0.0125 0.0025 0.0043301 0.0125 0.0035355 0.0035355 0.0125 0.006755 0.0039 0.0125 0.005 0 0.0125 0.0078 0 0.0125 0.0048296 0.0012941 0.0125 0.0075342 0.0020188 0.0125 0.0043301 0.0025 0.0125 0.0048296 -0.0012941 0.0125 0.0043301 -0.0025 0.0125 0.0075342 -0.0020188 0.0125 0.0035355 -0.0035355 0.0125 0.0025 -0.0043301 0.0125 0.006755 -0.0039 0.0125 0.0012941 -0.0048296 -0.0175995 0.0041735 -0.0155756 -0.0175995 -7.69299e-10 -0.016125 -0.017874 -7.81297e-10 -0.0163995 -0.017874 0.0042445 -0.0158407 -0.018249 -7.97689e-10 -0.015 -0.017874 -7.81297e-10 -0.0151005 -0.017874 0.0039083 -0.0145859 -0.018249 0.0038823 -0.0144889 -0.0175 0.0040864 -0.0152507 -0.0175 -7.64949e-10 -0.0157887 -0.0175 -7.64949e-10 -0.0157113 -0.0175 0.0040664 -0.0151759 -0.0175995 0.0039793 -0.0148511 -0.0175995 -7.69299e-10 -0.015375 -0.0185 -8.08661e-10 -0.0150673 -0.0185 0.0038997 -0.0145539 -0.018249 -7.97689e-10 -0.0165 -0.0185 -8.08661e-10 -0.0164327 -0.0185 0.0042531 -0.0158728 -0.018249 0.0042705 -0.0159378 -0.0185 -0.0045293 0.0169037 -0.0185 -0.00875 0.0151554 -0.0185 -0.0042531 0.0158728 -0.0185 -8.08661e-10 0.0164327 -0.0185 0.0045293 0.0169037 -0.0185 -8.08661e-10 0.0175 -0.0185 -0.0158728 -0.0042531 -0.0185 -0.0164327 0 -0.0185 -0.0175 0 -0.0185 -0.0158728 0.0042531 -0.0185 -0.0169037 0.0045293 -0.0185 -0.0142312 0.0082164 -0.0185 -0.0151554 0.00875 -0.0185 -0.0116197 0.0116197 -0.0185 -0.0123744 0.0123744 -0.0185 -0.0082164 0.0142312 -0.0185 0.0158728 0.0042531 -0.0185 0.0164327 0 -0.0185 0.0175 0 -0.0185 0.0158728 -0.0042531 -0.0185 0.0169037 -0.0045293 -0.0185 0.0142312 -0.0082164 -0.0185 0.0151554 -0.00875 -0.0185 0.0116197 -0.0116197 -0.0185 0.0123744 -0.0123744 -0.0185 0.0082164 -0.0142312 -0.0185 0.00875 -0.0151554 -0.0185 0.0045293 -0.0169037 -0.0185 -0.0045293 -0.0169037 -0.0185 -0.0042531 -0.0158728 -0.0185 -0.00875 -0.0151554 -0.0185 -0.0082164 -0.0142312 -0.0185 -0.0123744 -0.0123744 -0.0185 -0.0116197 -0.0116197 -0.0185 -0.0151554 -0.00875 -0.0185 -0.0142312 -0.0082164 -0.0185 -0.0169037 -0.0045293 -0.0185 0.0169037 0.0045293 -0.0185 0.0142312 0.0082164 -0.0185 0.0151554 0.00875 -0.0185 0.0116197 0.0116197 -0.0185 0.0123744 0.0123744 -0.0185 0.0082164 0.0142312 -0.0185 0.00875 0.0151554 -0.0185 0.0042531 0.0158728 -0.0185 -8.08661e-10 -0.0175 -0.0185 0.0038997 0.0145539 -0.0185 -8.08661e-10 0.0150673 -0.0185 -8.08661e-10 0.0149 -0.0185 -0.0038997 0.0145539 -0.0185 -0.0038564 0.0143923 -0.0185 -0.0075336 0.0130486 -0.0185 -0.00745 0.0129038 -0.0185 -0.0106542 0.0106542 -0.0185 -0.0105359 0.0105359 -0.0185 -0.0130486 0.0075336 -0.0185 -0.0129038 0.00745 -0.0185 -0.0145539 0.0038997 -0.0185 -0.0143923 0.0038564 -0.0185 -0.0150673 0 -0.0185 -0.0149 0 -0.0185 -0.0143923 -0.0038564 -0.0185 -8.08661e-10 -0.0149 -0.0185 -0.0038997 -0.0145539 -0.0185 -0.0038564 -0.0143923 -0.0185 -0.0075336 -0.0130486 -0.0185 -0.00745 -0.0129038 -0.0185 -0.0106542 -0.0106542 -0.0185 -0.0105359 -0.0105359 -0.0185 -0.0130486 -0.0075336 -0.0185 -0.0129038 -0.00745 -0.0185 -0.0145539 -0.0038997 -0.0185 0.0143923 0.0038564 -0.0185 0.0145539 0.0038997 -0.0185 0.0129038 0.00745 -0.0185 0.0130486 0.0075336 -0.0185 0.0105359 0.0105359 -0.0185 0.0106542 0.0106542 -0.0185 0.00745 0.0129038 -0.0185 0.0075336 0.0130486 -0.0185 0.0038564 0.0143923 -0.0185 0.0038564 -0.0143923 -0.0185 0.0075336 -0.0130486 -0.0185 0.00745 -0.0129038 -0.0185 0.0106542 -0.0106542 -0.0185 0.0105359 -0.0105359 -0.0185 0.0130486 -0.0075336 -0.0185 0.0129038 -0.00745 -0.0185 0.0145539 -0.0038997 -0.0185 0.0143923 -0.0038564 -0.0185 0.0150673 0 -0.0185 0.0149 0 -0.0175 0.0040664 0.0151759 -0.0175 0.0078556 0.0136064 -0.0175 0.0038564 0.0143923 -0.0175 -7.64949e-10 0.0149 -0.0175 -0.0040664 0.0151759 -0.0175 -7.64949e-10 0.0157113 -0.0175 0.0143923 -0.0038564 -0.0175 0.0149 0 -0.0175 0.0157113 0 -0.0175 0.0143923 0.0038564 -0.0175 0.0151759 0.0040664 -0.0175 0.0129038 0.00745 -0.0175 0.0136064 0.0078556 -0.0175 0.0105359 0.0105359 -0.0175 0.0111096 0.0111096 -0.0175 0.00745 0.0129038 -0.0175 -0.0129038 0.00745 -0.0175 -0.0143923 0.0038564 -0.0175 -0.0151759 0.0040664 -0.0175 -0.0149 0 -0.0175 -0.0157113 0 -0.0175 -0.0143923 -0.0038564 -0.0175 -0.0151759 -0.0040664 -0.0175 -0.0129038 -0.00745 -0.0175 -0.0136064 -0.0078556 -0.0175 -0.0105359 -0.0105359 -0.0175 -0.0111096 -0.0111096 -0.0175 -0.00745 -0.0129038 -0.0175 -0.0078556 -0.0136064 -0.0175 -0.0038564 -0.0143923 -0.0175 -0.0040664 -0.0151759 -0.0175 -7.64949e-10 -0.0149 -0.0175 0.0038564 -0.0143923 -0.0175 0.0078556 -0.0136064 -0.0175 0.00745 -0.0129038 -0.0175 0.0111096 -0.0111096 -0.0175 0.0105359 -0.0105359 -0.0175 0.0136064 -0.0078556 -0.0175 0.0129038 -0.00745 -0.0175 0.0151759 -0.0040664 -0.0175 -0.0136064 0.0078556 -0.0175 -0.0105359 0.0105359 -0.0175 -0.0111096 0.0111096 -0.0175 -0.00745 0.0129038 -0.0175 -0.0078556 0.0136064 -0.0175 -0.0038564 0.0143923 -0.0175 0.0045293 0.0169037 -0.0175 0.00875 0.0151554 -0.0175 0.0040864 0.0152507 -0.0175 -7.64949e-10 0.0157887 -0.0175 -0.0045293 0.0169037 -0.0175 -7.64949e-10 0.0175 -0.0175 0.0152507 -0.0040864 -0.0175 0.0157887 0 -0.0175 0.0175 0 -0.0175 0.0152507 0.0040864 -0.0175 0.0169037 0.0045293 -0.0175 0.0136734 0.0078944 -0.0175 0.0151554 0.00875 -0.0175 0.0111643 0.0111643 -0.0175 0.0123744 0.0123744 -0.0175 0.0078944 0.0136734 -0.0175 0.00875 -0.0151554 -0.0175 0.0078944 -0.0136734 -0.0175 0.0123744 -0.0123744 -0.0175 0.0111643 -0.0111643 -0.0175 0.0151554 -0.00875 -0.0175 0.0136734 -0.0078944 -0.0175 0.0169037 -0.0045293 -0.0175 0.0045293 -0.0169037 -0.0175 -7.64949e-10 -0.0175 -0.0175 -0.0045293 -0.0169037 -0.0175 -0.00875 -0.0151554 -0.0175 -0.0152507 0.0040864 -0.0175 -0.0169037 0.0045293 -0.0175 -0.0136734 0.0078944 -0.0175 -0.0151554 0.00875 -0.0175 -0.0111643 0.0111643 -0.0175 -0.0123744 0.0123744 -0.0175 -0.0078944 0.0136734 -0.0175 -0.00875 0.0151554 -0.0175 -0.0040864 0.0152507 -0.0175 -0.0040864 -0.0152507 -0.0175 -0.0078944 -0.0136734 -0.0175 -0.0123744 -0.0123744 -0.0175 -0.0111643 -0.0111643 -0.0175 -0.0151554 -0.00875 -0.0175 -0.0136734 -0.0078944 -0.0175 -0.0169037 -0.0045293 -0.0175 -0.0152507 -0.0040864 -0.0175 -0.0175 0 -0.0175 -0.0157887 0 -0.0185 -8.08661e-10 -0.013 -0.0173 -7.56207e-10 -0.013 -0.0173 0.0033646 -0.012557 -0.0185 0.0033646 -0.012557 -0.0173 -0.0033646 -0.012557 -0.0173 -0.0065 -0.0112583 -0.0173 -0.0091924 -0.0091924 -0.0173 -0.0112583 -0.0065 -0.0173 -0.012557 -0.0033646 -0.0173 -0.013 0 -0.0173 -0.012557 0.0033646 -0.0173 -0.0112583 0.0065 -0.0173 -0.0091924 0.0091924 -0.0173 -0.0065 0.0112583 -0.0173 -0.0033646 0.012557 -0.0173 -7.56207e-10 0.013 -0.0173 0.0033646 0.012557 -0.0173 0.0065 0.0112583 -0.0173 0.0091924 0.0091924 -0.0173 0.0112583 0.0065 -0.0173 0.012557 0.0033646 -0.0173 0.013 0 -0.0173 0.012557 -0.0033646 -0.0173 0.0112583 -0.0065 -0.0173 0.0091924 -0.0091924 -0.0173 0.0065 -0.0112583 -0.0185 -0.0033646 -0.012557 -0.0185 0.0065 -0.0112583 -0.0185 0.0091924 -0.0091924 -0.0185 0.0112583 -0.0065 -0.0185 0.012557 -0.0033646 -0.0185 0.013 0 -0.0185 0.012557 0.0033646 -0.0185 0.0112583 0.0065 -0.0185 0.0091924 0.0091924 -0.0185 0.0065 0.0112583 -0.0185 0.0033646 0.012557 -0.0185 -8.08661e-10 0.013 -0.0185 -0.0033646 0.012557 -0.0185 -0.0065 0.0112583 -0.0185 -0.0091924 0.0091924 -0.0185 -0.0112583 0.0065 -0.0185 -0.012557 0.0033646 -0.0185 -0.013 0 -0.0185 -0.012557 -0.0033646 -0.0185 -0.0112583 -0.0065 -0.0185 -0.0091924 -0.0091924 -0.0185 -0.0065 -0.0112583 0.0062177 0.0016265 -0.0090859 0.0069 0.0015674 -0.0090937 0.011 4.80825e-10 -0.0093 0.0075823 0.0016265 -0.0090859 0.011 0.002407 -0.0089831 0.0080659 0.0017373 -0.0090713 0.0086599 0.002407 -0.0089831 -1.05213e-10 0.002407 -0.0089831 0.0051401 0.002407 -0.0089831 0.0057341 0.0017373 -0.0090713 0 0 -0.0093 0.0113 4.93939e-10 -0.005 0.0113 0.0012941 -0.0048296 0.0113 -0.0012941 -0.0048296 0.0113 0.0025 -0.0043301 0.0113 0.0035355 -0.0035355 0.0113 0.0043301 -0.0025 0.0113 0.0048296 -0.0012941 0.0113 0.005 0 0.0113 0.0048296 0.0012941 0.0113 0.0043301 0.0025 0.0113 0.0035355 0.0035355 0.0113 0.0025 0.0043301 0.0113 0.0012941 0.0048296 0.0113 4.93939e-10 0.005 0.0113 -0.0012941 0.0048296 0.0113 -0.0025 0.0043301 0.0113 -0.0035355 0.0035355 0.0113 -0.0043301 0.0025 0.0113 -0.0048296 0.0012941 0.0113 -0.005 0 0.0113 -0.0048296 -0.0012941 0.0113 -0.0043301 -0.0025 0.0113 -0.0035355 -0.0035355 0.0113 -0.0025 -0.0043301 -0.0005 0.0064705 -0.0241481 -0.0005 -2.18557e-11 -0.025 -0.0069395 0.0022 -0.0247104 -0.00855 0.0038105 -0.0244983 -0.01075 0.0044 -0.0244207 -0.01075 0.0064094 -0.0241562 -0.0105306 0.0064705 -0.0241481 -0.015 0.0064705 -0.0241481 -0.0109694 0.0064705 -0.0241481 -0.01295 0.0038105 -0.0244983 -0.0145605 0.0022 -0.0247104 -0.015 0.000559799 -0.0249263 -0.00635 -2.77567e-10 -0.025 -0.0054 -2.36041e-10 -0.0189 -0.0054 0.0007 -0.0187124 -0.0054 0.0012124 -0.0182 -0.0054 0.0014 -0.0175 -0.0054 0.0012124 -0.0168 -0.0054 0.0007 -0.0162876 -0.0054 -2.36041e-10 -0.0161 -0.0054 -0.0007 -0.0162876 -0.0054 -0.0012124 -0.0168 -0.0054 -0.0014 -0.0175 -0.0054 -0.0012124 -0.0182 -0.0054 -0.0007 -0.0187124 -0.0117835 0.0017901 -0.024 -0.01075 0.002067 -0.024 -0.01075 0.002067 -0.01475 -0.0117835 0.0017901 -0.01475 -0.01295 0.0038105 -0.024 -0.01075 0.0044 -0.024 -0.01075 -4.69897e-10 -0.0135566 -0.0125401 0.0010335 -0.024 -0.0125401 0.0010335 -0.01475 -0.01515 -6.62227e-10 -0.02485 -0.0155 -6.77527e-10 -0.0245 -0.0155 0.0063411 -0.0236652 -0.0145605 0.0022 -0.024 -0.012817 -5.60249e-10 -0.024 -0.012817 -5.60249e-10 -0.01475 -0.01515 -6.62227e-10 -0.024 -0.01295 0.0066893 -0.0233618 -0.01075 0.0061551 -0.0236109 -0.01295 0.0069612 -0.0239449 -0.0089599 0.0010335 -0.024 -0.008683 -3.79546e-10 -0.024 -0.008683 -3.79546e-10 -0.01475 -0.0089599 0.0010335 -0.01475 -0.00635 -2.77567e-10 -0.024 -0.0069395 0.0022 -0.024 -0.0097165 0.0017901 -0.024 -0.0097165 0.0017901 -0.01475 -0.00855 0.0038105 -0.024 -0.00855 0.0066893 -0.0233618 -0.00855 0.0069612 -0.0239449 0.0016 0.0014 -0.0175 0.0016 0.0012124 -0.0168 -2.77178e-10 0.0063411 -0.0236652 0 0 -0.0245 0.0016 0.0012124 -0.0182 0.0016 0.0007 -0.0187124 0.0016 0.0007 -0.0162876 0.0016 6.99382e-11 -0.0189 0.0016 6.99382e-11 -0.0161 0.007775 0.0018828 -0.0093232 0.0084155 0.003547 -0.0096435 0.0094709 0.0030193 -0.0087295 0.0069 0.002 -0.0095263 0.0069 0.00375 -0.0099952 0.006025 0.0018828 -0.0093232 0.0053845 0.003547 -0.0096435 0.0016 0.0008 -0.0161144 0.0016 6.99382e-11 -0.0159 0.0016 -0.0008 -0.0161144 0.0016 -0.0007 -0.0162876 0.0016 -0.0013856 -0.0167 0.0016 -0.0012124 -0.0168 0.0016 -0.0016 -0.0175 0.0016 -0.0014 -0.0175 0.0016 -0.0012124 -0.0182 0.0016 6.99382e-11 -0.0191 0.0016 -0.0008 -0.0188856 0.0016 -0.0007 -0.0187124 0.0016 -0.0013856 -0.0183 0.0016 0.0013856 -0.0167 0.0016 0.0008 -0.0188856 0.0016 0.0013856 -0.0183 0.0016 0.0016 -0.0175 0.0002 0.0015 -0.0200981 0.0002 8.74228e-12 -0.0205 0.0002 0.0025981 -0.019 0.0043291 0.0030193 -0.0087295 -6.55671e-11 0.0015 -0.0200981 0 0 -0.0205 -1.13567e-10 0.0025981 -0.019 -1.31134e-10 0.003 -0.0175 0.0002 0.003 -0.0175 -1.13567e-10 0.0025981 -0.016 0.0002 0.0025981 -0.016 -6.55671e-11 0.0015 -0.0149019 0.0002 0.0015 -0.0149019 0 0 -0.0145 0.0002 8.74228e-12 -0.0145 -0.018 0.0058234 -0.0217333 -0.0159 0.0058234 -0.0217333 -0.0159 -6.95011e-10 -0.0225 -0.018 -7.86805e-10 -0.0225 -0.0157 -6.86269e-10 -0.0225536 -0.0157 0.0058373 -0.0217851 -0.0155536 -6.79869e-10 -0.0227 -0.0155536 0.0058752 -0.0219265 -0.0155 -6.77527e-10 -0.0229 -0.0155 0.005927 -0.0221197 -0.0185 0.0057846 0.0215884 -0.0185 -8.08661e-10 0.02235 -0.0185 -8.08661e-10 0.022 -0.0185 -0.0057846 0.0215884 -0.0185 -0.005694 0.0212504 -0.0185 -0.011175 0.0193557 -0.0185 -0.011 0.0190526 -0.0185 -0.0158038 0.0158038 -0.0185 -0.0155563 0.0155563 -0.0185 -0.0193557 0.011175 -0.0185 -0.0190526 0.011 -0.0185 -0.0215884 0.0057846 -0.0185 -0.0212504 0.005694 -0.0185 -0.022 0 -0.0185 -8.08661e-10 -0.02235 -0.0185 -8.08661e-10 -0.022 -0.0185 -0.0057846 -0.0215884 -0.0185 -0.005694 -0.0212504 -0.0185 -0.011175 -0.0193557 -0.0185 -0.011 -0.0190526 -0.0185 -0.0158038 -0.0158038 -0.0185 -0.0155563 -0.0155563 -0.0185 -0.0193557 -0.011175 -0.0185 -0.0190526 -0.011 -0.0185 -0.0215884 -0.0057846 -0.0185 -0.0212504 -0.005694 -0.0185 -0.02235 0 -0.0185 0.0212504 0.005694 -0.0185 0.0215884 0.0057846 -0.0185 0.0190526 0.011 -0.0185 0.0193557 0.011175 -0.0185 0.0155563 0.0155563 -0.0185 0.0158038 0.0158038 -0.0185 0.011 0.0190526 -0.0185 0.011175 0.0193557 -0.0185 0.005694 0.0212504 -0.0185 0.0057846 -0.0215884 -0.0185 0.005694 -0.0212504 -0.0185 0.011175 -0.0193557 -0.0185 0.011 -0.0190526 -0.0185 0.0158038 -0.0158038 -0.0185 0.0155563 -0.0155563 -0.0185 0.0193557 -0.011175 -0.0185 0.0190526 -0.011 -0.0185 0.0215884 -0.0057846 -0.0185 0.0212504 -0.005694 -0.0185 0.02235 0 -0.0185 0.022 0 -0.0217 0.0057846 -0.0215884 -0.0217 -9.48537e-10 -0.02235 -0.0175995 0.0080625 -0.0139647 -0.017874 0.0081998 -0.0142024 -0.017874 0.0075502 -0.0130774 -0.018249 0.0075 -0.0129904 -0.0175995 0.0076875 -0.0133151 -0.018249 0.00825 -0.0142894 0.0098811 0.00465 -0.008054 0.011 0.00465 -0.008054 -2.03258e-10 0.00465 -0.008054 0.0039189 0.00465 -0.008054 -0.0069395 0.0084506 -0.023328 -0.00635 0.010485 -0.0224853 -0.0069338 0.0125 -0.0216506 -0.000500001 0.0125 -0.0216506 -0.015 0.0099674 -0.0226997 -0.0145605 0.0084506 -0.023328 -0.015 0.0125 -0.0216506 -0.0145662 0.0125 -0.0216506 -0.015 0.0110027 -0.0222708 -0.0054 0.0061834 -0.0151604 -0.0054 0.0059958 -0.0158604 -0.0054 0.0061834 -0.0165604 -0.0054 0.0066958 -0.0170728 -0.0054 0.0073958 -0.0172604 -0.0054 0.0080958 -0.0170728 -0.0054 0.0086082 -0.0165604 -0.0054 0.0087958 -0.0158604 -0.0054 0.0086082 -0.0151604 -0.0054 0.0080958 -0.014648 -0.0054 0.0073958 -0.0144604 -0.0054 0.0066958 -0.014648 -0.0089599 0.0110795 -0.0213146 -0.008683 0.0101428 -0.0217514 -0.008683 0.0062336 -0.013368 -0.0089599 0.0071703 -0.0129313 -0.01075 0.0141306 -0.0198919 -0.00855 0.0135963 -0.020141 -0.01295 0.0135963 -0.020141 -0.0069395 0.0121367 -0.0208216 -0.0145605 0.0121367 -0.0208216 -0.01075 0.0120162 -0.0208778 -0.0117835 0.0117652 -0.0209949 -0.0089599 0.0092062 -0.0221882 -0.00635 0.0101428 -0.0217514 -0.0097165 0.0117652 -0.0209949 -0.012817 0.0101428 -0.0217514 -0.0125401 0.0092062 -0.0221882 -0.01515 0.0101428 -0.0217514 -0.0117835 0.0085205 -0.0225079 -0.0145605 0.008149 -0.0226811 -0.01075 0.0082695 -0.0226249 -0.0069395 0.008149 -0.0226811 -0.0097165 0.0085205 -0.0225079 -0.0125401 0.0110795 -0.0213146 -0.0069395 0.0125172 -0.0216375 -0.01075 0.0057293 -0.0122865 -0.0097165 0.007856 -0.0126115 -0.01075 0.008107 -0.0124945 -0.0117835 0.007856 -0.0126115 -0.0125401 0.0071703 -0.0129313 -0.012817 0.0062336 -0.013368 -0.01515 0.0104221 -0.0223503 -0.0145605 0.0125172 -0.0216375 -0.0155 0.01225 -0.0212176 -0.0125401 0.005297 -0.0138048 -0.0117835 0.0046113 -0.0141246 -0.01075 0.0043603 -0.0142416 -0.0097165 0.0046113 -0.0141246 -0.0089599 0.005297 -0.0138048 0.0016 0.0073958 -0.0144604 0.0016 0.0066958 -0.014648 0.0016 0.0061834 -0.0151604 -5.35465e-10 0.01225 -0.0212176 0.00865 0.0052655 -0.0091202 0.0069 0.0055 -0.0095263 0.00515 0.0052655 -0.0091202 0.0016 0.0081958 -0.0144748 0.0016 0.0073958 -0.0142604 0.0016 0.0065958 -0.0144748 0.0016 0.0060102 -0.0150604 0.0016 0.0057958 -0.0158604 0.0016 0.0059958 -0.0158604 0.0016 0.0061834 -0.0165604 0.0016 0.0073958 -0.0174604 0.0016 0.0073958 -0.0172604 0.0016 0.0065958 -0.017246 0.0016 0.0066958 -0.0170728 0.0016 0.0060102 -0.0166604 0.0016 0.0080958 -0.014648 0.0016 0.0086082 -0.0151604 0.0016 0.0087814 -0.0150604 0.0016 0.0081958 -0.017246 0.0016 0.0080958 -0.0170728 0.0016 0.0087814 -0.0166604 0.0016 0.0086082 -0.0165604 0.0016 0.0089958 -0.0158604 0.0016 0.0087958 -0.0158604 -3.88848e-10 0.0088958 -0.0184585 0.0002 0.0088958 -0.0184585 0.0002 0.0073958 -0.0188604 -3.23281e-10 0.0073958 -0.0188604 -4.36847e-10 0.0099939 -0.0173604 0.0002 0.0099939 -0.0173604 -4.54415e-10 0.0103958 -0.0158604 0.0002 0.0103958 -0.0158604 0.0002 0.0099939 -0.0143604 0.0002 0.0088958 -0.0132623 -2.57714e-10 0.0058958 -0.0184585 0.0002 0.0058958 -0.0184585 0.0002 0.0043958 -0.0158604 0.0002 0.0047977 -0.0173604 0.0002 0.0073958 -0.0128604 -3.88848e-10 0.0088958 -0.0132623 -3.23281e-10 0.0073958 -0.0128604 -2.57714e-10 0.0058958 -0.0132623 0.0002 0.0058958 -0.0132623 -2.09714e-10 0.0047977 -0.0143604 0.0002 0.0047977 -0.0143604 -1.92147e-10 0.0043958 -0.0158604 -2.09714e-10 0.0047977 -0.0173604 -0.018 0.01125 -0.0194856 -0.0159 0.01125 -0.0194856 -0.0157 0.0112768 -0.019532 -0.0155536 0.01135 -0.0196588 -0.0155 0.01145 -0.019832 -0.0217 0.011175 -0.0193557 -0.0175995 0.0114021 -0.0114021 -0.017874 0.0115962 -0.0115962 -0.017874 0.0106777 -0.0106777 -0.018249 0.0106066 -0.0106066 -0.0175995 0.0108718 -0.0108718 -0.018249 0.0116673 -0.0116673 -0.0279935 0.0141421 -0.0156421 -0.0217 0.0141421 -0.0156421 -0.0217 0.0133921 -0.0154411 -0.0279935 0.0133921 -0.0154411 -0.0217 0.0128431 -0.0148921 -0.0279935 0.0128431 -0.0148921 -0.0217 0.0126421 -0.0141421 -0.0279935 0.0126421 -0.0141421 -0.0217 0.0128431 -0.0133921 -0.0279935 0.0128431 -0.0133921 -0.0217 0.0133921 -0.0128431 -0.0279935 0.0133921 -0.0128431 -0.0279935 0.0154411 -0.0148921 -0.0217 0.0154411 -0.0148921 -0.0217 0.0148921 -0.0154411 -0.0279935 0.0148921 -0.0154411 -0.0283 0.0151757 -0.0147388 -0.0283 0.0147388 -0.0151757 -0.0283 0.0141421 -0.0153356 -0.0283 0.0135454 -0.0151757 -0.0283 0.0131085 -0.0147388 -0.0283 0.0129486 -0.0141421 -0.0283 0.0131085 -0.0135454 -0.0283 0.0135454 -0.0131085 -0.0283 0.0141421 -0.0129486 -0.0283 0.0147388 -0.0131085 -0.0283 0.0151757 -0.0135454 -0.0283 0.0153356 -0.0141421 0.0094709 0.0060503 -0.0069795 0.0086599 0.0065761 -0.0065761 0.011 0.0065761 -0.0065761 -2.8745e-10 0.0065761 -0.0065761 0.0051401 0.0065761 -0.0065761 0.0043291 0.0060503 -0.0069795 -0.015 0.0176777 -0.0176777 -0.000500001 0.0176777 -0.0176777 -0.01075 0.0143049 -0.0202657 -0.01295 0.0138259 -0.0206333 -0.00855 0.0138259 -0.0206333 -0.0185 0.0141421 -0.0158921 -0.003301 0.0141421 -0.0158921 -0.003301 0.0150171 -0.0156576 -0.0185 0.0150171 -0.0156576 -0.0155 0.0173241 -0.0173241 -0.003301 0.0141421 -0.0156421 -0.0185 0.0141421 -0.0156421 -0.0185 0.0148921 -0.0154411 -0.003301 0.0148921 -0.0154411 -0.0033 0.0141421 -0.0171421 -6.18171e-10 0.0141421 -0.0171421 -6.83738e-10 0.0156421 -0.0167402 -0.0033 0.0156421 -0.0167402 -7.5726e-10 0.0173241 -0.0173241 -0.0033 0.0155171 -0.0165237 -0.000300001 0.0155171 -0.0165237 -0.000300001 0.0141421 -0.0168921 -0.0033 0.0141421 -0.0168921 -0.000300001 0.0141421 -0.0155855 -0.000300001 0.0153921 -0.0148638 -0.0016 0.0153921 -0.0148638 -0.0016 0.0141421 -0.0155855 -0.003301 0.0156576 -0.0150171 -0.0185 0.0156576 -0.0150171 -0.0185 0.0154411 -0.0148921 -0.003301 0.0154411 -0.0148921 -7.31737e-10 0.0167402 -0.0156421 -0.0033 0.0167402 -0.0156421 -0.000300001 0.0165237 -0.0155171 -0.0033 0.0165237 -0.0155171 -0.0033 0.0156421 -0.011544 -0.0033 0.0141421 -0.0111421 -0.0033 0.0141421 -0.0113921 -0.0033 0.0126421 -0.011544 -0.0033 0.0127671 -0.0117605 -0.0033 0.011544 -0.0126421 -0.0033 0.0117605 -0.0127671 -0.0033 0.0111421 -0.0141421 -0.0033 0.0113921 -0.0141421 -0.0033 0.0117605 -0.0155171 -0.0033 0.0126421 -0.0167402 -0.0033 0.0127671 -0.0165237 -0.0033 0.011544 -0.0156421 -0.0033 0.0155171 -0.0117605 -0.0033 0.0165237 -0.0127671 -0.0033 0.0167402 -0.0126421 -0.0033 0.0171421 -0.0141421 -0.0033 0.0168921 -0.0141421 -0.0185 0.0132671 -0.0126266 -0.003301 0.0132671 -0.0126266 -0.003301 0.0126266 -0.0132671 -0.0185 0.0126266 -0.0132671 -0.003301 0.0150171 -0.0126266 -0.003301 0.0156576 -0.0132671 -0.003301 0.0148921 -0.0128431 -0.003301 0.0141421 -0.0126421 -0.003301 0.0141421 -0.0123921 -0.003301 0.0156421 -0.0141421 -0.003301 0.0158921 -0.0141421 -0.003301 0.0154411 -0.0133921 -0.003301 0.0133921 -0.0128431 -0.003301 0.0128431 -0.0133921 -0.003301 0.0126421 -0.0141421 -0.003301 0.0123921 -0.0141421 -0.003301 0.0128431 -0.0148921 -0.003301 0.0126266 -0.0150171 -0.003301 0.0133921 -0.0154411 -0.003301 0.0132671 -0.0156576 -0.0185 0.0128431 -0.0133921 -0.0185 0.0133921 -0.0128431 -5.52604e-10 0.0126421 -0.011544 -5.04604e-10 0.011544 -0.0126421 -0.000300001 0.0127671 -0.0165237 -0.000300001 0.0117605 -0.0155171 -0.000300001 0.0128921 -0.0148638 -0.000300001 0.0113921 -0.0141421 -0.000300001 0.0128921 -0.0134204 -0.000300001 0.0117605 -0.0127671 -0.000300001 0.0141421 -0.0126987 -0.000300001 0.0127671 -0.0117605 -0.000300001 0.0155171 -0.0117605 -0.000300001 0.0141421 -0.0113921 -0.000300001 0.0168921 -0.0141421 -0.000300001 0.0153921 -0.0134204 -0.000300001 0.0165237 -0.0127671 -0.0016 0.0128921 -0.0134204 -0.0016 0.0128921 -0.0148638 -0.0016 0.0153921 -0.0134204 -0.0016 0.0141421 -0.0126987 -0.0185 0.0123921 -0.0141421 -0.0185 0.0126421 -0.0141421 -4.87037e-10 0.0111421 -0.0141421 -0.0185 0.0126266 -0.0150171 -0.0185 0.0128431 -0.0148921 -5.04604e-10 0.011544 -0.0156421 -0.0185 0.0132671 -0.0156576 -0.0185 0.0133921 -0.0154411 -5.52604e-10 0.0126421 -0.0167402 0.0084155 0.006578 -0.0078935 0.007775 0.0071328 -0.0062921 0.0080659 0.0069873 -0.0060402 0.0069 0.0067811 -0.0082452 0.0069 0.00725 -0.0064952 0.0053845 0.006578 -0.0078935 0.006025 0.0071328 -0.0062921 0.0057341 0.0069873 -0.0060402 -4.36847e-10 0.0099939 -0.0143604 -0.018 0.0159099 -0.0159099 -0.0159 0.0159099 -0.0159099 -0.0157 0.0159478 -0.0159478 -0.0155536 0.0160513 -0.0160513 -0.0155 0.0161927 -0.0161927 -0.0185 0.0141421 -0.0126421 -0.0185 0.0150171 -0.0126266 -0.0185 0.0141421 -0.0123921 -0.0185 0.0148921 -0.0128431 -0.0185 0.0154411 -0.0133921 -0.0185 0.0156576 -0.0132671 -0.0185 0.0156421 -0.0141421 -0.0185 0.0158921 -0.0141421 -0.0217 0.0158038 -0.0158038 -0.017874 0.0142024 -0.0081998 -0.0175995 0.0139647 -0.0080625 -0.017874 0.0130774 -0.0075502 -0.018249 0.0129904 -0.0075 -0.0175995 0.0133151 -0.0076875 -0.018249 0.0142894 -0.00825 -0.0217 0.0141421 -0.0126421 -0.0279935 0.0141421 -0.0126421 -0.0217 0.0148921 -0.0128431 -0.0279935 0.0148921 -0.0128431 -0.0217 0.0154411 -0.0133921 -0.0279935 0.0154411 -0.0133921 -0.0217 0.0156421 -0.0141421 -0.0279935 0.0156421 -0.0141421 -3.52052e-10 0.008054 -0.00465 0.011 0.008054 -0.00465 0.0075823 0.0070553 -0.0059515 0.0069 0.0070916 -0.0059042 0.0062177 0.0070553 -0.0059515 -0.015 0.02 -0.0146511 -0.000500001 0.02 -0.0146511 -0.0155 0.02 -0.0138368 -8.74228e-10 0.02 -0.0138368 -7.49305e-10 0.0171421 -0.0141421 -0.005 0.0160375 -0.0132295 -0.0043853 0.0160375 -0.0130648 -0.0043853 0.02 -0.0130648 -0.005 0.02 -0.0132295 -0.0039352 0.0160375 -0.0126147 -0.0039352 0.02 -0.0126147 -0.0037705 0.0160375 -0.012 -0.0037705 0.02 -0.012 -0.005 0.0152987 -0.012 -0.0060648 0.0160375 -0.0126147 -0.0060648 0.02 -0.0126147 -0.0062295 0.02 -0.012 -0.0062295 0.0160375 -0.012 -0.0056147 0.0160375 -0.0130648 -0.0056147 0.02 -0.0130648 -0.0056147 0.02 -0.0109352 -0.0056147 0.0160375 -0.0109352 -0.0060648 0.0160375 -0.0113853 -0.0060648 0.02 -0.0113853 -0.0039352 0.0160375 -0.0113853 -0.0039352 0.02 -0.0113853 -0.0043853 0.0160375 -0.0109352 -0.0043853 0.02 -0.0109352 -7.31737e-10 0.0167402 -0.0126421 -0.005 0.02 -0.0107705 -0.005 0.0160375 -0.0107705 -6.83738e-10 0.0156421 -0.011544 -6.18171e-10 0.0141421 -0.0111421 -0.018 0.0194856 -0.01125 -0.0159 0.0194856 -0.01125 -0.0157 0.019532 -0.0112768 -0.0155536 0.0196588 -0.01135 -0.0155 0.019832 -0.01145 -0.0217 0.0193557 -0.011175 -0.017874 0.0158407 -0.0042445 -0.0175995 0.0155756 -0.0041735 -0.017874 0.0145859 -0.0039083 -0.018249 0.0144889 -0.0038823 -0.0175995 0.0148511 -0.0039793 -0.018249 0.0159378 -0.0042705 -3.92664e-10 0.0089831 -0.002407 0.011 0.0089831 -0.002407 -0.015 0.0228933 -0.0095 -0.015 0.024 -0.0068281 -0.0075 0.024 -0.0068281 -0.0075 0.0238 -0.007311 -0.000500001 0.0238 -0.007311 -0.000500001 0.0228933 -0.0095 -0.012 0.0158266 -0.0038281 -0.012 0.0151218 -0.0049134 -0.012 0.0150541 -0.0062057 -0.012 0.0156416 -0.0073587 -0.012 0.0167269 -0.0080636 -0.012 0.0180192 -0.0081313 -0.012 0.0191723 -0.0075438 -0.012 0.0198771 -0.0064585 -0.012 0.0199448 -0.0051661 -0.012 0.0193573 -0.0040131 -0.012 0.018272 -0.0033083 -0.012 0.0169797 -0.0032405 -6.60995e-10 0.0151218 -0.0049134 -6.58036e-10 0.0150541 -0.0062057 -6.83716e-10 0.0156416 -0.0073587 -7.31156e-10 0.0167269 -0.0080636 -6.91803e-10 0.0158266 -0.0038281 -8.68856e-10 0.0198771 -0.0064585 -8.71815e-10 0.0199448 -0.0051661 -0.0075 0.024 0.0068281 -0.0151534 0.024 -0.0064308 -0.0155 0.024 -0.0037979 -0.0155 0.024 0.0037979 -0.0151534 0.024 0.0064308 -0.015 0.024 0.0068281 -0.0075 0.0238 0.007311 -0.000500001 0.0238 0.007311 -0.000139601 0.0238 0.0063772 -1.04033e-09 0.0238 0.005317 -1.04033e-09 0.0238 -0.005317 -0.000139601 0.0238 -0.0063772 -7.87644e-10 0.0180192 -0.0081313 -8.91712e-10 0.0204 -0.0095 -0.015577 0.0204 -0.0095 -0.0155536 0.0204251 -0.0095 -0.0155 0.0206397 -0.0095 -0.0155 0.0223567 -0.0095 -9.77242e-10 0.0223567 -0.0095 -1.03444e-09 0.0236652 -0.0063411 -8.8297e-10 0.0202 -0.0095536 -0.0158591 0.0202 -0.0095536 -0.0157 0.0202515 -0.0095398 -0.0159 0.02 -0.0100081 -0.018 0.02 -0.0100081 -0.0180417 0.02 -0.0099 -8.74228e-10 0.02 -0.0099 -0.0157 0.02 -0.0101469 -0.0155 0.02 -0.0110444 -0.0155536 0.02 -0.0105262 -0.0159 0.0201799 -0.0095737 -0.018069 0.0200536 -0.0097 -0.018 0.0201799 -0.0095737 -8.76571e-10 0.0200536 -0.0097 -8.38048e-10 0.0191723 -0.0075438 -0.0155 0.0236652 -0.0063411 -0.018 0.0217333 -0.0058234 -0.0159 0.0217333 -0.0058234 -0.0157 0.0217851 -0.0058373 -0.0155536 0.0219265 -0.0058752 -0.0155 0.0221197 -0.005927 -0.0217 0.0215884 -0.0057846 -0.017874 0.0163995 0 -0.0175995 0.016125 0 -0.017874 0.0151005 0 -0.018249 0.015 0 -0.0175995 0.015375 0 -0.018249 0.0165 0 -0.0217 0.01851 0 -0.0185 0.01851 0 -0.0185 0.0187096 -0.000745 -0.0217 0.0187096 -0.000745 -0.0185 0.019255 -0.0012904 -0.0217 0.019255 -0.0012904 -0.0185 0.02 -0.00149 -0.0217 0.02 -0.00149 -0.0185 0.020745 -0.0012904 -0.0217 0.020745 -0.0012904 -4.06516e-10 0.0093 0 0.011 0.0093 0 -7.98694e-10 0.018272 -0.0033083 -7.42206e-10 0.0169797 -0.0032405 -8.17823e-10 0.0187096 -0.000745 -8.09098e-10 0.01851 0 -8.41663e-10 0.019255 -0.0012904 -9.06793e-10 0.020745 -0.0012904 -8.74228e-10 0.02 -0.00149 -9.30633e-10 0.0212904 -0.000745 -0.0185 0.0212904 -0.000745 -9.39358e-10 0.02149 0 -0.0185 0.02149 0 -8.46134e-10 0.0193573 -0.0040131 -0.018 0.0225 0 -0.0159 0.0225 0 -0.0157 0.0225536 0 -0.0155536 0.0227 0 -0.0155 0.0229 0 -0.0217 0.02235 0 -0.0217 0.0212904 -0.000745 -0.0217 0.02149 0 -0.0175995 0.0155756 0.0041735 -0.017874 0.0158407 0.0042445 -0.017874 0.0145859 0.0039083 -0.018249 0.0144889 0.0038823 -0.0175995 0.0148511 0.0039793 -0.018249 0.0159378 0.0042705 -0.0185 0.019255 0.0012904 -0.0217 0.019255 0.0012904 -0.0217 0.02 0.00149 -0.0185 0.02 0.00149 -0.0185 0.0187096 0.000745 -0.0217 0.0187096 0.000745 -0.0217 0.020745 0.0012904 -0.0185 0.020745 0.0012904 -3.92664e-10 0.0089831 0.002407 0.011 0.0089831 0.002407 -8.41663e-10 0.019255 0.0012904 -8.74228e-10 0.02 0.00149 -8.17823e-10 0.0187096 0.000745 -9.30633e-10 0.0212904 0.000745 -0.0185 0.0212904 0.000745 -0.0155 0.0236652 0.0063411 -1.03444e-09 0.0236652 0.0063411 -9.06793e-10 0.020745 0.0012904 -0.018 0.0217333 0.0058234 -0.0159 0.0217333 0.0058234 -0.0157 0.0217851 0.0058373 -0.0155536 0.0219265 0.0058752 -0.0155 0.0221197 0.005927 -0.0217 0.0215884 0.0057846 -0.0217 0.0212904 0.000745 -0.0175995 0.0139647 0.0080625 -0.017874 0.0142024 0.0081998 -0.017874 0.0130774 0.0075502 -0.018249 0.0129904 0.0075 -0.0175995 0.0133151 0.0076875 -0.018249 0.0142894 0.00825 -0.0155 0.0206397 0.0095 -0.0155 0.0223567 0.0095 -0.0155 -0.019832 0.01145 -0.0155 -0.0221197 0.005927 -0.0155 -0.0236652 0.0063411 -0.0155 -0.0229 0 -0.0155 -0.0245 0 -0.0155 -0.0221197 -0.005927 -0.0155 -0.0236652 -0.0063411 -0.0155 -0.019832 -0.01145 -0.0155 -0.0212176 -0.01225 -0.0155 -0.0161927 -0.0161927 -0.0155 -0.0173241 -0.0173241 -0.0155 -0.01145 -0.019832 -0.0155 -0.01225 -0.0212176 -0.0155 -0.005927 -0.0221197 -0.0155 -0.0063411 -0.0236652 -0.0155 0.0063411 0.0236652 -0.0155 0.01225 0.0212176 -0.0155 0.005927 0.0221197 -0.0155 -6.77527e-10 0.0229 -0.0155 -0.0063411 0.0236652 -0.0155 -6.77527e-10 0.0245 -0.0155 0.02 0.0110444 -0.0155 0.019832 0.01145 -0.0155 0.02 0.0138368 -0.0155 0.0161927 0.0161927 -0.0155 0.0173241 0.0173241 -0.0155 0.01145 0.019832 -0.0155 -0.0212176 0.01225 -0.0155 -0.0161927 0.0161927 -0.0155 -0.0173241 0.0173241 -0.0155 -0.01145 0.019832 -0.0155 -0.01225 0.0212176 -0.0155 -0.005927 0.0221197 -3.52052e-10 0.008054 0.00465 0.011 0.008054 0.00465 -0.015 0.0228933 0.0095 -0.000500001 0.0228933 0.0095 -0.0180417 0.02 0.0099 -8.74228e-10 0.02 0.0099 -8.76571e-10 0.0200536 0.0097 -0.018069 0.0200536 0.0097 -0.0043853 0.02 0.0109352 -0.0043853 0.0160375 0.0109352 -0.0039352 0.0160375 0.0113853 -0.0039352 0.02 0.0113853 -0.0060648 0.02 0.0113853 -0.0060648 0.0160375 0.0113853 -0.0056147 0.0160375 0.0109352 -0.0056147 0.02 0.0109352 -8.8297e-10 0.0202 0.0095536 -0.0158591 0.0202 0.0095536 -0.0159 0.0201799 0.0095737 -0.018 0.0201799 0.0095737 -8.91712e-10 0.0204 0.0095 -0.015577 0.0204 0.0095 -0.0157 0.0202515 0.0095398 -9.77242e-10 0.0223567 0.0095 -0.0155536 0.0204251 0.0095 -0.018 0.02 0.0100081 -0.018 0.0194856 0.01125 -0.0159 0.0194856 0.01125 -0.0159 0.02 0.0100081 -0.0157 0.019532 0.0112768 -0.0157 0.02 0.0101469 -0.0155536 0.02 0.0105262 -0.0155536 0.0196588 0.01135 -0.0217 0.0193557 0.011175 -0.0175995 0.0114021 0.0114021 -0.017874 0.0115962 0.0115962 -0.017874 0.0106777 0.0106777 -0.018249 0.0106066 0.0106066 -0.0175995 0.0108718 0.0108718 -0.018249 0.0116673 0.0116673 -0.0279935 0.0141421 0.0126421 -0.0217 0.0141421 0.0126421 -0.0217 0.0133921 0.0128431 -0.0279935 0.0133921 0.0128431 -0.0279935 0.0128431 0.0133921 -0.0217 0.0128431 0.0133921 -0.0217 0.0154411 0.0148921 -0.0279935 0.0154411 0.0148921 -0.0279935 0.0148921 0.0154411 -0.0217 0.0148921 0.0154411 -0.0217 0.0156421 0.0141421 -0.0279935 0.0156421 0.0141421 -0.0217 0.0154411 0.0133921 -0.0279935 0.0154411 0.0133921 -0.0217 0.0148921 0.0128431 -0.0279935 0.0148921 0.0128431 -0.0283 0.0147388 0.0151757 -0.0283 0.0151757 0.0147388 -0.0283 0.0153356 0.0141421 -0.0283 0.0151757 0.0135454 -0.0283 0.0147388 0.0131085 -0.0283 0.0141421 0.0129486 -0.0283 0.0135454 0.0131085 -0.0283 0.0131085 0.0135454 -0.0283 0.0129486 0.0141421 -0.0283 0.0131085 0.0147388 -0.0283 0.0135454 0.0151757 -0.0283 0.0141421 0.0153356 -2.8745e-10 0.0065761 0.0065761 0.0051401 0.0065761 0.0065761 0.0057341 0.0069873 0.0060402 0.0062177 0.0070553 0.0059515 0.0069 0.0070916 0.0059042 0.0075823 0.0070553 0.0059515 0.011 0.0065761 0.0065761 0.0080659 0.0069873 0.0060402 0.0086599 0.0065761 0.0065761 -0.015 0.0176777 0.0176777 -0.000500001 0.0176777 0.0176777 -0.000500001 0.02 0.0146511 -0.015 0.02 0.0146511 -0.0185 0.0141421 0.0123921 -0.003301 0.0141421 0.0123921 -0.003301 0.0150171 0.0126266 -0.0185 0.0150171 0.0126266 -0.005 0.0160375 0.0107705 -0.005 0.02 0.0107705 -0.005 0.0152987 0.012 -0.0037705 0.0160375 0.012 -0.0062295 0.0160375 0.012 -0.0056147 0.0160375 0.0130648 -0.005 0.0160375 0.0132295 -0.0060648 0.0160375 0.0126147 -0.0039352 0.0160375 0.0126147 -0.0043853 0.0160375 0.0130648 -0.0185 0.0148921 0.0128431 -0.003301 0.0148921 0.0128431 -0.003301 0.0141421 0.0126421 -0.0185 0.0141421 0.0126421 -0.0033 0.0156421 0.011544 -0.0033 0.0141421 0.0111421 -6.18171e-10 0.0141421 0.0111421 -6.83738e-10 0.0156421 0.011544 -0.0033 0.0155171 0.0117605 -0.000300001 0.0155171 0.0117605 -0.000300001 0.0141421 0.0113921 -0.0033 0.0141421 0.0113921 -0.0016 0.0153921 0.0134204 -0.0016 0.0141421 0.0126987 -0.000300001 0.0141421 0.0126987 -0.000300001 0.0153921 0.0134204 -0.003301 0.0156576 0.0132671 -0.0185 0.0156576 0.0132671 -0.0037705 0.02 0.012 -0.0062295 0.02 0.012 -0.0060648 0.02 0.0126147 -0.0056147 0.02 0.0130648 -0.0039352 0.02 0.0126147 -0.0043853 0.02 0.0130648 -0.0185 0.0154411 0.0133921 -0.003301 0.0154411 0.0133921 -7.31737e-10 0.0167402 0.0126421 -0.0033 0.0167402 0.0126421 -0.0033 0.0165237 0.0127671 -0.000300001 0.0165237 0.0127671 -0.003301 0.0158921 0.0141421 -0.0185 0.0158921 0.0141421 -0.005 0.02 0.0132295 -8.74228e-10 0.02 0.0138368 -0.0185 0.0156421 0.0141421 -0.003301 0.0156421 0.0141421 -7.49305e-10 0.0171421 0.0141421 -0.0033 0.0171421 0.0141421 -7.5726e-10 0.0173241 0.0173241 -0.0033 0.0168921 0.0141421 -0.000300001 0.0168921 0.0141421 -0.0016 0.0153921 0.0148638 -0.000300001 0.0153921 0.0148638 -0.003301 0.0156576 0.0150171 -0.0185 0.0156576 0.0150171 -0.0185 0.0154411 0.0148921 -0.003301 0.0154411 0.0148921 -7.31737e-10 0.0167402 0.0156421 -0.0033 0.0167402 0.0156421 -0.0033 0.0165237 0.0155171 -0.000300001 0.0165237 0.0155171 -0.0185 0.0150171 0.0156576 -0.003301 0.0150171 0.0156576 -0.003301 0.0148921 0.0154411 -0.0185 0.0148921 0.0154411 -0.0033 0.0156421 0.0167402 -6.83738e-10 0.0156421 0.0167402 -0.0033 0.0155171 0.0165237 -0.000300001 0.0155171 0.0165237 -0.0016 0.0141421 0.0155855 -0.000300001 0.0141421 0.0155855 -0.0033 0.0141421 0.0171421 -0.0033 0.0141421 0.0168921 -0.0033 0.0126421 0.0167402 -0.0033 0.0127671 0.0165237 -0.0033 0.011544 0.0156421 -0.0033 0.0117605 0.0155171 -0.0033 0.0111421 0.0141421 -0.0033 0.0113921 0.0141421 -0.0033 0.0117605 0.0127671 -0.0033 0.0126421 0.011544 -0.0033 0.0127671 0.0117605 -0.0033 0.011544 0.0126421 -0.003301 0.0132671 0.0126266 -0.0185 0.0132671 0.0126266 -0.0185 0.0126266 0.0132671 -0.003301 0.0126266 0.0132671 -0.003301 0.0141421 0.0156421 -0.003301 0.0132671 0.0156576 -0.003301 0.0141421 0.0158921 -0.003301 0.0133921 0.0154411 -0.003301 0.0128431 0.0148921 -0.003301 0.0126266 0.0150171 -0.003301 0.0126421 0.0141421 -0.003301 0.0123921 0.0141421 -0.003301 0.0128431 0.0133921 -0.003301 0.0133921 0.0128431 -0.0185 0.0133921 0.0128431 -0.0185 0.0128431 0.0133921 -5.04604e-10 0.011544 0.0126421 -5.52604e-10 0.0126421 0.011544 -0.000300001 0.0127671 0.0117605 -0.000300001 0.0117605 0.0127671 -0.000300001 0.0128921 0.0134204 -0.000300001 0.0113921 0.0141421 -0.000300001 0.0128921 0.0148638 -0.000300001 0.0117605 0.0155171 -0.000300001 0.0127671 0.0165237 -0.000300001 0.0141421 0.0168921 -0.0016 0.0128921 0.0148638 -0.0016 0.0128921 0.0134204 0.007775 0.0071328 0.0062921 0.0084155 0.006578 0.0078935 0.0094709 0.0060503 0.0069795 0.0069 0.00725 0.0064952 0.0069 0.0067811 0.0082452 0.006025 0.0071328 0.0062921 0.0053845 0.006578 0.0078935 0.0043291 0.0060503 0.0069795 -0.018 0.0159099 0.0159099 -0.0159 0.0159099 0.0159099 -0.0157 0.0159478 0.0159478 -0.0155536 0.0160513 0.0160513 -0.0185 0.0132671 0.0156576 -0.0185 0.0126266 0.0150171 -0.0185 0.0133921 0.0154411 -0.0185 0.0141421 0.0156421 -0.0185 0.0141421 0.0158921 -0.0185 0.0126421 0.0141421 -0.0185 0.0123921 0.0141421 -0.0185 0.0128431 0.0148921 -0.0217 0.0158038 0.0158038 -0.017874 0.0081998 0.0142024 -0.0175995 0.0080625 0.0139647 -0.017874 0.0075502 0.0130774 -0.018249 0.0075 0.0129904 -0.0175995 0.0076875 0.0133151 -0.018249 0.00825 0.0142894 -0.0217 0.0126421 0.0141421 -0.0279935 0.0126421 0.0141421 -0.0217 0.0128431 0.0148921 -0.0279935 0.0128431 0.0148921 -0.0217 0.0133921 0.0154411 -0.0279935 0.0133921 0.0154411 -0.0217 0.0141421 0.0156421 -0.0279935 0.0141421 0.0156421 0.0098811 0.00465 0.008054 0.011 0.00465 0.008054 -2.03258e-10 0.00465 0.008054 0.0039189 0.00465 0.008054 -0.01075 0.0143049 0.0202657 -0.00855 0.0138259 0.0206333 -0.0069395 0.0125172 0.0216375 -0.0069338 0.0125 0.0216506 -0.000500001 0.0125 0.0216506 -0.015 0.0125 0.0216506 -0.0145605 0.0125172 0.0216375 -0.01295 0.0138259 0.0206333 -0.0145662 0.0125 0.0216506 -5.35465e-10 0.01225 0.0212176 -0.01075 0.0141306 0.0198919 -0.01295 0.0135963 0.020141 -0.00855 0.0135963 0.020141 -6.18171e-10 0.0141421 0.0171421 -0.01515 0.0101428 0.0217514 -0.0145605 0.0121367 0.0208216 -0.015 0.0110027 0.0222708 -0.01515 0.0104221 0.0223503 -0.0117835 0.0117652 0.0209949 -0.0117835 0.007856 0.0126115 -0.01075 0.008107 0.0124945 -0.01075 0.0120162 0.0208778 -0.0097165 0.007856 0.0126115 -0.0097165 0.0117652 0.0209949 -0.0069395 0.0121367 0.0208216 -0.00635 0.0101428 0.0217514 -0.00635 0.010485 0.0224853 -5.52604e-10 0.0126421 0.0167402 -0.0125401 0.0110795 0.0213146 -0.0125401 0.0071703 0.0129313 -0.0089599 0.0071703 0.0129313 -0.0089599 0.0110795 0.0213146 -5.04604e-10 0.011544 0.0156421 -4.87037e-10 0.0111421 0.0141421 -0.01075 0.0057293 0.0122865 0.00865 0.0052655 0.0091202 0.0069 0.0055 0.0095263 0.00515 0.0052655 0.0091202 0.0016 0.0087814 0.0150604 0.0016 0.0081958 0.0144748 0.0002 0.0088958 0.0132623 0.0002 0.0099939 0.0143604 0.0002 0.0103958 0.0158604 0.0016 0.0089958 0.0158604 0.0002 0.0099939 0.0173604 -4.54415e-10 0.0103958 0.0158604 -4.36847e-10 0.0099939 0.0173604 0.0016 0.0087814 0.0166604 0.0002 0.0073958 0.0128604 -3.23281e-10 0.0073958 0.0128604 -3.88848e-10 0.0088958 0.0132623 -4.36847e-10 0.0099939 0.0143604 0.0016 0.0073958 0.0142604 -0.018 0.01125 0.0194856 -0.0159 0.01125 0.0194856 -0.0157 0.0112768 0.019532 -0.0155536 0.01135 0.0196588 -0.0217 0.011175 0.0193557 -0.017874 0.0042445 0.0158407 -0.0175995 0.0041735 0.0155756 -0.017874 0.0039083 0.0145859 -0.018249 0.0038823 0.0144889 -0.0175995 0.0039793 0.0148511 -0.018249 0.0042705 0.0159378 0.0094709 0.0030193 0.0087295 0.0086599 0.002407 0.0089831 0.011 0.002407 0.0089831 -1.05213e-10 0.002407 0.0089831 0.0051401 0.002407 0.0089831 0.0043291 0.0030193 0.0087295 -0.015 0.0064705 0.0241481 -0.0109694 0.0064705 0.0241481 -0.01295 0.0069612 0.0239449 -0.0145605 0.0084506 0.023328 -0.015 0.0099674 0.0226997 -0.0069395 0.0084506 0.023328 -0.00855 0.0069612 0.0239449 -0.0005 0.0064705 0.0241481 -0.0105306 0.0064705 0.0241481 -0.0054 0.0061834 0.0165604 -0.0054 0.0059958 0.0158604 -0.0054 0.0061834 0.0151604 -0.0054 0.0066958 0.014648 -0.0054 0.0073958 0.0144604 -0.0054 0.0080958 0.014648 -0.0054 0.0086082 0.0151604 -0.0054 0.0087958 0.0158604 -0.0054 0.0086082 0.0165604 -0.0054 0.0080958 0.0170728 -0.0054 0.0073958 0.0172604 -0.0054 0.0066958 0.0170728 -0.008683 0.0101428 0.0217514 -0.008683 0.0062336 0.013368 -0.0089599 0.005297 0.0138048 -0.0089599 0.0092062 0.0221882 -0.0125401 0.0092062 0.0221882 -0.012817 0.0101428 0.0217514 -0.0097165 0.0085205 0.0225079 -0.0069395 0.008149 0.0226811 -0.01075 0.0082695 0.0226249 -0.0145605 0.008149 0.0226811 -0.0117835 0.0085205 0.0225079 -0.01295 0.0066893 0.0233618 -0.01075 0.0061551 0.0236109 -0.00855 0.0066893 0.0233618 -0.0097165 0.0046113 0.0141246 -0.01075 0.0043603 0.0142416 -0.01075 0.0064094 0.0241562 -0.0117835 0.0046113 0.0141246 -0.0125401 0.005297 0.0138048 -0.012817 0.0062336 0.013368 -2.77178e-10 0.0063411 0.0236652 0.0016 0.0066958 0.014648 0.0016 0.0073958 0.0144604 0.0016 0.0061834 0.0151604 0.0084155 0.003547 0.0096435 0.007775 0.0018828 0.0093232 0.0080659 0.0017373 0.0090713 0.0069 0.00375 0.0099952 0.0069 0.002 0.0095263 0.0053845 0.003547 0.0096435 0.006025 0.0018828 0.0093232 0.0016 0.0081958 0.017246 0.0016 0.0073958 0.0174604 0.0016 0.0073958 0.0172604 0.0016 0.0065958 0.017246 0.0016 0.0066958 0.0170728 0.0016 0.0060102 0.0166604 0.0016 0.0061834 0.0165604 0.0016 0.0057958 0.0158604 0.0016 0.0059958 0.0158604 0.0016 0.0065958 0.0144748 0.0016 0.0060102 0.0150604 0.0016 0.0080958 0.0170728 0.0016 0.0086082 0.0165604 0.0016 0.0080958 0.014648 0.0016 0.0086082 0.0151604 0.0016 0.0087958 0.0158604 -3.88848e-10 0.0088958 0.0184585 0.0002 0.0088958 0.0184585 -3.23281e-10 0.0073958 0.0188604 0.0002 0.0073958 0.0188604 0.0002 0.0058958 0.0184585 -2.57714e-10 0.0058958 0.0184585 0.0002 0.0047977 0.0173604 0.0002 0.0043958 0.0158604 0.0057341 0.0017373 0.0090713 -2.09714e-10 0.0047977 0.0173604 -1.92147e-10 0.0043958 0.0158604 -2.09714e-10 0.0047977 0.0143604 0.0002 0.0047977 0.0143604 -2.57714e-10 0.0058958 0.0132623 0.0002 0.0058958 0.0132623 -0.018 0.0058234 0.0217333 -0.0159 0.0058234 0.0217333 -0.0157 0.0058373 0.0217851 -0.0155536 0.0058752 0.0219265 -0.0217 0.0057846 0.0215884 -0.017874 -7.81297e-10 0.0163995 -0.0175995 -7.69299e-10 0.016125 -0.017874 -7.81297e-10 0.0151005 -0.018249 -7.97689e-10 0.015 -0.0175995 -7.69299e-10 0.015375 -0.018249 -7.97689e-10 0.0165 0.0075823 0.0016265 0.0090859 0.0069 0.0015674 0.0090937 0 0 0.0093 0.0062177 0.0016265 0.0090859 0.011 4.80825e-10 0.0093 -0.015 0.000559799 0.0249263 -0.0145605 0.0022 0.0247104 -0.01295 0.0038105 0.0244983 -0.01075 0.0044 0.0244207 -0.00855 0.0038105 0.0244983 -0.0069395 0.0022 0.0247104 -0.00635 -2.77567e-10 0.025 -0.0005 -2.18557e-11 0.025 -0.0054 -2.36041e-10 0.0161 -0.0054 0.0007 0.0162876 -0.0054 0.0012124 0.0168 -0.0054 0.0014 0.0175 -0.0054 0.0012124 0.0182 -0.0054 0.0007 0.0187124 -0.0054 -2.36041e-10 0.0189 -0.0054 -0.0007 0.0187124 -0.0054 -0.0012124 0.0182 -0.0054 -0.0014 0.0175 -0.0054 -0.0012124 0.0168 -0.0054 -0.0007 0.0162876 -0.01075 0.002067 0.024 -0.01075 0.002067 0.01475 -0.0097165 0.0017901 0.01475 -0.0097165 0.0017901 0.024 -0.01075 0.0044 0.024 -0.00855 0.0038105 0.024 -0.01075 -4.69897e-10 0.0135566 -0.0089599 0.0010335 0.01475 -0.0089599 0.0010335 0.024 -0.0069395 0.0022 0.024 -0.008683 -3.79546e-10 0.01475 -0.008683 -3.79546e-10 0.024 -0.00635 -2.77567e-10 0.024 -0.012817 -5.60249e-10 0.024 -0.012817 -5.60249e-10 0.01475 -0.0125401 0.0010335 0.01475 -0.0125401 0.0010335 0.024 -0.01515 -6.62227e-10 0.024 -0.0145605 0.0022 0.024 -0.01515 -6.62227e-10 0.02485 -0.0117835 0.0017901 0.01475 -0.0117835 0.0017901 0.024 -0.01295 0.0038105 0.024 0.0016 0.0012124 0.0182 0.0016 0.0014 0.0175 0 0 0.0245 0.0016 0.0012124 0.0168 0.0016 0.0007 0.0162876 0.0016 0.0007 0.0187124 0.0016 6.99382e-11 0.0161 0.0016 6.99382e-11 0.0189 0.0016 0.0008 0.0188856 0.0016 0.0013856 0.0183 0.0002 0.0025981 0.019 0.0002 0.0015 0.0200981 0.0016 6.99382e-11 0.0191 0.0002 8.74228e-12 0.0205 0.0016 -0.0008 0.0188856 0.0016 -0.0007 0.0187124 0.0016 -0.0013856 0.0183 0.0016 -0.0012124 0.0182 0.0016 -0.0016 0.0175 0.0016 -0.0014 0.0175 0.0016 -0.0012124 0.0168 0.0016 6.99382e-11 0.0159 0.0016 -0.0008 0.0161144 0.0016 -0.0007 0.0162876 0.0016 -0.0013856 0.0167 0.0016 0.0008 0.0161144 0.0016 0.0013856 0.0167 0.0016 0.0016 0.0175 -6.55671e-11 0.0015 0.0149019 0.0002 0.0015 0.0149019 0.0002 8.74228e-12 0.0145 0 0 0.0145 -1.13567e-10 0.0025981 0.016 0.0002 0.0025981 0.016 -1.31134e-10 0.003 0.0175 0.0002 0.003 0.0175 -1.13567e-10 0.0025981 0.019 -6.55671e-11 0.0015 0.0200981 0 0 0.0205 -0.018 -7.86805e-10 0.0225 -0.0159 -6.95011e-10 0.0225 -0.0157 -6.86269e-10 0.0225536 -0.0155536 -6.79869e-10 0.0227 -0.0217 -9.48537e-10 0.02235 -0.017874 -0.0042445 0.0158407 -0.0175995 -0.0041735 0.0155756 -0.017874 -0.0039083 0.0145859 -0.018249 -0.0038823 0.0144889 -0.0175995 -0.0039793 0.0148511 -0.018249 -0.0042705 0.0159378 1.05213e-10 -0.002407 0.0089831 0.011 -0.002407 0.0089831 -0.01075 -0.0064094 0.0241562 -0.0105306 -0.0064705 0.0241481 -0.00855 -0.0038105 0.0244983 -0.01075 -0.0044 0.0244207 -0.01295 -0.0038105 0.0244983 -0.0145605 -0.0022 0.0247104 -0.015 -0.0064705 0.0241481 -0.0109694 -0.0064705 0.0241481 -0.0069395 -0.0022 0.0247104 -0.0005 -0.0064705 0.0241481 -0.015 -0.000559801 0.0249263 -0.01075 -0.002067 0.024 -0.01075 -0.002067 0.01475 -0.0117835 -0.0017901 0.01475 -0.0117835 -0.0017901 0.024 -0.0089599 -0.0010335 0.024 -0.0097165 -0.0017901 0.024 -0.0069395 -0.0022 0.024 -0.0145605 -0.0022 0.024 -0.0125401 -0.0010335 0.024 -0.01295 -0.0038105 0.024 -0.01075 -0.0044 0.024 -0.00855 -0.0038105 0.024 -0.0125401 -0.0010335 0.01475 -0.01295 -0.0066893 0.0233618 -0.01075 -0.0061551 0.0236109 -0.01295 -0.0069612 0.0239449 -0.0089599 -0.0010335 0.01475 -0.0097165 -0.0017901 0.01475 -0.00855 -0.0066893 0.0233618 -0.00855 -0.0069612 0.0239449 2.77178e-10 -0.0063411 0.0236652 1.13567e-10 -0.0025981 0.016 0.0002 -0.0025981 0.016 0.0002 -0.003 0.0175 1.31134e-10 -0.003 0.0175 6.55671e-11 -0.0015 0.0149019 0.0002 -0.0015 0.0149019 6.55671e-11 -0.0015 0.0200981 0.0002 -0.0015 0.0200981 1.13567e-10 -0.0025981 0.019 0.0002 -0.0025981 0.019 -0.018 -0.0058234 0.0217333 -0.0159 -0.0058234 0.0217333 -0.0157 -0.0058373 0.0217851 -0.0155536 -0.0058752 0.0219265 -0.0217 -0.0057846 0.0215884 -0.017874 -0.0081998 0.0142024 -0.0175995 -0.0080625 0.0139647 -0.017874 -0.0075502 0.0130774 -0.018249 -0.0075 0.0129904 -0.0175995 -0.0076875 0.0133151 -0.018249 -0.00825 0.0142894 2.03258e-10 -0.00465 0.008054 0.011 -0.00465 0.008054 -0.0069395 -0.0084506 0.023328 -0.00635 -0.010485 0.0224853 -0.0069338 -0.0125 0.0216506 -0.000499999 -0.0125 0.0216506 -0.015 -0.0099674 0.0226997 -0.0145605 -0.0084506 0.023328 -0.015 -0.0125 0.0216506 -0.0145662 -0.0125 0.0216506 -0.015 -0.0110027 0.0222708 -0.0054 -0.0086082 0.0165604 -0.0054 -0.0087958 0.0158604 -0.0054 -0.0086082 0.0151604 -0.0054 -0.0080958 0.014648 -0.0054 -0.0073958 0.0144604 -0.0054 -0.0066958 0.014648 -0.0054 -0.0061834 0.0151604 -0.0054 -0.0059958 0.0158604 -0.0054 -0.0061834 0.0165604 -0.0054 -0.0066958 0.0170728 -0.0054 -0.0073958 0.0172604 -0.0054 -0.0080958 0.0170728 -0.008683 -0.0062336 0.013368 -0.0089599 -0.0071703 0.0129313 -0.0089599 -0.0110795 0.0213146 -0.008683 -0.0101428 0.0217514 -0.0145605 -0.008149 0.0226811 -0.0069395 -0.008149 0.0226811 -0.01075 -0.0082695 0.0226249 -0.0097165 -0.0085205 0.0225079 -0.0125401 -0.0110795 0.0213146 -0.012817 -0.0101428 0.0217514 -0.01515 -0.0101428 0.0217514 -0.0125401 -0.0092062 0.0221882 -0.0117835 -0.0085205 0.0225079 -0.00635 -0.0101428 0.0217514 -0.0097165 -0.0117652 0.0209949 -0.0069395 -0.0121367 0.0208216 -0.01075 -0.0120162 0.0208778 -0.0145605 -0.0121367 0.0208216 -0.0117835 -0.0117652 0.0209949 -0.0089599 -0.0092062 0.0221882 -0.01295 -0.0135963 0.020141 -0.01075 -0.0141306 0.0198919 -0.00855 -0.0135963 0.020141 -0.0069395 -0.0125172 0.0216375 -0.01075 -0.0057293 0.0122865 -0.0097165 -0.007856 0.0126115 -0.01075 -0.008107 0.0124945 -0.0117835 -0.007856 0.0126115 -0.0125401 -0.0071703 0.0129313 -0.012817 -0.0062336 0.013368 -0.01515 -0.0104221 0.0223503 -0.0145605 -0.0125172 0.0216375 -0.0125401 -0.005297 0.0138048 -0.0117835 -0.0046113 0.0141246 -0.01075 -0.0043603 0.0142416 -0.0097165 -0.0046113 0.0141246 -0.0089599 -0.005297 0.0138048 0.0016 -0.0073958 0.0172604 0.0016 -0.0080958 0.0170728 5.35465e-10 -0.01225 0.0212176 0.0016 -0.0066958 0.0170728 0.0016 -0.0061834 0.0165604 0.0016 -0.0086082 0.0165604 0.0016 -0.0059958 0.0158604 0.0016 -0.0061834 0.0151604 0.0016 -0.0066958 0.014648 0.0016 -0.0073958 0.0144604 0.0016 -0.0080958 0.014648 0.0016 -0.0087958 0.0158604 0.0016 -0.0086082 0.0151604 0.0016 -0.0065958 0.017246 0.0016 -0.0073958 0.0174604 0.0016 -0.0081958 0.017246 0.0016 -0.0087814 0.0166604 0.0016 -0.0089958 0.0158604 0.0016 -0.0073958 0.0142604 0.0016 -0.0081958 0.0144748 0.0016 -0.0087814 0.0150604 0.0016 -0.0060102 0.0166604 0.0016 -0.0065958 0.0144748 0.0016 -0.0060102 0.0150604 0.0016 -0.0057958 0.0158604 2.57714e-10 -0.0058958 0.0132623 0.0002 -0.0058958 0.0132623 0.0002 -0.0073958 0.0128604 3.23281e-10 -0.0073958 0.0128604 2.09714e-10 -0.0047977 0.0143604 0.0002 -0.0047977 0.0143604 1.92147e-10 -0.0043958 0.0158604 0.0002 -0.0043958 0.0158604 2.09714e-10 -0.0047977 0.0173604 0.0002 -0.0047977 0.0173604 2.57714e-10 -0.0058958 0.0184585 0.0002 -0.0058958 0.0184585 3.23281e-10 -0.0073958 0.0188604 0.0002 -0.0073958 0.0188604 3.88848e-10 -0.0088958 0.0184585 0.0002 -0.0088958 0.0184585 4.36847e-10 -0.0099939 0.0173604 0.0002 -0.0099939 0.0173604 4.54415e-10 -0.0103958 0.0158604 0.0002 -0.0103958 0.0158604 0.0002 -0.0088958 0.0132623 3.88848e-10 -0.0088958 0.0132623 0.0002 -0.0099939 0.0143604 -0.018 -0.01125 0.0194856 -0.0159 -0.01125 0.0194856 -0.0157 -0.0112768 0.019532 -0.0155536 -0.01135 0.0196588 -0.0217 -0.011175 0.0193557 -0.017874 -0.0115962 0.0115962 -0.0175995 -0.0114021 0.0114021 -0.017874 -0.0106777 0.0106777 -0.018249 -0.0106066 0.0106066 -0.0175995 -0.0108718 0.0108718 -0.018249 -0.0116673 0.0116673 -0.0279935 -0.0148921 0.0154411 -0.0279935 -0.0154411 0.0148921 -0.0217 -0.0154411 0.0148921 -0.0217 -0.0148921 0.0154411 -0.0217 -0.0141421 0.0156421 -0.0279935 -0.0141421 0.0156421 -0.0217 -0.0133921 0.0154411 -0.0279935 -0.0133921 0.0154411 -0.0217 -0.0128431 0.0148921 -0.0279935 -0.0128431 0.0148921 -0.0217 -0.0126421 0.0141421 -0.0279935 -0.0126421 0.0141421 -0.0217 -0.0128431 0.0133921 -0.0279935 -0.0128431 0.0133921 -0.0279935 -0.0133921 0.0128431 -0.0217 -0.0133921 0.0128431 -0.0283 -0.0131085 0.0135454 -0.0283 -0.0135454 0.0131085 -0.0283 -0.0141421 0.0129486 -0.0283 -0.0147388 0.0131085 -0.0283 -0.0151757 0.0135454 -0.0283 -0.0153356 0.0141421 -0.0283 -0.0151757 0.0147388 -0.0283 -0.0147388 0.0151757 -0.0283 -0.0141421 0.0153356 -0.0283 -0.0135454 0.0151757 -0.0283 -0.0131085 0.0147388 -0.0283 -0.0129486 0.0141421 2.8745e-10 -0.0065761 0.0065761 0.011 -0.0065761 0.0065761 -0.00855 -0.0138259 0.0206333 -0.01075 -0.0143049 0.0202657 -0.015 -0.0176777 0.0176777 -0.01295 -0.0138259 0.0206333 -0.000499999 -0.0176777 0.0176777 -0.003301 -0.0126266 0.0132671 -0.0185 -0.0126266 0.0132671 -0.0185 -0.0132671 0.0126266 -0.003301 -0.0132671 0.0126266 -0.0185 -0.0133921 0.0128431 -0.0185 -0.0128431 0.0133921 -0.003301 -0.0128431 0.0133921 -0.003301 -0.0133921 0.0128431 -0.0033 -0.011544 0.0126421 -0.0033 -0.0126421 0.011544 5.52604e-10 -0.0126421 0.011544 5.04604e-10 -0.011544 0.0126421 -0.000299999 -0.0117605 0.0127671 -0.000299999 -0.0127671 0.0117605 -0.0033 -0.0127671 0.0117605 -0.0033 -0.0117605 0.0127671 -0.003301 -0.0123921 0.0141421 -0.0185 -0.0123921 0.0141421 -0.0185 -0.0126421 0.0141421 -0.003301 -0.0126421 0.0141421 4.87037e-10 -0.0111421 0.0141421 -0.0033 -0.0111421 0.0141421 -0.0033 -0.0113921 0.0141421 -0.0003 -0.0113921 0.0141421 -0.0016 -0.0128921 0.0148638 -0.0016 -0.0128921 0.0134204 -0.000299999 -0.0128921 0.0134204 -0.000299999 -0.0128921 0.0148638 -0.003301 -0.0126266 0.0150171 -0.0185 -0.0126266 0.0150171 -0.0185 -0.0128431 0.0148921 -0.003301 -0.0128431 0.0148921 -0.0033 -0.011544 0.0156421 5.04604e-10 -0.011544 0.0156421 -0.0033 -0.0117605 0.0155171 -0.000299999 -0.0117605 0.0155171 -0.003301 -0.0132671 0.0156576 -0.0185 -0.0132671 0.0156576 -0.0185 -0.0133921 0.0154411 -0.003301 -0.0133921 0.0154411 5.52604e-10 -0.0126421 0.0167402 -0.0033 -0.0126421 0.0167402 -0.0033 -0.0127671 0.0165237 -0.000299999 -0.0127671 0.0165237 -0.0016 -0.0141421 0.0155855 -0.000299999 -0.0141421 0.0155855 -0.003301 -0.0141421 0.0158921 -0.0185 -0.0141421 0.0158921 -0.0185 -0.0141421 0.0156421 -0.003301 -0.0141421 0.0156421 -0.0033 -0.0141421 0.0171421 6.18171e-10 -0.0141421 0.0171421 7.5726e-10 -0.0173241 0.0173241 -0.0033 -0.0141421 0.0168921 -0.000299999 -0.0141421 0.0168921 -0.003301 -0.0150171 0.0156576 -0.0185 -0.0150171 0.0156576 -0.0185 -0.0148921 0.0154411 -0.003301 -0.0148921 0.0154411 6.83738e-10 -0.0156421 0.0167402 -0.0033 -0.0156421 0.0167402 -0.0033 -0.0155171 0.0165237 -0.000299999 -0.0155171 0.0165237 -0.0016 -0.0153921 0.0148638 -0.000299999 -0.0153921 0.0148638 -0.003301 -0.0156576 0.0150171 -0.0185 -0.0156576 0.0150171 -0.0185 -0.0154411 0.0148921 -0.003301 -0.0154411 0.0148921 -0.0033 -0.0167402 0.0156421 7.31737e-10 -0.0167402 0.0156421 -0.0033 -0.0165237 0.0155171 -0.000299999 -0.0165237 0.0155171 4.36847e-10 -0.0099939 0.0143604 -0.018 -0.0159099 0.0159099 -0.0159 -0.0159099 0.0159099 -0.0157 -0.0159478 0.0159478 -0.0155536 -0.0160513 0.0160513 -0.0217 -0.0158038 0.0158038 -0.017874 -0.0142024 0.0081998 -0.0175995 -0.0139647 0.0080625 -0.017874 -0.0130774 0.0075502 -0.018249 -0.0129904 0.0075 -0.0175995 -0.0133151 0.0076875 -0.018249 -0.0142894 0.00825 -0.0279935 -0.0141421 0.0126421 -0.0217 -0.0141421 0.0126421 -0.0217 -0.0148921 0.0128431 -0.0279935 -0.0148921 0.0128431 -0.0217 -0.0154411 0.0133921 -0.0279935 -0.0154411 0.0133921 -0.0217 -0.0156421 0.0141421 -0.0279935 -0.0156421 0.0141421 3.52052e-10 -0.008054 0.00465 0.011 -0.008054 0.00465 -0.015 -0.0216506 0.0125 -0.0090662 -0.0216506 0.0125 -0.0090605 -0.0216375 0.0125172 -0.00745 -0.0206333 0.0138259 -0.00525 -0.0202657 0.0143049 -0.00305 -0.0206333 0.0138259 -0.000499999 -0.0216506 0.0125 -0.0014395 -0.0216375 0.0125172 -0.0014338 -0.0216506 0.0125 -0.0033 -0.0171421 0.0141421 -0.0033 -0.0168921 0.0141421 -0.0033 -0.0165237 0.0127671 -0.0033 -0.0141421 0.0111421 -0.0033 -0.0141421 0.0113921 -0.0033 -0.0156421 0.011544 -0.0033 -0.0155171 0.0117605 -0.0033 -0.0167402 0.0126421 -0.0185 -0.0141421 0.0123921 -0.003301 -0.0141421 0.0123921 -0.0062835 -0.0117052 0.0074334 -0.0070401 -0.012025 0.0067477 -0.00525 -0.0113802 0.0053067 -0.00525 -0.0115882 0.0076843 -0.0042165 -0.0117052 0.0074334 -0.0034599 -0.012025 0.0067477 -0.003301 -0.0156421 0.0141421 -0.003301 -0.0158921 0.0141421 -0.003301 -0.0154411 0.0133921 -0.003301 -0.0156576 0.0132671 -0.003301 -0.0148921 0.0128431 -0.003301 -0.0150171 0.0126266 -0.003301 -0.0141421 0.0126421 -0.0185 -0.0141421 0.0126421 6.18171e-10 -0.0141421 0.0111421 -0.000299999 -0.0155171 0.0117605 -0.000299999 -0.0141421 0.0126987 -0.000299999 -0.0165237 0.0127671 -0.000299999 -0.0153921 0.0134204 -0.000299999 -0.0168921 0.0141421 -0.000299999 -0.0141421 0.0113921 -0.0016 -0.0153921 0.0134204 -0.0016 -0.0141421 0.0126987 9.27451e-10 -0.0212176 0.01225 -0.0185 -0.0158921 0.0141421 -0.00525 -0.0198919 0.0141306 -0.00745 -0.020141 0.0135963 -0.00305 -0.020141 0.0135963 -0.0185 -0.0156421 0.0141421 7.49305e-10 -0.0171421 0.0141421 -0.0185 -0.0156576 0.0132671 -0.00965 -0.0217514 0.0101428 -0.0090605 -0.0208216 0.0121367 -0.00965 -0.0224853 0.010485 -0.0062835 -0.0209949 0.0117652 -0.00525 -0.0208778 0.0120162 -0.0042165 -0.0209949 0.0117652 -0.0185 -0.0154411 0.0133921 7.31737e-10 -0.0167402 0.0126421 -0.0014395 -0.0208216 0.0121367 -0.000849999 -0.0217514 0.0101428 -0.000849999 -0.0224853 0.010485 -0.0185 -0.0150171 0.0126266 -0.0070401 -0.0213146 0.0110795 -0.0034599 -0.0213146 0.0110795 -0.0185 -0.0148921 0.0128431 6.83738e-10 -0.0156421 0.011544 -0.018 -0.0194856 0.01125 -0.0159 -0.0194856 0.01125 -0.0157 -0.019532 0.0112768 -0.0155536 -0.0196588 0.01135 -0.0217 -0.0193557 0.011175 -0.017874 -0.0158407 0.0042445 -0.0175995 -0.0155756 0.0041735 -0.017874 -0.0145859 0.0039083 -0.018249 -0.0144889 0.0038823 -0.0175995 -0.0148511 0.0039793 -0.018249 -0.0159378 0.0042705 3.92664e-10 -0.0089831 0.002407 0.0049312 -0.0089831 0.002407 0.0049743 -0.008955 0.0024749 0.0057341 -0.0087246 0.0030311 0.0062345 -0.0086527 0.0032046 0.0069 -0.0086158 0.0032938 0.0075655 -0.0086527 0.0032046 0.011 -0.0089831 0.002407 0.0080659 -0.0087246 0.0030311 0.0088257 -0.008955 0.0024749 0.0088688 -0.0089831 0.002407 -0.015 -0.0241481 0.0064705 -0.0054694 -0.0241481 0.0064705 -0.00745 -0.0239449 0.0069612 -0.0090605 -0.023328 0.0084506 -0.000499999 -0.0241481 0.0064705 -0.0014395 -0.023328 0.0084506 -0.00305 -0.0239449 0.0069612 -0.0050306 -0.0241481 0.0064705 -0.0034599 -0.0128985 0.0048743 -0.0034599 -0.0221882 0.0092062 -0.003183 -0.0217514 0.0101428 -0.003183 -0.0124617 0.005811 -0.0090605 -0.0226811 0.008149 -0.00745 -0.0233618 0.0066893 -0.007317 -0.0217514 0.0101428 -0.0042165 -0.0225079 0.0085205 -0.00525 -0.0226249 0.0082695 -0.00525 -0.0236109 0.0061551 -0.0062835 -0.0225079 0.0085205 -0.0070401 -0.0221882 0.0092062 -0.00305 -0.0233618 0.0066893 -0.0014395 -0.0226811 0.008149 1.03444e-09 -0.0236652 0.0063411 -0.0042165 -0.0132183 0.0041886 -0.00525 -0.0133353 0.0039377 -0.00525 -0.0241562 0.0064094 -0.0062835 -0.0132183 0.0041886 -0.0070401 -0.0128985 0.0048743 -0.007317 -0.0124617 0.005811 0.007775 -0.0090155 0.0030311 0.0081374 -0.0096433 0.0024749 0.0084155 -0.010125 0.00175 0.0094709 -0.0090696 0.00175 0.0069 -0.00925 0.0030311 0.0069 -0.0099749 0.0024749 0.006025 -0.0090155 0.0030311 0.0056626 -0.0096433 0.0024749 0.0043291 -0.0090696 0.00175 0.0053845 -0.010125 0.00175 -0.018 -0.0217333 0.0058234 -0.0159 -0.0217333 0.0058234 -0.0157 -0.0217851 0.0058373 -0.0155536 -0.0219265 0.0058752 -0.0217 -0.0215884 0.0057846 -0.017874 -0.0163995 0 -0.0175995 -0.016125 0 -0.017874 -0.0151005 0 -0.018249 -0.015 0 -0.0175995 -0.015375 0 -0.018249 -0.0165 0 0.009782 -0.0091639 0.0010335 0.0098304 -0.0091807 0.0009059 0.0098445 -0.0092 0.0007596 0.0098811 -0.0093 0 0.011 -0.0093 0 4.06516e-10 -0.0093 0 0.0039189 -0.0093 0 0.0039555 -0.0092 0.0007596 0.0039696 -0.0091807 0.0009059 0.004018 -0.0091639 0.0010335 -0.015 -0.025 0 -0.000499999 -0.025 0 -0.012 -0.0159 0 -0.012 -0.0162349 0.00125 -0.012 -0.01715 0.0021651 -0.012 -0.0184 0.0025 -0.012 -0.01965 0.0021651 -0.012 -0.0205651 0.00125 -0.012 -0.0209 0 -0.012 -0.0205651 -0.00125 -0.012 -0.01965 -0.0021651 -0.012 -0.0184 -0.0025 -0.012 -0.01715 -0.0021651 -0.012 -0.0162349 -0.00125 8.0429e-10 -0.0184 0.0025 8.58929e-10 -0.01965 0.0021651 1.07093e-09 -0.0245 0 8.98929e-10 -0.0205651 0.00125 9.13568e-10 -0.0209 0 6.95011e-10 -0.0159 0 7.0965e-10 -0.0162349 0.00125 7.4965e-10 -0.01715 0.0021651 0.0098278 -0.0091904 0.0009059 0.0085904 -0.0104278 0.0009059 0.00865 -0.0105311 0 0.0069 -0.0105311 0.00175 0.0069 -0.0108807 0.0009059 0.0069 -0.011 0 0.0052096 -0.0104278 0.0009059 0.00515 -0.0105311 0 0.0039722 -0.0091904 0.0009059 -0.018 -0.0225 0 -0.0159 -0.0225 0 -0.0157 -0.0225536 0 -0.0155536 -0.0227 0 -0.0217 -0.02235 0 -0.017874 -0.0158407 -0.0042445 -0.0175995 -0.0155756 -0.0041735 -0.017874 -0.0145859 -0.0039083 -0.018249 -0.0144889 -0.0038823 -0.0175995 -0.0148511 -0.0039793 -0.018249 -0.0159378 -0.0042705 0.011 -0.0089831 -0.002407 0.0098445 -0.0092 -0.0007596 0.0098304 -0.0091807 -0.0009059 0.009782 -0.0091639 -0.0010335 0.0094709 -0.0090696 -0.00175 0.0088688 -0.0089831 -0.002407 3.92664e-10 -0.0089831 -0.002407 0.0049312 -0.0089831 -0.002407 0.0043291 -0.0090696 -0.00175 0.004018 -0.0091639 -0.0010335 0.0039696 -0.0091807 -0.0009059 0.0039555 -0.0092 -0.0007596 -0.015 -0.0241481 -0.0064705 -0.0109694 -0.0241481 -0.0064705 -0.01075 -0.0241562 -0.0064094 -0.0105306 -0.0241481 -0.0064705 -0.003 -0.0241481 -0.0064705 -0.003 -0.0245252 -0.0036067 -0.000499999 -0.0245252 -0.0036067 8.98929e-10 -0.0205651 -0.00125 -0.01295 -0.0233618 -0.0066893 -0.01075 -0.0236109 -0.0061551 -0.01295 -0.0239449 -0.0069612 -0.003 -0.0237 -0.0065856 -0.003 -0.0231144 -0.006 -0.003 -0.0229 -0.0052 -0.003 -0.0231144 -0.0044 -0.003 -0.0237 -0.0038144 -0.003 -0.0245 -0.0036 -0.003 -0.0240604 -0.0066822 -0.000126799 -0.0237 -0.0065856 1.03175e-09 -0.0236037 -0.0064894 1.01036e-09 -0.0231144 -0.006 1.00099e-09 -0.0229 -0.0052 1.01036e-09 -0.0231144 -0.0044 1.03596e-09 -0.0237 -0.0038144 -0.000473899 -0.0245 -0.0036 1.04945e-09 -0.0240087 -0.0037316 -0.00855 -0.0233618 -0.0066893 -0.00855 -0.0239449 -0.0069612 8.58929e-10 -0.01965 -0.0021651 8.0429e-10 -0.0184 -0.0025 7.4965e-10 -0.01715 -0.0021651 7.0965e-10 -0.0162349 -0.00125 0.0098278 -0.0091904 -0.0009059 0.0085904 -0.0104278 -0.0009059 0.0084155 -0.010125 -0.00175 0.0081374 -0.0096433 -0.0024749 0.0088257 -0.008955 -0.0024749 0.007775 -0.0090155 -0.0030311 0.0080659 -0.0087246 -0.0030311 0.0069 -0.0108807 -0.0009059 0.0069 -0.0105311 -0.00175 0.0069 -0.0099749 -0.0024749 0.0069 -0.00925 -0.0030311 0.0052096 -0.0104278 -0.0009059 0.0053845 -0.010125 -0.00175 0.0056626 -0.0096433 -0.0024749 0.006025 -0.0090155 -0.0030311 0.0039722 -0.0091904 -0.0009059 0.0049743 -0.008955 -0.0024749 0.0057341 -0.0087246 -0.0030311 -0.018 -0.0217333 -0.0058234 -0.0159 -0.0217333 -0.0058234 -0.0157 -0.0217851 -0.0058373 -0.0155536 -0.0219265 -0.0058752 -0.0217 -0.0215884 -0.0057846 -0.017874 -0.0142024 -0.0081998 -0.0175995 -0.0139647 -0.0080625 -0.017874 -0.0130774 -0.0075502 -0.018249 -0.0129904 -0.0075 -0.0175995 -0.0133151 -0.0076875 -0.018249 -0.0142894 -0.00825 3.52052e-10 -0.008054 -0.00465 0.011 -0.008054 -0.00465 0.0075655 -0.0086527 -0.0032046 0.0069 -0.0086158 -0.0032938 0.0062345 -0.0086527 -0.0032046 -0.0069395 -0.023328 -0.0084506 -0.00635 -0.0224853 -0.010485 -0.0069338 -0.0216506 -0.0125 -0.000499999 -0.0216506 -0.0125 -0.000499999 -0.0240604 -0.0066822 -0.015 -0.0226997 -0.0099674 -0.0145605 -0.023328 -0.0084506 -0.015 -0.0216506 -0.0125 -0.0145662 -0.0216506 -0.0125 -0.015 -0.0222708 -0.0110027 -0.0089599 -0.0213146 -0.0110795 -0.008683 -0.0217514 -0.0101428 -0.008683 -0.0124617 -0.005811 -0.0089599 -0.012025 -0.0067477 -0.01515 -0.0217514 -0.0101428 -0.0145605 -0.0208216 -0.0121367 -0.0145605 -0.0226811 -0.008149 -0.01295 -0.020141 -0.0135963 -0.012817 -0.0217514 -0.0101428 -0.0125401 -0.0221882 -0.0092062 -0.0097165 -0.0209949 -0.0117652 -0.01075 -0.0208778 -0.0120162 -0.01075 -0.0198919 -0.0141306 -0.0117835 -0.0209949 -0.0117652 -0.0125401 -0.0213146 -0.0110795 -0.01075 -0.0226249 -0.0082695 -0.0097165 -0.0225079 -0.0085205 -0.0089599 -0.0221882 -0.0092062 -0.00855 -0.020141 -0.0135963 -0.0117835 -0.0225079 -0.0085205 -0.0069395 -0.0208216 -0.0121367 -0.00635 -0.0217514 -0.0101428 -0.0069395 -0.0226811 -0.008149 -0.0069395 -0.0216375 -0.0125172 9.27451e-10 -0.0212176 -0.01225 -0.01075 -0.0113802 -0.0053067 -0.0097165 -0.0117052 -0.0074334 -0.01075 -0.0115882 -0.0076843 -0.0117835 -0.0117052 -0.0074334 -0.0125401 -0.012025 -0.0067477 -0.012817 -0.0124617 -0.005811 -0.01515 -0.0223503 -0.0104221 -0.0145605 -0.0216375 -0.0125172 -0.0125401 -0.0128985 -0.0048743 -0.0117835 -0.0132183 -0.0041886 -0.01075 -0.0133353 -0.0039377 -0.0097165 -0.0132183 -0.0041886 -0.0089599 -0.0128985 -0.0048743 -0.018 -0.0194856 -0.01125 -0.0159 -0.0194856 -0.01125 -0.0157 -0.019532 -0.0112768 -0.0155536 -0.0196588 -0.01135 -0.0217 -0.0193557 -0.011175 -0.017874 -0.0115962 -0.0115962 -0.0175995 -0.0114021 -0.0114021 -0.017874 -0.0106777 -0.0106777 -0.018249 -0.0106066 -0.0106066 -0.0175995 -0.0108718 -0.0108718 -0.018249 -0.0116673 -0.0116673 -0.0217 -0.0148921 -0.0154411 -0.0217 -0.0154411 -0.0148921 -0.0279935 -0.0154411 -0.0148921 -0.0279935 -0.0148921 -0.0154411 -0.0217 -0.0156421 -0.0141421 -0.0279935 -0.0156421 -0.0141421 -0.0217 -0.0154411 -0.0133921 -0.0279935 -0.0154411 -0.0133921 -0.0217 -0.0148921 -0.0128431 -0.0279935 -0.0148921 -0.0128431 -0.0217 -0.0141421 -0.0126421 -0.0279935 -0.0141421 -0.0126421 -0.0217 -0.0133921 -0.0128431 -0.0279935 -0.0133921 -0.0128431 -0.0279935 -0.0128431 -0.0133921 -0.0217 -0.0128431 -0.0133921 -0.0283 -0.0147388 -0.0151757 -0.0283 -0.0151757 -0.0147388 -0.0283 -0.0153356 -0.0141421 -0.0283 -0.0151757 -0.0135454 -0.0283 -0.0147388 -0.0131085 -0.0283 -0.0141421 -0.0129486 -0.0283 -0.0135454 -0.0131085 -0.0283 -0.0131085 -0.0135454 -0.0283 -0.0129486 -0.0141421 -0.0283 -0.0131085 -0.0147388 -0.0283 -0.0135454 -0.0151757 -0.0283 -0.0141421 -0.0153356 2.8745e-10 -0.0065761 -0.0065761 0.011 -0.0065761 -0.0065761 -0.015 -0.0176777 -0.0176777 -0.000499999 -0.0176777 -0.0176777 -0.00855 -0.0206333 -0.0138259 -0.01075 -0.0202657 -0.0143049 -0.01295 -0.0206333 -0.0138259 -0.0185 -0.0126266 -0.0132671 -0.003301 -0.0126266 -0.0132671 -0.003301 -0.0132671 -0.0126266 -0.0185 -0.0132671 -0.0126266 -0.003301 -0.0128431 -0.0133921 -0.0185 -0.0128431 -0.0133921 -0.0185 -0.0133921 -0.0128431 -0.003301 -0.0133921 -0.0128431 -0.0033 -0.0126421 -0.011544 -0.0033 -0.011544 -0.0126421 5.04604e-10 -0.011544 -0.0126421 5.52604e-10 -0.0126421 -0.011544 -0.000299999 -0.0127671 -0.0117605 -0.000299999 -0.0117605 -0.0127671 -0.0033 -0.0117605 -0.0127671 -0.0033 -0.0127671 -0.0117605 -0.000299999 -0.0128921 -0.0134204 -0.000299999 -0.0141421 -0.0126987 -0.0016 -0.0141421 -0.0126987 -0.0016 -0.0128921 -0.0134204 -0.003301 -0.0141421 -0.0123921 -0.0185 -0.0141421 -0.0123921 -0.0185 -0.0141421 -0.0126421 -0.003301 -0.0141421 -0.0126421 6.18171e-10 -0.0141421 -0.0111421 -0.0033 -0.0141421 -0.0111421 -0.0033 -0.0141421 -0.0113921 -0.000299999 -0.0141421 -0.0113921 -0.003301 -0.0150171 -0.0126266 -0.0185 -0.0150171 -0.0126266 -0.0185 -0.0148921 -0.0128431 -0.003301 -0.0148921 -0.0128431 -0.0033 -0.0156421 -0.011544 6.83738e-10 -0.0156421 -0.011544 -0.0033 -0.0155171 -0.0117605 -0.000299999 -0.0155171 -0.0117605 -0.000299999 -0.0153921 -0.0134204 -0.0016 -0.0153921 -0.0134204 -0.003301 -0.0156576 -0.0132671 -0.0185 -0.0156576 -0.0132671 -0.0185 -0.0154411 -0.0133921 -0.003301 -0.0154411 -0.0133921 7.31737e-10 -0.0167402 -0.0126421 -0.0033 -0.0167402 -0.0126421 -0.0033 -0.0165237 -0.0127671 -0.000299999 -0.0165237 -0.0127671 -0.003301 -0.0158921 -0.0141421 -0.0185 -0.0158921 -0.0141421 -0.0185 -0.0156421 -0.0141421 -0.003301 -0.0156421 -0.0141421 7.49305e-10 -0.0171421 -0.0141421 -0.0033 -0.0171421 -0.0141421 7.5726e-10 -0.0173241 -0.0173241 -0.0033 -0.0168921 -0.0141421 -0.000299999 -0.0168921 -0.0141421 -0.000299999 -0.0153921 -0.0148638 -0.0016 -0.0153921 -0.0148638 -0.003301 -0.0156576 -0.0150171 -0.0185 -0.0156576 -0.0150171 -0.0185 -0.0154411 -0.0148921 -0.003301 -0.0154411 -0.0148921 7.31737e-10 -0.0167402 -0.0156421 -0.0033 -0.0167402 -0.0156421 -0.0033 -0.0165237 -0.0155171 -0.000299999 -0.0165237 -0.0155171 -0.003301 -0.0150171 -0.0156576 -0.0185 -0.0150171 -0.0156576 -0.0185 -0.0148921 -0.0154411 -0.003301 -0.0148921 -0.0154411 -0.0033 -0.0156421 -0.0167402 6.83738e-10 -0.0156421 -0.0167402 -0.000299999 -0.0155171 -0.0165237 -0.0033 -0.0155171 -0.0165237 -0.000299999 -0.0141421 -0.0155855 -0.0016 -0.0141421 -0.0155855 -0.018 -0.0159099 -0.0159099 -0.0159 -0.0159099 -0.0159099 -0.0157 -0.0159478 -0.0159478 -0.0155536 -0.0160513 -0.0160513 -0.0217 -0.0158038 -0.0158038 -0.017874 -0.0081998 -0.0142024 -0.0175995 -0.0080625 -0.0139647 -0.017874 -0.0075502 -0.0130774 -0.018249 -0.0075 -0.0129904 -0.0175995 -0.0076875 -0.0133151 -0.018249 -0.00825 -0.0142894 -0.0279935 -0.0141421 -0.0156421 -0.0217 -0.0141421 -0.0156421 -0.0217 -0.0126421 -0.0141421 -0.0279935 -0.0126421 -0.0141421 -0.0217 -0.0128431 -0.0148921 -0.0279935 -0.0128431 -0.0148921 -0.0217 -0.0133921 -0.0154411 -0.0279935 -0.0133921 -0.0154411 2.03258e-10 -0.00465 -0.008054 0.011 -0.00465 -0.008054 -0.000499999 -0.0125 -0.0216506 -0.01075 -0.0143049 -0.0202657 -0.00855 -0.0138259 -0.0206333 -0.0069395 -0.0125172 -0.0216375 -0.0069338 -0.0125 -0.0216506 -0.01295 -0.0138259 -0.0206333 -0.015 -0.0125 -0.0216506 -0.0145605 -0.0125172 -0.0216375 -0.0145662 -0.0125 -0.0216506 -0.0033 -0.0141421 -0.0171421 -0.0033 -0.0141421 -0.0168921 -0.0033 -0.0126421 -0.0167402 -0.0033 -0.0127671 -0.0165237 -0.0033 -0.011544 -0.0156421 -0.0033 -0.0117605 -0.0155171 -0.0033 -0.0111421 -0.0141421 -0.0033 -0.0113921 -0.0141421 -0.003301 -0.0132671 -0.0156576 -0.0185 -0.0132671 -0.0156576 -0.0185 -0.0141421 -0.0158921 -0.003301 -0.0141421 -0.0158921 -0.01515 -0.0101428 -0.0217514 -0.0145605 -0.0121367 -0.0208216 -0.015 -0.0110027 -0.0222708 -0.01515 -0.0104221 -0.0223503 -0.01295 -0.0135963 -0.020141 -0.0117835 -0.0117652 -0.0209949 -0.0117835 -0.007856 -0.0126115 -0.01075 -0.008107 -0.0124945 -0.01075 -0.0120162 -0.0208778 -0.01075 -0.0141306 -0.0198919 -0.0097165 -0.007856 -0.0126115 -0.0097165 -0.0117652 -0.0209949 -0.00855 -0.0135963 -0.020141 -0.0069395 -0.0121367 -0.0208216 -0.00635 -0.0101428 -0.0217514 -0.00635 -0.010485 -0.0224853 -0.003301 -0.0128431 -0.0148921 -0.003301 -0.0126421 -0.0141421 -0.003301 -0.0123921 -0.0141421 -0.003301 -0.0141421 -0.0156421 -0.003301 -0.0133921 -0.0154411 -0.003301 -0.0126266 -0.0150171 -0.0185 -0.0141421 -0.0156421 -0.0185 -0.0133921 -0.0154411 6.18171e-10 -0.0141421 -0.0171421 5.52604e-10 -0.0126421 -0.0167402 -0.000299999 -0.0127671 -0.0165237 -0.000299999 -0.0117605 -0.0155171 -0.000299999 -0.0128921 -0.0148638 -0.0003 -0.0113921 -0.0141421 -0.000299999 -0.0141421 -0.0168921 -0.0016 -0.0128921 -0.0148638 -0.0185 -0.0126266 -0.0150171 -0.0125401 -0.0110795 -0.0213146 -0.0125401 -0.0071703 -0.0129313 -0.0089599 -0.0071703 -0.0129313 -0.0089599 -0.0110795 -0.0213146 -0.0185 -0.0128431 -0.0148921 5.04604e-10 -0.011544 -0.0156421 -0.0185 -0.0123921 -0.0141421 -0.0185 -0.0126421 -0.0141421 4.87037e-10 -0.0111421 -0.0141421 -0.01075 -0.0057293 -0.0122865 5.35465e-10 -0.01225 -0.0212176 0.0002 -0.0088958 -0.0132623 0.0002 -0.0073958 -0.0128604 3.23281e-10 -0.0073958 -0.0128604 3.88848e-10 -0.0088958 -0.0132623 4.36847e-10 -0.0099939 -0.0143604 0.0002 -0.0099939 -0.0143604 4.54415e-10 -0.0103958 -0.0158604 0.0002 -0.0103958 -0.0158604 0.0016 -0.0081958 -0.0144748 0.0016 -0.0073958 -0.0142604 0.0016 -0.0087814 -0.0150604 0.0016 -0.0089958 -0.0158604 0.0002 -0.0099939 -0.0173604 4.36847e-10 -0.0099939 -0.0173604 0.0016 -0.0087814 -0.0166604 -0.018 -0.01125 -0.0194856 -0.0159 -0.01125 -0.0194856 -0.0157 -0.0112768 -0.019532 -0.0155536 -0.01135 -0.0196588 -0.0217 -0.0057846 -0.0215884 -0.0217 -0.011175 -0.0193557 -0.017874 -0.0042445 -0.0158407 -0.0175995 -0.0041735 -0.0155756 -0.017874 -0.0039083 -0.0145859 -0.018249 -0.0038823 -0.0144889 -0.0175995 -0.0039793 -0.0148511 -0.018249 -0.0042705 -0.0159378 1.05213e-10 -0.002407 -0.0089831 0.011 -0.002407 -0.0089831 -0.015 -0.0064705 -0.0241481 -0.0109694 -0.0064705 -0.0241481 -0.01295 -0.0069612 -0.0239449 -0.0145605 -0.0084506 -0.023328 -0.015 -0.0099674 -0.0226997 -0.0005 -0.0064705 -0.0241481 -0.0069395 -0.0084506 -0.023328 -0.00855 -0.0069612 -0.0239449 -0.0105306 -0.0064705 -0.0241481 2.09714e-10 -0.0047977 -0.0143604 2.57714e-10 -0.0058958 -0.0132623 2.77178e-10 -0.0063411 -0.0236652 6.55671e-11 -0.0015 -0.0200981 3.23281e-10 -0.0073958 -0.0188604 1.13567e-10 -0.0025981 -0.019 2.57714e-10 -0.0058958 -0.0184585 1.31134e-10 -0.003 -0.0175 2.09714e-10 -0.0047977 -0.0173604 1.13567e-10 -0.0025981 -0.016 1.92147e-10 -0.0043958 -0.0158604 6.55671e-11 -0.0015 -0.0149019 3.88848e-10 -0.0088958 -0.0184585 -0.0054 -0.0086082 -0.0151604 -0.0054 -0.0087958 -0.0158604 -0.0054 -0.0086082 -0.0165604 -0.0054 -0.0080958 -0.0170728 -0.0054 -0.0073958 -0.0172604 -0.0054 -0.0066958 -0.0170728 -0.0054 -0.0061834 -0.0165604 -0.0054 -0.0059958 -0.0158604 -0.0054 -0.0061834 -0.0151604 -0.0054 -0.0066958 -0.014648 -0.0054 -0.0073958 -0.0144604 -0.0054 -0.0080958 -0.014648 -0.0089599 -0.005297 -0.0138048 -0.0089599 -0.0092062 -0.0221882 -0.008683 -0.0101428 -0.0217514 -0.008683 -0.0062336 -0.013368 -0.01075 -0.0061551 -0.0236109 -0.00855 -0.0066893 -0.0233618 -0.01295 -0.0066893 -0.0233618 -0.0069395 -0.008149 -0.0226811 -0.0145605 -0.008149 -0.0226811 -0.01075 -0.0082695 -0.0226249 -0.0117835 -0.0085205 -0.0225079 -0.0097165 -0.0085205 -0.0225079 -0.012817 -0.0101428 -0.0217514 -0.0125401 -0.0092062 -0.0221882 -0.0097165 -0.0046113 -0.0141246 -0.01075 -0.0043603 -0.0142416 -0.01075 -0.0064094 -0.0241562 -0.0117835 -0.0046113 -0.0141246 -0.0125401 -0.005297 -0.0138048 -0.012817 -0.0062336 -0.013368 0.0016 -0.0080958 -0.014648 0.0016 -0.0073958 -0.0144604 0.0016 -0.0066958 -0.014648 0.0016 -0.0061834 -0.0151604 0.0016 -0.0086082 -0.0151604 0.0016 -0.0059958 -0.0158604 0.0016 -0.0061834 -0.0165604 0.0016 -0.0066958 -0.0170728 0.0016 -0.0073958 -0.0172604 0.0016 -0.0080958 -0.0170728 0.0016 -0.0087958 -0.0158604 0.0016 -0.0086082 -0.0165604 0.0016 -0.0065958 -0.0144748 0.0016 -0.0073958 -0.0174604 0.0016 -0.0081958 -0.017246 0.0016 -0.0060102 -0.0150604 0.0016 -0.0065958 -0.017246 0.0016 -0.0060102 -0.0166604 0.0016 -0.0057958 -0.0158604 0.0002 -0.0058958 -0.0184585 0.0002 -0.0073958 -0.0188604 0.0002 -0.0047977 -0.0173604 0.0002 -0.0043958 -0.0158604 0.0002 -0.0047977 -0.0143604 0.0002 -0.0058958 -0.0132623 0.0002 -0.0088958 -0.0184585 -0.018 -0.0058234 -0.0217333 -0.0159 -0.0058234 -0.0217333 -0.0157 -0.0058373 -0.0217851 -0.0155536 -0.0058752 -0.0219265 -0.01295 -0.0038105 -0.0244983 -0.01075 -0.0044 -0.0244207 -0.00855 -0.0038105 -0.0244983 -0.0069395 -0.0022 -0.0247104 -0.0145605 -0.0022 -0.0247104 -0.015 -0.000559801 -0.0249263 -0.0097165 -0.0017901 -0.024 -0.01075 -0.002067 -0.024 -0.01075 -0.002067 -0.01475 -0.0097165 -0.0017901 -0.01475 -0.0125401 -0.0010335 -0.024 -0.0117835 -0.0017901 -0.024 -0.0145605 -0.0022 -0.024 -0.0069395 -0.0022 -0.024 -0.0089599 -0.0010335 -0.024 -0.00855 -0.0038105 -0.024 -0.01075 -0.0044 -0.024 -0.01295 -0.0038105 -0.024 -0.0089599 -0.0010335 -0.01475 -0.0125401 -0.0010335 -0.01475 -0.0117835 -0.0017901 -0.01475 0.0002 -0.0025981 -0.019 0.0002 -0.003 -0.0175 0.0002 -0.0015 -0.0200981 0.0002 -0.0015 -0.0149019 0.0002 -0.0025981 -0.016</float_array>
                    <technique_common>
                        <accessor count="2779" source="#shape0-lib-positions-array" stride="3">
                            <param name="X" type="float"/>
                            <param name="Y" type="float"/>
                            <param name="Z" type="float"/>
                        </accessor>
                    </technique_common>
                </source>
                <source id="shape0-lib-normals" name="normal">
                    <float_array id="shape0-lib-normals-array" count="16134">0 0 -1 0 0 -1 0 0 1 0 0 1 0 0 1 0 0 1 -1 0 0 -1 0 0 -1 0 0 -1 0 0 -1 -1.74572e-06 4.21455e-06 -1 0 0 -1 0 0 -1 0 0 -1 0 0 -1 0 0 -1 0 0 -1 0 0 -1 0 0 -1 0 0 -1 0 0 -1 0 0 -1 0 0 -1 0 0 -1 0 0 -1 0 0 -1 0 0 -1 0 0 -1 0 0 -1 0 0 -1 0 0 -1 0 0 -1 0 0 -1 0 0 -1 0 0 -1 0 0 -1 0 0 -1 0 0 -1 0 0 -1 0 0 -1 0 0 -1 0 0 -1 0 0 -1 0 0 -1 0 0 -1 0 0 -1 0 0 -1 0 0 -1 0 0 -1 0 0 -1 0 0 -1 0 0 -1 0 0 -1 0 0 -1 0 0 -1 0 0 -1 0 0 -1 0 0 -1 0 0 -1 0 0 -1 0 0 -1 0 0 0 1 0 0 1 0 1 0 0 1 0 0 1 -8.85847e-07 -7.26996e-07 1 5.40208e-07 1.01066e-06 1 0 0 1 -4.44984e-07 2.23708e-06 1 0 0 1 0 0 1 0 0 1 0 0 1 0 0 1 0 0 1 -4.07122e-07 -4.07122e-07 1 0 0 1 0 0 1 0 0 1 0 0 1 5.97125e-07 -5.579e-08 1 0 0 1 0 0 1 4.96026e-08 -6.46434e-08 1 2.85571e-08 -6.8943e-08 1 0 0 1 0 0 1 -2.9334e-07 -2.17701e-07 1 0 0 1 0 0 1 0 0 1 0 0 1 0 0 1 0 0 1 0 0 1 0 0 1 0 0 1 0 0 1 0 0 1 0 0 1 0 0 1 0 0 1 2.86513e-07 -1.82551e-07 1 0 0 1 0 0 1 2.73905e-08 3.56959e-08 1 1.87632e-08 4.52983e-08 1 0 0 1 -2.63401e-07 4.4511e-07 1 0 0 0 -1 0 0 -1 0 0 0.995186 -0.0980019 0 0.995186 -0.0980019 0 -0.995186 -0.0980019 0 -0.995186 -0.0980019 0 -0.995185 0.0980166 0 -0.995185 0.0980166 0 -0.95694 0.290285 0 -0.95694 0.290285 0 -0.881922 0.471396 0 -0.881922 0.471396 0 -0.77301 0.634394 0 -0.77301 0.634394 0 -0.634393 0.77301 0 -0.634393 0.77301 0 -0.471397 0.881921 0 -0.471397 0.881921 0 -0.290284 0.95694 0 -0.290284 0.95694 0 -0.0980175 0.995185 -1.81369e-15 -0.0980175 0.995185 0 0.0980175 0.995185 0 0.0980175 0.995185 0 0.290284 0.95694 0 0.290284 0.95694 0 0.471397 0.881921 0 0.471397 0.881921 0 0.634393 0.77301 0 0.634393 0.77301 0 0.77301 0.634393 0 0.77301 0.634393 0 0.881921 0.471397 0 0.881921 0.471397 0 0.95694 0.290285 0 0.95694 0.290285 0 0.995185 0.0980166 0 0.995185 0.0980166 0 -0.995185 0.0980173 0 -0.995185 0.0980173 0 -0.95694 0.290284 0 -0.95694 0.290284 0 -0.881921 0.471397 0 -0.881921 0.471397 0 -0.77301 0.634394 0 -0.77301 0.634394 0 -0.634393 0.77301 0 -0.634393 0.77301 0 -0.471397 0.881921 0 -0.471397 0.881921 0 -0.290285 0.95694 0 -0.290285 0.95694 0 -0.0980167 0.995185 0 -0.0980167 0.995185 0 0.0980167 0.995185 0 0.0980167 0.995185 0 0.290285 0.95694 0 0.290285 0.95694 0 0.471397 0.881921 0 0.471397 0.881921 0 0.634393 0.77301 0 0.634393 0.77301 0 0.77301 0.634394 0 0.77301 0.634394 0 0.881921 0.471397 0 0.881921 0.471397 0 0.95694 0.290285 0 0.95694 0.290285 0 0.995185 0.0980175 0 0.995185 0.0980167 3.73113e-07 0.995185 0.0980163 0 0.995185 -0.0980167 0 0.995185 -0.0980167 0 0.95694 -0.290285 0 0.95694 -0.290285 0 0.881921 -0.471397 0 0.881921 -0.471397 0 0.77301 -0.634394 0 0.77301 -0.634394 0 0.634393 -0.77301 0 0.634393 -0.77301 0 0.471397 -0.881921 0 0.471397 -0.881921 0 0.290285 -0.95694 0 0.290285 -0.95694 0 0.0980167 -0.995185 0 0.0980167 -0.995185 0 -0.0980167 -0.995185 0 -0.0980167 -0.995185 0 -0.290285 -0.95694 0 -0.290285 -0.95694 0 -0.471397 -0.881921 0 -0.471397 -0.881921 0 -0.634393 -0.77301 0 -0.634393 -0.77301 0 -0.77301 -0.634394 0 -0.77301 -0.634394 0 -0.881921 -0.471397 0 -0.881921 -0.471397 -1 0 0 -1 0 0 -1 3.92235e-06 -2.43856e-06 -1 -9.80868e-07 1.19519e-06 -1 0 0 -1 0 0 -1 0 0 -1 -5.49292e-07 5.49292e-07 -1 0 0 -1 0 0 -1 0 0 -1 0 0 -1 0 0 -1 0 0 -1 0 0 -1 0 0 -1 0 0 -1 0 0 -1 0 0 -1 0 0 -1 0 0 -1 0 0 -1 0 0 -1 0 0 -1 0 0 -1 0 0 -1 0 0 -1 0 0 -1 0 0 -1 0 0 -1 0 0 -1 0 0 -1 0 0 -1 0 0 -1 0 0 -1 0 0 -1 0 0 1 0 0 -1 0 0 -1 0 0 -1 0 0 -1 0 0 -1 0 0 -1 0 0 -1 0 0 -1 0 0 -1 0 0 -1 0 0 -1 0 0 -1 0 0 -1 0 0 -1 0 0 -1 0 0 -1 0 0 1 0 0 -1 0 0 -1 0 0 -1 0 0 -1 0 0 -1 0 0 -1 0 0 -1 0 0 -1 0 0 -1 0 0 -1 0 0 -1 0 0 -1 0 0 -1 0 0 -1 0 0 -1 0 0 -1 0 0 -1 0 0 -1 0 0 -1 0 0 -1 0 0 -1 0 0 -1 0 0 -1 4.48825e-07 1.47958e-06 -1 2.39039e-06 1.96174e-06 -1 -1.47957e-06 -4.48824e-07 -1 0 0 -1 0 0 -1 0 0 -1 1.01177e-06 5.83125e-07 -1 0 3.96017e-07 -1 0 0 -1 0 0 -1 -1.12163e-07 -1.67864e-07 -1 0 0 -1 0 0 -1 0 0 -1 0 0 -1 0 0 -1 0 0 -1 0 0 -1 0 0 -1 0 0 -1 -1.47957e-06 4.48824e-07 -1 2.39039e-06 -1.96174e-06 -1 4.48825e-07 -1.47958e-06 -1 0 0 -1 0 0 -1 -5.83125e-07 1.01177e-06 -1 -3.96017e-07 0 -1 0 0 -1 0 0 -1 1.67864e-07 -1.12163e-07 -1 0 0 -1 0 0 -1 0 0 -1 0 0 -1 0 0 -1 0 0 -1 0 0 -1 0 0 -1 0 0 -1 -9.80867e-07 -1.19519e-06 -1 3.92235e-06 2.43856e-06 -1 0 0 -1 0 0 -1 0 0 -1 0 0 -1 0 0 -1 0 0 -1 -5.49292e-07 -5.49292e-07 -1 0 0 -1 0 0 -1 0 0 -1 0 0 -1 0 0 -1 0 0 -1 0 0 -1 0 0 -1 0 0 0 -0.95694 -0.290284 0 -0.95694 -0.290284 0 -0.995185 -0.0980173 0 -0.995185 -0.0980173 -1 0 0 -1 0 0 -0.0592983 0.99824 0 -0.0592983 0.99824 0 1 0 0 1 0 0 -0.0592983 -0.99824 0 -0.0592983 -0.99824 0 0 0 -1 0 0 -1 0 0 1 0 0 1 -1 0 0 -1 0 0 -1 0 0 -1 0 0 -1 1.90952e-07 1.93877e-06 -1 0 0 -1 -1.50594e-06 -1.2359e-06 -1 0 0 -1 0 0 -1 0 0 -1 0 0 -1 0 0 -1 1.90952e-07 1.93877e-06 -1 0 0 -1 -1.50594e-06 -1.23589e-06 -1 0 0 -1 0 0 -1 0 0 -1 1.90952e-07 4.60999e-07 -1 -4.60999e-07 -1.90952e-07 -1 0 0 -1 0 0 -1 1.90952e-07 4.60999e-07 -1 -4.60999e-07 -1.90952e-07 -1 0 0 -1 1.41325e-07 2.11508e-07 -1 0 0 -1 1.41325e-07 2.11508e-07 -1 0 0 -1 0 0 1 0 0 1 0 0 1 0 0 1 0 0 1 0 0 1 0 0 1 0 0 1 0 0 1 0 0 1 0 0 1 0 0 1 0 0 1 0 0 1 0 0 1 0 0 1 0 0 1 0 0 1 0 0 1 0 0 1 0 0 1 0 0 1 0 0 1 0 0 1 0 0 1 0 0 1 0 0 1 0 0 1 0 0 1 0 0 1 0 0 1 0 0 1 0 0 1 0 0 1 0 0 1 0 0 1 0 0 1 0 0 1 0 0 1 0 0 1 0 0 1 0 0 1 0 0 1 0 0 1 0 0 1 0 0 1 0 0 1 0 0 1 0 0 0.704063 0.092683 -0.704063 0.703996 0.0927003 -0.704128 0.256796 -0.126164 0.958196 0.256613 -0.126152 0.958246 0.958242 0.0373263 -0.283513 0.958257 0.0373151 -0.283463 0.958234 -0.0373318 0.283538 0.958241 -0.0373264 0.283514 0.704062 -0.0926942 0.704062 0.704124 -0.0926946 0.704001 -0.256913 -0.126141 0.958167 -0.256878 -0.126145 0.958176 -0.256909 0.126138 -0.958168 -0.256882 0.126141 -0.958176 0.256794 0.126149 -0.958198 0.25685 0.126142 -0.958184 1 0 0 1 0 0 1 0 0 1 0 0 1 0 0 1 0 0 1 0 0 1 0 0 1 0 0 1 0 0 1 0 0 1 0 0 1 0 0 1 0 0 1 0 0 1 0 0 1 0 0 1 0 0 1 0 0 1 0 0 1 0 0 1 0 0 1 0 0 1 0 0 1 0 0 1 0 0 1 0 0 1 0 0 1 0 0 1 0 0 1 0 0 1 0 0 1 0 0 1 0 0 1 0 0 1 0 0 1 0 0 1 0 0 1 0 0 1 0 0 1 0 0 1 0 0 1 0 0 1 0 0 1 0 0 1 0 0 1 0 0 1 0 0 1 0 0 1 0 0 1 0 0 1 0 0 1 0 0 1 0 0 1 0 0 1 0 0 1 0 0 1 0 0 1 0 0 1 0 0 1 0 0 1 0 0 1 0 0 1 0 0 1 0 0 1 0 0 1 0 0 1 0 0 1 0 0 1 0 0 1 0 0 1 0 0 1 0 0 1 0 0 1 0 0 1 0 0 1 0 0 1 0 0 1 0 0 1 0 0 1 0 0 1 0 0 1 0 0 1 0 0 1 0 0 1 0 0 1 0 0 1 0 0 1 0 0 1 0 0 1 0 0 1 0 0 1 0 0 1 0 0 1 0 0 1 0 0 -1 0 0 -1 0 0 -1 0 0 -1 0 0 -1 0 0 -1 0 0 -1 0 0 -1 0 0 -1 0 0 -1 0 0 -1 0 0 -1 0 0 -1 0 0 -1 0 0 -1 0 0 -1 0 0 -1 0 0 -1 0 0 -1 0 0 -1 0 0 -1 0 0 -1 0 0 -1 0 0 -1 0 0 -1 0 0 -1 0 0 -1 0 0 -1 0 0 -1 0 0 -1 0 0 -1 0 0 -1 0 0 -1 0 0 -1 0 0 -1 0 0 -1 0 0 -1 0 0 -1 0 0 -1 0 0 -1 0 0 -1 0 0 -1 0 0 -1 0 0 -1 0 0 -1 0 0 -1 0 0 -1 0 0 -1 0 0 -1 0 0 -1 0 0 -1 0 0 -1 0 0 -1 0 0 -1 0 0 -1 0 0 -1 0 0 -1 0 0 -1 0 0 -1 0 0 -1 0 0 -1 0 0 -1 0 0 -1 0 0 -1 0 0 -1 0 0 -1 0 0 -1 0 0 -1 0 0 -1 0 0 -1 0 0 -1 0 0 -1 0 0 -1 0 0 -1 0 0 -1 0 0 -1 0 0 -1 0 0 -1 0 0 -1 0 0 -1 0 0 -1 0 0 -1 0 0 -1 0 0 -1 0 0 -1 0 0 -1 0 0 -1 0 0 -1 0 0 -1 0 0 -1 0 0 -1 0 0 -1 0 0 -1 0 0 -1 0 0 -1 0 0 -1 0 0 5.70601e-09 -0.130538 0.991443 0 -0.130538 0.991443 0 0.130525 -0.991445 0 0.130525 -0.991445 -1 0 0 -1 0 0 -1 0 0 -1 0 0 -1 0 0 -1 0 0 -1 0 0 -1 0 0 -1 0 0 -1 0 0 -1 0 0 -1 0 0 -1 0 0 -1 0 0 -1 0 0 -1 0 0 -1 0 0 -1 0 0 -1 0 0 -1 0 0 -1 0 0 -1 0 0 1 0 0 1 0 0 1 0 0 1 0 0 1 0 0 1 0 0 1 0 0 1 0 0 1 0 0 1 0 0 1 0 0 1 0 0 1 0 0 1 0 0 1 0 0 1 0 0 1 0 0 1 0 0 1 0 0 1 0 0 1 0 0 1 0 0 -3.97261e-05 0.130392 -0.991463 2.50261e-05 0.130558 -0.991441 1.20162e-05 0.130531 -0.991444 -0.00483558 0.151363 -0.988467 0 0.130572 -0.991439 -5.9145e-09 0.130572 -0.991439 1.91563e-05 0.130733 -0.991418 -1.55015e-05 0.130462 -0.991453 -4.25706e-09 0.130531 -0.991444 5.70643e-09 -0.130548 0.991442 9.07274e-09 -0.130548 0.991442 0.704062 0.0926986 -0.704062 0.704065 0.0926949 -0.70406 1 0 0 1 0 0 1 0 0 1 0 0 1 0 0 1 0 0 1 0 0 1 0 0 1 0 0 1 0 0 1 0 0 1 0 0 1 0 0 1 0 0 1 0 0 1 0 0 1 0 0 1 0 0 1 0 0 1 0 0 1 0 0 1 0 0 7.60142e-06 0.130532 -0.991444 -1.03641e-05 0.130559 -0.991441 2.22823e-06 0.130522 -0.991445 5.59868e-06 0.130505 -0.991448 -6.10148e-09 0.131429 -0.991326 0 0.131429 -0.991326 -1.35169e-05 0.130505 -0.991448 -3.35246e-06 0.130526 -0.991445 2.3537e-05 0.130546 -0.991442 -0.000105869 0.130533 -0.991444 -4.37896e-09 0.130511 -0.991447 1 0 0 1 0 0 1 0 0 1 0 0 1 0 0 1 0 0 1 0 0 1 0 0 1 0 0 1 0 0 0.258797 -0.965932 0 0.258797 -0.965932 0 0.258824 -0.965925 0 0.258824 -0.965925 0 0.132778 -0.495578 -0.858354 0.707106 -0.707107 0 0.707106 -0.707107 0 -0.704069 0.0926957 -0.704056 -0.704062 0.0926962 -0.704062 -0.704017 0.0926952 -0.704108 0.707107 -0.707107 0 0.707107 -0.707107 0 0.362785 -0.362786 -0.858355 0.965932 -0.258797 0 0.965932 -0.258797 0 0.965925 -0.258823 -8.816e-06 0.965925 -0.258824 0 0.965925 -0.258824 0 0.495578 -0.132778 -0.858354 0.258793 0.875419 0.40825 0.258845 0.87532 0.40843 0.258774 0.87544 0.408218 -0.965932 -0.258798 0 -0.965932 -0.258798 0 -0.965925 -0.258824 0 -0.965925 -0.258824 0 -0.495578 -0.132778 -0.858354 -0.707107 -0.707107 0 -0.707107 -0.707107 0 -0.707107 -0.707107 0 -0.707107 -0.707107 0 -0.362786 -0.362786 -0.858355 -0.258797 -0.965932 0 -0.258797 -0.965932 0 -0.258824 -0.965925 0 -0.258824 -0.965925 0 -0.132778 -0.495578 -0.858354 -0.258793 0.875435 0.408215 -0.258773 0.875409 0.408283 -0.258862 0.875402 0.408242 4.81916e-08 -0.965914 -0.258865 4.76224e-08 -0.965914 -0.258865 0.704062 0.0926893 -0.704063 0.704017 0.092702 -0.704107 4.81916e-08 -0.965914 0.258865 4.76224e-08 -0.965914 0.258865 2.93993e-08 -0.707107 0.707106 3.36186e-08 -0.707107 0.707106 3.52791e-08 -0.707106 -0.707108 2.80155e-08 -0.707106 -0.707108 1.07628e-08 -0.258865 0.965914 1.12053e-08 -0.258865 0.965914 1.13153e-08 -0.258865 -0.965914 8.40395e-09 -0.258865 -0.965914 0.189012 -0.739883 -0.645638 0.50859 -0.34737 -0.787826 0.508493 -0.347139 -0.787991 0.508548 -0.3473 -0.787885 0.0692897 -0.705304 -0.705511 0.0691661 -0.705414 -0.705413 0.186218 -0.254323 -0.949022 0.186181 -0.254288 -0.949039 -0.069166 -0.705414 -0.705413 -0.0692896 -0.705303 -0.705511 -0.186176 -0.25431 -0.949034 -0.186225 -0.254286 -0.949031 1 0 0 1 0 0 1 0 0 1 1.26031e-07 7.2766e-08 1 4.2612e-07 -4.26121e-07 1 5.82078e-07 -1.55997e-07 1 0 1.66307e-07 1 0 -1.66307e-07 1 0 0 1 0 0 1 1.2603e-07 -7.27666e-08 1 4.26118e-07 4.26117e-07 1 5.82077e-07 1.55996e-07 1 4.2612e-07 4.26121e-07 1 1.26031e-07 -7.2766e-08 1 0 0 1 0 0 1 1.2603e-07 7.27665e-08 1 4.26118e-07 -4.26117e-07 1 5.82077e-07 -1.55996e-07 1 0 1.66307e-07 1 0 0 1 6.6523e-07 1.19742e-08 1 0 0 0.694768 0.186186 -0.694717 0.694748 0.186146 -0.694748 0.694759 0.508581 -0.508582 0.694759 0.508582 -0.508582 -0.189012 -0.739883 -0.645638 -0.508517 -0.347352 -0.787881 -0.508598 -0.347352 -0.787829 -0.508601 -0.34735 -0.787828 0 0.258804 -0.96593 0 0.258804 -0.96593 0 0.707107 -0.707107 0 0.707107 -0.707107 0 0.96593 -0.258805 0 0.96593 -0.258805 0.694768 0.694718 -0.186184 0.694748 0.694748 -0.186146 0 0.96593 0.258805 0 0.96593 0.258805 0 0.707107 0.707107 0 0.707107 0.707107 -1.13127e-08 0.258805 0.96593 0 0.258805 0.96593 0.694748 0.694748 0.186146 0.694768 0.694718 0.186185 0.694759 0.508582 0.508581 0.694759 0.508582 0.508582 0.694748 0.186146 0.694748 0.694768 0.186184 0.694718 -2.89446e-08 0.130532 -0.991444 -3.68674e-08 0.130532 -0.991444 -0.256803 0.126154 -0.958195 -0.25694 0.126145 -0.958159 -0.704063 0.0926921 -0.704063 -0.704035 0.0926971 -0.70409 -0.965352 0.0340617 -0.258719 -0.965359 0.0340575 -0.258694 0 -0.130527 0.991445 5.70553e-09 -0.130527 0.991445 1 0 0 1 0 0 1 0 0 1 0 0 1 0 0 1 0 0 1 0 0 1 0 0 1 0 0 1 1.61005e-07 2.7886e-07 1 4.96009e-06 -2.05452e-06 1 5.40766e-06 -3.8478e-07 1 0 0 1 0 0 1 0 0 1 0 0 1 0 0 1 0 0 1 0 0 1 0 0 1 1.61005e-07 -2.7886e-07 1 4.96009e-06 2.05452e-06 1 5.32294e-06 7.0082e-07 1 0 -3.27124e-07 1 0 0 1 4.96009e-06 2.05452e-06 1 1.61005e-07 -2.7886e-07 1 0 0 1 0 0 1 0 0 1 0 0 1 0 0 1 0 0 1 0 0 1 0 0 1 0 0 1 0 0 1 0 0 1 0 0 1 0 0 1 0 0 1 1.61005e-07 2.7886e-07 1 4.96009e-06 -2.05452e-06 1 5.32294e-06 -7.0082e-07 1 0 3.27124e-07 1 0 0 1 5.40766e-06 3.8478e-07 1 0 0 -0.704063 0.0926881 -0.704063 -0.704018 0.0927015 -0.704106 0 0.130534 -0.991444 0 0.130534 -0.991444 0.703985 0.271791 -0.656152 0.704059 0.271754 -0.656088 0.25667 -0.369858 0.892931 0.256618 -0.369868 0.892942 0.95826 0.109407 -0.264137 0.958249 0.109424 -0.264168 0.958238 -0.109437 0.264203 0.958249 -0.10942 0.26417 0.704104 -0.271739 0.656045 0.704058 -0.271762 0.656085 -0.256863 -0.369843 0.892881 -0.256564 -0.369893 0.892947 -0.256563 0.369881 -0.892952 -0.256867 0.369833 -0.892885 0.25667 0.369856 -0.892932 0.25684 0.369853 -0.892884 0 -0.382677 0.923882 0 -0.382677 0.923882 0 0.38268 -0.923881 0 0.38268 -0.923881 0 0.382654 -0.923892 2.12194e-05 0.382699 -0.923873 0 0.38269 -0.923877 0 0.382704 -0.923871 -4.38902e-05 0.382604 -0.923912 -1.82202e-08 0.38269 -0.923877 3.71251e-08 -0.382683 0.92388 0 -0.382683 0.92388 0.704063 0.271752 -0.656084 0.704055 0.271766 -0.656087 -1.77616e-08 0.382595 -0.923916 4.85106e-06 0.382663 -0.923888 1.41194e-05 0.382689 -0.923877 3.50547e-05 0.382715 -0.923866 0 0.382683 -0.92388 -0.000101419 0.382669 -0.923885 -1.62394e-05 0.382653 -0.923892 0 0.382595 -0.923916 0 0.382682 -0.92388 1 0 0 1 0 0 1 0 0 1 0 0 1 0 0 1 0 0 1 0 0 1 0 0 1 0 0 1 0 0 -0.965934 -0.234543 -0.109368 -0.965931 -0.234551 -0.109373 -9.3137e-08 0.422553 -0.906338 -8.94506e-08 0.422606 -0.906313 -4.6314e-08 0.422606 -0.906313 -5.1653e-08 0.422676 -0.906281 3.80047e-06 0.422776 -0.906234 0 0.422663 -0.906287 0 0.422627 -0.906304 1.1518e-06 0.42263 -0.906303 2.65871e-05 0.42259 -0.906321 -3.93599e-06 0.422777 -0.906234 0 0.422663 -0.906287 -6.8251e-05 0.422506 -0.90636 -9.07595e-06 0.422607 -0.906313 6.49681e-06 0.422512 -0.906358 -5.16537e-08 0.422682 -0.906278 -6.63233e-06 0.422511 -0.906358 9.07148e-06 0.422607 -0.906313 6.82509e-05 0.422506 -0.90636 -2.65871e-05 0.42259 -0.906321 -2.45181e-06 0.422628 -0.906303 0 0.422629 -0.906303 0 0.422617 -0.906308 0 0.422633 -0.906301 -5.55723e-08 0.422633 -0.906301 -0.965926 -0.234566 -0.109391 -0.965629 -0.234346 -0.112437 -0.965932 -0.234552 -0.109366 -0.495543 0.24237 -0.834083 -0.707091 -0.640872 -0.29884 -0.707111 -0.640853 -0.298835 -0.362806 0.0339993 -0.931244 -0.132755 -0.0863752 -0.987378 0.132755 -0.0863752 -0.987378 0.70711 -0.640855 -0.298832 0.70709 -0.640871 -0.298843 0.362806 0.0339992 -0.931244 0.965934 -0.234541 -0.109367 0.965932 -0.23455 -0.109373 0.965926 -0.234565 -0.109391 0.965925 -0.23457 -0.109385 0.965932 -0.234528 -0.10942 0.965477 -0.236077 -0.110096 -0.704054 0.27176 -0.65609 -0.704081 0.271734 -0.656072 -0.704008 0.271784 -0.65613 -0.704191 0.271742 -0.655951 -0.704019 0.271765 -0.656126 0.495543 0.24237 -0.834083 0.965929 0.234561 0.109376 0.965929 0.234561 0.109376 0.965922 0.234591 0.109372 0.965925 0.234564 0.109402 0.965921 0.234581 0.109398 0.495543 0.483136 -0.721815 0.70709 0.640871 0.298843 0.70711 0.640854 0.298832 0.707122 0.640845 0.298826 0.707131 0.640855 0.298782 0.362757 0.691574 -0.624606 0.258822 0.875425 0.408218 0.258823 0.875425 0.408218 0.13282 0.81189 -0.568501 -0.258824 0.875425 0.408218 -0.258822 0.875425 0.408218 -0.13282 0.81189 -0.568502 -0.707091 0.640871 0.298843 -0.707111 0.640854 0.298832 -0.707132 0.640854 0.298782 -0.707122 0.640844 0.298826 -0.362758 0.691573 -0.624606 -0.965928 0.234562 0.109377 -0.965928 0.234562 0.109377 -0.965923 0.234588 0.10937 -0.965922 0.234586 0.109382 -0.495543 0.483136 -0.721815 -1.72205e-08 0.258865 -0.965914 -1.68079e-08 0.258865 -0.965914 -4.70389e-08 0.707107 -0.707106 -5.04278e-08 0.707107 -0.707106 0.704018 0.27178 -0.656121 0.704054 0.271761 -0.65609 0.684548 0.125277 -0.718122 0.684555 0.125262 -0.718118 0.250572 0.250558 -0.935112 0.250574 0.250556 -0.935112 -0.250572 0.250558 -0.935112 -0.250574 0.250556 -0.935112 1 0 0 1 1.45519e-07 0 1 1.55997e-07 -5.82077e-07 1 4.26118e-07 -4.26118e-07 1 8.31615e-08 1.44035e-07 1 0 0 1 0 0 1 0 0 1 1.45519e-07 0 1 1.55998e-07 5.82076e-07 1 4.26118e-07 4.26118e-07 1 8.3162e-08 -1.44034e-07 1 0 0 1 0 0 1 0 0 1 0 0 1 0 0 1 0 0 1 0 0 1 0 0 1 0 0 1 0 0 1 0 0 1 0 0 0 0.258804 -0.96593 0 0.258804 -0.96593 0 0.707107 -0.707107 0 0.707107 -0.707107 0 0.96593 -0.258804 0 0.96593 -0.258804 0.694742 0.186191 -0.694742 0.694762 0.186142 -0.694735 0.694759 0.508581 -0.508582 0.694758 0.508582 -0.508582 0.694768 0.694718 -0.186184 0.694748 0.694748 -0.186146 0 -0.965913 0.258865 0 -0.965913 0.258865 0 -0.707107 0.707106 0 -0.707107 0.707106 0 -0.258867 0.965913 1.68079e-08 -0.258867 0.965913 0.694748 0.694748 0.186146 0.694768 0.694718 0.186184 0.694759 0.508581 0.508582 0.694759 0.508582 0.508581 1.72205e-08 -0.258865 -0.965914 0 -0.258865 -0.965914 0 -0.707107 -0.707106 0 -0.707107 -0.707106 0 -0.965914 -0.258865 0 -0.965914 -0.258865 0 -0.258804 -0.96593 0 -0.258804 -0.96593 0.694742 -0.694742 -0.186191 0.694762 -0.694735 -0.186143 0.694758 -0.508582 -0.508582 0.694759 -0.508581 -0.508582 0.694768 -0.186184 -0.694718 0.694748 -0.186146 -0.694748 -1.72206e-08 0.258867 0.965913 -1.68079e-08 0.258867 0.965913 -6.44303e-08 0.965914 -0.258865 -6.42555e-08 0.965914 -0.258865 -4.70389e-08 0.707107 0.707106 -4.48247e-08 0.707107 0.707106 -6.42555e-08 0.965913 0.258865 -6.44304e-08 0.965913 0.258865 -0.684548 0.125277 -0.718122 -0.684555 0.125262 -0.718118 0 0.258804 0.96593 0 0.258804 0.96593 0.694762 0.186142 0.694735 0.694742 0.186192 0.694742 0 -0.258804 0.96593 0 -0.258804 0.96593 0 -0.707107 0.707106 0 -0.707107 0.707106 0 -0.96593 0.258805 0 -0.96593 0.258805 0.694762 -0.186142 0.694735 0.694742 -0.186191 0.694742 0.694759 -0.508581 0.508581 0.694759 -0.508582 0.508581 0.694748 -0.694748 0.186146 0.694768 -0.694718 0.186184 0 -0.96593 -0.258805 0 -0.96593 -0.258805 0 -0.707107 -0.707107 0 -0.707107 -0.707107 -8.48553e-08 0.382673 -0.923884 0 0.382673 -0.923884 -0.256721 0.369856 -0.892917 -0.256963 0.369823 -0.892861 -0.704042 0.271765 -0.656101 -0.704095 0.271742 -0.656054 -0.965362 0.0998467 -0.241055 -0.965351 0.0998622 -0.241089 0 -0.382689 0.923877 0 -0.382689 0.923877 -0.704019 0.271772 -0.656122 -0.704053 0.271754 -0.656094 0 0.382672 -0.923884 0 0.382672 -0.923884 0.704077 0.432299 -0.563376 0.704063 0.43231 -0.563386 0.256655 -0.588352 0.766792 0.25692 -0.588331 0.76672 0.958245 0.174076 -0.226858 0.958242 0.174083 -0.226866 0.958241 -0.174078 0.22687 0.958245 -0.17407 0.226862 0.704078 -0.432282 0.563388 0.70406 -0.432295 0.563401 -0.256971 -0.588322 0.766709 -0.256562 -0.588366 0.766812 -0.25697 0.588306 -0.766722 -0.25656 0.588393 -0.766792 0.256655 0.588377 -0.766773 0.256916 0.588315 -0.766733 0 -0.258865 -0.965914 0 -0.258865 -0.965914 0 -0.707106 -0.707107 0 -0.707106 -0.707107 0 -0.965914 -0.258863 0 -0.965914 -0.258863 0 -0.965914 0.258864 0 -0.965914 0.258864 0 -0.707107 0.707107 0 -0.707107 0.707107 0 0.707107 -0.707107 0 0.707107 -0.707107 0 0.258865 -0.965914 0 0.258865 -0.965914 -1 0 0 -1 0 0 -1 0 0 -1 0 0 -1 0 0 -1 0 0 -1 0 0 -1 0 0 -1 0 0 -1 0 0 -0.694723 -0.186196 -0.694759 -0.694744 -0.186173 -0.694744 -0.694758 -0.508582 -0.508582 -0.694757 -0.508583 -0.508583 -0.694723 -0.69476 -0.186194 -0.694743 -0.694745 -0.186173 -0.694741 -0.694743 0.18619 -0.694721 -0.694766 0.186179 -0.694757 -0.508583 0.508583 -0.694757 -0.508583 0.508583 -0.694758 0.508582 -0.508582 -0.694758 0.508582 -0.508582 -0.694742 0.186191 -0.694742 -0.694721 0.186179 -0.694766 0 -0.608752 0.793361 0 -0.608752 0.793361 0 0.608762 -0.793353 0 0.608762 -0.793353 0 0.608704 -0.793398 -2.47904e-05 0.608749 -0.793363 0 0.608766 -0.79335 0 0.608703 -0.793398 1.16303e-05 0.608764 -0.793352 0 0.608749 -0.793363 0 -0.608777 0.793341 0 -0.608777 0.793341 0.704054 0.432323 -0.563387 0.704075 0.432288 -0.563387 0 0.608755 -0.793358 1.66348e-05 0.608769 -0.793348 -2.19238e-06 0.608762 -0.793353 -0.0109343 0.608143 -0.793752 0 0.608753 -0.79336 1.20758e-05 0.608753 -0.79336 1.20701e-06 0.608761 -0.793353 -1.28743e-05 0.60878 -0.793339 0 0.60589 -0.795548 1.5862e-08 -0.258864 0.965914 1.5482e-08 -0.258864 0.965914 -0.258813 -0.875433 -0.408208 -0.25883 -0.875399 -0.40827 0.25883 -0.875429 -0.408206 0.258818 -0.875402 -0.408271 -0.704108 0.432277 -0.563354 -0.704056 0.432303 -0.563401 -1.5862e-08 0.258865 -0.965914 -1.5654e-08 0.258865 -0.965914 0 -0.258804 0.96593 0 -0.258804 0.96593 0.704055 0.43231 -0.563396 0.704108 0.432271 -0.563359 0 0.258798 -0.965932 0 0.258798 -0.965932 0 -0.500006 0.866022 0 -0.500006 0.866022 0 -0.707106 0.707107 4.3353e-08 -0.707107 0.707107 -4.33531e-08 0.707107 -0.707107 -4.33282e-08 0.707107 -0.707107 0 -0.707107 0.707107 0 -0.707107 0.707107 0 0.707107 -0.707107 0 0.707107 -0.707107 1 0 0 1 1.55221e-07 0 1 1.46646e-07 8.46684e-08 1 0 0 1 0 0 1 0 0 1 0 0 1 0 0 1 1.55221e-07 0 1 1.46646e-07 -8.46688e-08 1 0 0 1 0 0 1 0 0 1 0 0 1 0 0 1 0 0 1 0 0 1 0 0 1 0 0 1 0 0 1 0 0 1 0 0 1 0 0 1 0 0 -4.33281e-08 0.707107 -0.707107 -4.33531e-08 0.707107 -0.707107 -1 0 0 -1 0 0 -1 -1.33046e-07 7.51021e-06 -1 -1.33046e-07 -4.96441e-07 -1 0 0 -1 0 0 -1 0 0 -1 0 0 -1 -1.55234e-07 -2.68865e-07 -1 0 0 -1 0 0 -1 0 0 -1 0 0 -1 -1.55234e-07 2.68866e-07 -1 -6.81787e-07 -6.81786e-07 -1 -2.49594e-07 -9.31319e-07 -1 -1.33046e-07 -7.51021e-06 -1 0 0 -1 0 0 -1 0 0 -1 0 0 -1 -6.81788e-07 6.81788e-07 -1 -2.49593e-07 9.31323e-07 -1 -1.33046e-07 4.96441e-07 4.33281e-08 -0.707107 0.707107 4.09446e-08 -0.707107 0.707107 0 0.707107 -0.707107 0 0.707107 -0.707107 1 4.23328e-08 1.54931e-08 1 4.91688e-08 -1.00186e-08 1 3.68899e-08 7.97695e-09 1 3.61423e-08 -1.80543e-08 1 3.28567e-08 -1.23632e-08 1 3.88051e-08 0 1 3.28567e-08 1.23632e-08 1 3.61423e-08 1.80543e-08 1 3.68899e-08 -7.97696e-09 1 4.23328e-08 0 1 4.23328e-08 0 1 4.90023e-08 -4.21955e-09 1 4.45477e-08 -1.19355e-08 1 3.88051e-08 0 1 4.45477e-08 1.19355e-08 1 4.90023e-08 4.21955e-09 1 4.86166e-08 -9.20932e-09 1 4.23328e-08 0 0 -0.707107 0.707107 0 -0.707107 0.707107 1 0 0 1 6.98492e-08 4.03267e-08 1 4.65661e-08 0 1 4.65661e-08 -8.06536e-08 -5.91866e-08 0.965914 -0.258864 -5.88316e-08 0.965914 -0.258864 -0.258822 -0.875427 -0.408214 -0.258859 -0.875416 -0.408214 0.258823 -0.875425 -0.408218 0.25886 -0.875418 -0.40821 5.91866e-08 -0.965914 0.258864 5.90036e-08 -0.965914 0.258864 0 0.96593 -0.258804 0 0.96593 -0.258804 0 -0.965931 0.258799 0 -0.965931 0.258799 0 1 0 0 1 0 -5.91866e-08 0.965914 0.258864 -5.88316e-08 0.965914 0.258864 5.91866e-08 -0.965914 -0.258863 5.90035e-08 -0.965914 -0.258863 0 0.96593 0.258804 0 0.96593 0.258804 0 -0.965931 -0.258799 0 -0.965931 -0.258799 -4.33282e-08 0.707107 0.707106 -4.33531e-08 0.707107 0.707106 4.33281e-08 -0.707106 -0.707107 4.33531e-08 -0.707106 -0.707107 0 0.707106 0.707107 0 0.707106 0.707107 0 -0.707107 -0.707106 0 -0.707107 -0.707106 0 0.500006 0.866022 0 0.500006 0.866022 -1.5862e-08 0.258864 0.965914 -1.5482e-08 0.258864 0.965914 -0.707105 -0.640846 -0.298863 -0.707102 -0.640842 -0.298877 0.707105 -0.640846 -0.298863 0.707102 -0.640842 -0.298877 1.5862e-08 -0.258865 -0.965914 1.5654e-08 -0.258865 -0.965914 0 0.258804 0.96593 0 0.258804 0.96593 0 -0.258798 -0.965932 0 -0.258798 -0.965932 0.684542 0.559288 -0.467546 0.684545 0.559289 -0.46754 0.50869 0.855904 -0.0930684 0.508554 0.855981 -0.0931111 0.508618 0.855942 -0.093123 0.250582 0.684558 -0.684536 0.250601 0.684544 -0.684543 0.186203 0.949028 -0.254314 0.186142 0.949046 -0.25429 -0.250584 0.684547 -0.684546 -0.250599 0.684556 -0.684531 -0.186151 0.949032 -0.254336 -0.186197 0.949036 -0.254287 -0.684542 0.559287 -0.467547 -0.684545 0.559289 -0.46754 -0.508612 0.855946 -0.0931139 -0.508566 0.855959 -0.093249 -0.50864 0.855943 -0.0929882 0 0.96593 0.258804 0 0.96593 0.258804 0 0.707107 0.707106 0 0.707107 0.707106 0 0.608765 -0.793351 0 0.608765 -0.793351 -0.256787 0.58835 -0.766749 -0.256733 0.58836 -0.76676 -0.704091 0.432289 -0.563367 -0.704 0.432347 -0.563436 -0.965351 0.15886 -0.207027 -0.965342 0.158881 -0.207053 0 -0.608748 0.793364 0 -0.608748 0.793364 1 0 0 1 0 0 1 0 0 1 0 0 1 0 0 1 0 0 1 0 0 1 0 0 1 0 0 1 0 0 1 0 0 1 0 0 1 0 0 1 0 0 1 0 0 1 0 0 1 0 0 1 0 0 1 0 0 1 0 0 1 0 0 1 0 0 1 0 0 1 0 0 -0.704054 0.43232 -0.563389 -0.704111 0.432278 -0.563351 0 0.608772 -0.793345 -3.54352e-07 0.608772 -0.793345 0.704063 0.563386 -0.43231 0.704077 0.563376 -0.432299 0.256919 -0.766736 0.588309 0.256654 -0.766776 0.588374 0.958242 0.226866 -0.174083 0.958245 0.226858 -0.174076 0.958245 -0.226861 0.174071 0.958241 -0.226871 0.174077 0.70406 -0.563401 0.432295 0.704078 -0.563388 0.432282 -0.256971 -0.766709 0.588322 -0.256563 -0.766812 0.588366 -0.256561 0.766808 -0.588373 -0.256971 0.766706 -0.588327 0.256654 0.766773 -0.588377 0.256916 0.766733 -0.588315 0 -0.258864 0.965914 0 -0.258864 0.965914 0 0.258863 0.965914 0 0.258863 0.965914 0 0.707107 0.707106 0 0.707107 0.707106 0 0.965914 0.258864 0 0.965914 0.258864 0 0.965914 -0.258863 0 0.965914 -0.258863 -0.694723 -0.186195 0.69476 -0.694743 -0.186173 0.694745 -0.694741 0.18619 0.694743 -0.694721 0.186179 0.694766 -0.694758 0.508582 0.508582 -0.694757 0.508583 0.508582 -0.694741 0.694743 0.18619 -0.694721 0.694766 0.186179 -0.694723 0.69476 -0.186194 -0.694743 0.694745 -0.186173 0 -0.793361 0.608752 0 -0.793361 0.608752 0 0.793353 -0.608762 0 0.793353 -0.608762 -6.71692e-08 0.793346 -0.608771 9.03026e-06 0.793372 -0.608737 -4.04377e-06 0.793337 -0.608783 5.54574e-05 0.793474 -0.608604 -1.34181e-06 0.793361 -0.608751 0 0.793363 -0.608749 0 0.793363 -0.608749 1.8805e-06 0.793362 -0.60875 -7.03203e-05 0.793435 -0.608655 0 -0.793341 0.608777 0 -0.793341 0.608777 0.704075 0.563387 -0.432288 0.704055 0.563386 -0.432323 0 0.793365 -0.608747 0 0.793365 -0.608747 -0.704108 0.563363 -0.432267 -0.704057 0.563395 -0.432308 0.704108 0.563354 -0.432277 0.704049 0.563409 -0.432302 0 -0.965914 0.258864 0 -0.965914 0.258864 0 0.965914 -0.258865 -5.90035e-08 0.965913 -0.258866 0 -0.96593 0.258804 0 -0.96593 0.258804 0 0.965932 -0.258798 0 0.965932 -0.258798 0 -1 0 0 -1 0 0 -0.965914 -0.258864 0 -0.965914 -0.258864 -0.258806 0 0.965929 -0.258806 0 0.965929 -0.707106 0 0.707107 -0.707106 0 0.707107 -0.965929 -5.67566e-08 0.258806 -0.965929 0 0.258807 -0.136707 0.849107 0.510224 -0.373514 0.849102 0.373514 0.965929 0 0.258807 0.965929 0 0.258807 0.707107 0 0.707107 0.707107 0 0.707107 0.258806 0 0.965929 0.258806 0 0.965929 0.373514 0.849102 0.373514 0.136707 0.849107 0.510224 0.707107 0 -0.707107 0.707107 0 -0.707107 0.965929 0 -0.258807 0.965929 0 -0.258807 -0.965929 0 -0.258807 -0.965929 -5.63551e-08 -0.258807 -0.707106 0 -0.707107 -0.707106 0 -0.707107 0 0.965913 0.258866 -5.90036e-08 0.965914 0.258865 0 -0.96593 -0.258804 0 -0.96593 -0.258804 0 0.965932 0.258798 0 0.965932 0.258798 4.33281e-08 -0.707106 -0.707108 0 -0.707106 -0.707107 -0.510224 0.849107 0.136707 0.510224 0.849107 0.136707 0.258806 0 -0.965929 0.258806 0 -0.965929 0.136707 0.849107 -0.510224 0.373514 0.849102 -0.373514 0.510224 0.849107 -0.136707 -0.258806 0 -0.965929 -0.258806 0 -0.965929 -0.510224 0.849107 -0.136707 -0.373514 0.849102 -0.373514 -0.136707 0.849107 -0.510224 -4.33282e-08 0.707107 0.707106 -4.33531e-08 0.707107 0.707106 0 -0.707107 -0.707106 0 -0.707107 -0.707106 0 0.707106 0.707107 0 0.707106 0.707107 0 -0.500006 -0.866022 0 -0.500006 -0.866022 1.5862e-08 -0.258864 -0.965914 1.5482e-08 -0.258864 -0.965914 -1.58619e-08 0.258863 0.965914 -1.5654e-08 0.258863 0.965914 0 -0.258804 -0.96593 0 -0.258804 -0.96593 0 0.258799 0.965931 0 0.258799 0.965931 -1.5862e-08 0.258864 -0.965914 -1.5482e-08 0.258864 -0.965914 1.58619e-08 -0.258864 0.965914 1.5654e-08 -0.258864 0.965914 0 0.258804 -0.96593 0 0.258804 -0.96593 0 -0.258799 0.965931 0 -0.258799 0.965931 0 0.500006 -0.866022 0 0.500006 -0.866022 0.189006 0.928955 0.318306 0.0690988 0.963578 0.258345 0.0691689 0.963595 0.258263 -0.0691689 0.963595 0.258263 -0.0690988 0.963578 0.258345 -0.189006 0.928955 0.318306 0 0.793351 -0.608765 0 0.793351 -0.608765 -0.256732 0.766761 -0.588359 -0.256788 0.766748 -0.588352 -0.704 0.563436 -0.432347 -0.704091 0.563367 -0.432289 -0.965342 0.207053 -0.158882 -0.965351 0.207027 -0.15886 0 -0.793364 0.608748 0 -0.793364 0.608748 -0.704054 0.563395 -0.432312 -0.704111 0.563344 -0.432285 -4.87129e-07 0.793345 -0.608772 -4.61787e-07 0.793345 -0.608772 0.704059 0.656088 -0.271754 0.703986 0.656151 -0.271791 0.25667 -0.892931 0.369858 0.256618 -0.892941 0.369868 0.958249 0.264168 -0.109424 0.95826 0.264137 -0.109407 0.958249 -0.26417 0.10942 0.958238 -0.264203 0.109437 0.704058 -0.656085 0.271762 0.704104 -0.656045 0.271739 -0.256863 -0.892881 0.369843 -0.256564 -0.892947 0.369893 -0.256563 0.892952 -0.369882 -0.256867 0.892885 -0.369833 0.25684 0.89289 -0.369839 0.256671 0.892926 -0.369871 0 -0.923882 0.382677 0 -0.923882 0.382677 0 0.923881 -0.38268 0 0.923881 -0.38268 -7.82207e-08 0.923877 -0.38269 -7.66257e-08 0.923877 -0.38269 0 -0.92388 0.382683 0 -0.92388 0.382683 0.704055 0.656087 -0.271766 0.704063 0.656084 -0.271752 0 0.923884 -0.382672 -1.16585e-05 0.923896 -0.382644 0 0.923882 -0.382679 0 0.923882 -0.382679 1 0 0 1 0 0 1 0 0 1 0 0 1 0 0 1 0 0 1 0 0 1 0 0 1 0 0 1 0 0 -7.77856e-08 0.998631 -0.0523153 -7.75039e-08 0.998631 -0.0523152 0 0.891002 0.454 -6.91508e-08 0.891001 0.454001 0 0.544692 0.838636 0 0.544692 0.838636 -6.22285e-08 0.838671 -0.544638 0 0.838671 -0.544639 0 -0.998631 0.0523112 0 -0.998631 0.0523112 0 1 0 0 1 0 0 1 0 0 1 0 0 1 0 0 1 0 1 0 0 1 0 0 0 1 0 0 1 0 0 1 0 0 1 0 0 1 0 0 1 0 0 0.0523153 0.998631 0 0.0523153 0.998631 0 0 -1 0 0 -1 0 0 -1 0 0 -1 0 0 -1 0 0 -1 0.704082 0.656061 -0.271758 0.704045 0.656099 -0.271761 0.703937 0.656247 -0.271685 0 0.25886 -0.965915 3.58712e-08 0.25887 -0.965912 0 0.258867 -0.965913 0 1 0 0 1 0 0 1 0 0 1 0 0 1 0 0 1 0 0 1 0 0 1 0 0 1 0 0 1 0 0 1 0 0 1 0 0 1 0 0 1 0 0 1 0 0 1 0 0 1 0 0 1 0 0 1 0 0 1 0 0 1 0 0 1 0 0 1 0 0 0.707074 -0.70714 -9.14296e-08 0.70711 -0.707103 0 0.707109 -0.707104 0 0.707105 -0.707109 0 0.965914 -0.258863 0 0.965914 -0.258863 0 -0.453969 0.891018 0 -0.453969 0.891018 0 -0.838672 0.544637 0 -0.838672 0.544637 -0.704082 0.656061 -0.271758 -0.704069 0.656074 -0.271759 -0.70394 0.656198 -0.271797 0 0.923882 -0.382678 0 0.923882 -0.382678 0 0.923882 -0.382677 0 0.923882 -0.382677 -0.25707 0.892832 -0.369818 -0.256963 0.892859 -0.369828 -0.256928 0.892867 -0.369833 -0.25672 0.892922 -0.369845 -0.256681 0.892929 -0.369855 -0.704094 0.656062 -0.271727 -0.704062 0.656086 -0.271749 -0.70404 0.656105 -0.27176 -0.703929 0.65621 -0.271795 -0.70412 0.656031 -0.271733 -0.965351 0.241091 -0.0998599 -0.965354 0.241084 -0.0998521 -0.965344 0.241114 -0.0998737 -0.965362 0.241056 -0.0998458 0 -0.923877 0.382689 0 -0.923877 0.382689 -0.704021 0.656122 -0.271771 -0.703826 0.656319 -0.2718 -0.704068 0.656078 -0.271754 -0.703855 0.656229 -0.271941 -0.704162 0.656026 -0.271638 -0.704053 0.656093 -0.271757 -5.37771e-07 0.923884 -0.382672 -5.35845e-07 0.923884 -0.382672 0.703997 0.704127 -0.0927001 0.704063 0.704063 -0.0926831 0.256613 -0.958244 0.12617 0.256797 -0.958198 0.126145 0.958257 0.283463 -0.0373151 0.958242 0.283513 -0.0373263 0.958242 -0.283513 0.0373286 0.958234 -0.283539 0.0373296 0.704124 -0.704002 0.0926863 0.704062 -0.704062 0.0927027 -0.256878 -0.958176 0.126145 -0.256913 -0.958167 0.126141 -0.256882 0.958176 -0.126141 -0.25691 0.958168 -0.126138 0.25685 0.958184 -0.126142 0.256794 0.958198 -0.126149 -5.62246e-07 0.965933 0.258794 -5.58512e-07 0.965933 0.258794 -4.11591e-07 0.707108 0.707105 -4.03031e-07 0.707108 0.707105 -1.50636e-07 0.258792 0.965933 -1.49704e-07 0.258792 0.965933 1.50637e-07 -0.258792 0.965933 1.49704e-07 -0.258792 0.965933 0 -0.991443 0.130538 0 -0.991443 0.130538 0 0.991445 -0.130525 0 0.991445 -0.130525 -8.39413e-08 0.991444 -0.130531 -8.30127e-08 0.991444 -0.130531 0 -0.991442 0.130548 0 -0.991442 0.130548 0.704065 0.704059 -0.0926982 0.704063 0.704062 -0.0926952 0 -0.0523927 -0.998627 0 -0.0523927 -0.998627 0 0.965933 0.258794 0 0.965933 0.258794 0 0.707108 0.707105 0 0.707108 0.707105 0 0.454031 -0.890986 0 0.454031 -0.890986 0 -0.258792 0.965933 0 -0.258792 0.965933 0.70394 0.704185 -0.0926901 0 -0.707107 0.707106 0 -0.707107 0.707106 0 -0.965933 0.258791 0 -0.965933 0.258791 0 -0.891002 -0.454 0 -0.891002 -0.454 0 0.258792 0.965933 0 0.258792 0.965933 0 -0.544637 -0.838672 0 -0.544637 -0.838672 -0.704072 0.704054 -0.0926851 0 0.991444 -0.130532 0 0.991444 -0.130532 -0.25694 0.958159 -0.126145 -0.256803 0.958195 -0.126154 -0.704032 0.704092 -0.0926974 -0.70406 0.704065 -0.0926924 -0.965359 0.258694 -0.0340575 -0.965352 0.258719 -0.0340617 0 -0.991445 0.130527 0 -0.991445 0.130527 -0.704019 0.704106 -0.0926941 -0.704062 0.704062 -0.0926958 -5.84556e-07 0.991444 -0.130534 -5.77096e-07 0.991444 -0.130534 4.1159e-07 -0.707107 0.707106 4.14546e-07 -0.707107 0.707106 5.62247e-07 -0.965933 0.258791 5.6427e-07 -0.965933 0.258791 0.704063 0.704063 0.0926831 0.703997 0.704127 0.0927001 0.256796 -0.958196 -0.126164 0.256613 -0.958246 -0.126152 0.958242 0.283513 0.0373263 0.958257 0.283463 0.0373151 0.958242 -0.283513 -0.0373263 0.958234 -0.283538 -0.0373318 0.704062 -0.704062 -0.0926942 0.704124 -0.704001 -0.0926946 -0.256913 -0.958167 -0.126141 -0.256878 -0.958176 -0.126145 -0.256909 0.958168 0.12614 -0.256882 0.958176 0.126139 0.256794 0.958199 0.126144 0.25685 0.958183 0.126147 -1.50636e-07 0.258792 -0.965933 -1.49704e-07 0.258792 -0.965933 -4.11591e-07 0.707108 -0.707105 -4.14547e-07 0.707108 -0.707105 -5.62246e-07 0.965933 -0.258794 -5.64269e-07 0.965933 -0.258794 1.49704e-07 -0.258792 -0.965933 1.50637e-07 -0.258792 -0.965933 0 -0.991443 -0.130538 0 -0.991443 -0.130538 0 0.991445 0.130525 0 0.991445 0.130525 -8.39413e-08 0.991444 0.130531 -8.51412e-08 0.991444 0.130531 0 -0.991442 -0.130548 0 -0.991442 -0.130548 0.704062 0.704062 0.0926986 0.704065 0.70406 0.0926949 0 0.258792 -0.965933 0 0.258792 -0.965933 0 0.707108 -0.707105 0 0.707108 -0.707105 0 0.965933 -0.258794 0 0.965933 -0.258794 0 -0.965933 -0.258791 0 -0.965933 -0.258791 -0.704072 0.704054 0.0926851 0.70394 0.704185 0.0926901 0 -0.707107 -0.707106 0 -0.707107 -0.707106 0 -0.258792 -0.965933 0 -0.258792 -0.965933 0 0.991444 0.130532 0 0.991444 0.130532 -0.256803 0.958195 0.126154 -0.25694 0.958159 0.126145 -0.70406 0.704065 0.0926924 -0.704032 0.704092 0.0926974 -0.965352 0.258719 0.0340608 -0.965359 0.258694 0.0340584 0 -0.991445 -0.130527 0 -0.991445 -0.130527 -0.704019 0.704105 0.0927014 -0.704063 0.704063 0.0926884 -5.77096e-07 0.991444 0.130534 -5.84556e-07 0.991444 0.130534 5.62247e-07 -0.965933 -0.258791 5.6427e-07 -0.965933 -0.258791 4.1159e-07 -0.707107 -0.707106 4.03031e-07 -0.707107 -0.707106 0.703986 0.656151 0.271791 0.704059 0.656088 0.271754 0.25667 -0.892931 -0.369858 0.256618 -0.892942 -0.369868 0.95826 0.264137 0.109407 0.958249 0.264168 0.109424 0.958249 -0.26417 -0.10942 0.958238 -0.264203 -0.109437 0.704104 -0.656045 -0.271739 0.704058 -0.656085 -0.271762 -0.256863 -0.892881 -0.369843 -0.256564 -0.892947 -0.369893 -0.256563 0.892952 0.369882 -0.256867 0.892885 0.369833 0.25684 0.89289 0.369839 0.256671 0.892926 0.369871 0 -0.923882 -0.382677 0 -0.923882 -0.382677 0 0.923881 0.38268 0 0.923881 0.38268 -1 0 0 -1 0 0 -1 0 0 -1 0 0 -1 0 0 -1 0 0 -1 0 0 -1 0 0 -1 0 0 -1 0 0 -1 0 0 -1 0 0 -1 0 0 -1 0 0 -1 0 0 -1 0 0 -1 0 0 -1 0 0 -1 0 0 -1 0 0 -1 -1.36082e-07 7.85692e-08 -1 -1.41868e-07 3.80121e-08 -1 0 0 -1 0 0 -1 0 0 -1 -1.41868e-07 -3.80121e-08 -1 -1.36082e-07 -7.85693e-08 -1 0 0 -1 0 0 -1 0 0 -1 0 0 -1 0 0 -1 -1.41868e-07 3.80121e-08 -1 0 0 -1 0 0 -1 0 0 -1 0 0 -1 0 0 -1 0 0 -1 0 0 -1 0 0 -1 -1.36082e-07 7.85693e-08 -1 0 0 -1 0 0 -1 0 0 -1 0 0 -1 -1.36082e-07 -7.85692e-08 -1 -1.41868e-07 -3.80121e-08 -1 0 0 -1 0 0 -1 0 0 -7.82207e-08 0.923877 0.38269 -8.51397e-08 0.923877 0.38269 0 -0.92388 -0.382683 0 -0.92388 -0.382683 0.704063 0.656084 0.271752 0.704055 0.656087 0.271766 0 0.923896 0.382644 -2.11228e-06 0.923884 0.382672 0 0.923882 0.382679 0 0.923882 0.382679 0 0.965914 0.258863 0 0.965914 0.258863 -0.707106 0 0.707107 -0.707106 0 0.707107 0.707107 0 0.707107 0.707107 0 0.707107 0 0.707105 0.707109 -5.53069e-07 0.707075 0.707139 0 0.707109 0.707104 0 0.707109 0.707104 0 0.25887 0.965912 1.07115e-07 0.258859 0.965915 0 0.258867 0.965913 -0.70394 0.656198 0.271797 -0.704069 0.656074 0.271759 -0.704082 0.656061 0.271758 0.703928 0.656202 0.271816 0.704089 0.65606 0.271743 0.704085 0.656063 0.271746 0 0 1 0 0 1 0 0 1 0 0 1 0 0 1 0 0 1 0 0.923882 0.382678 0 0.923882 0.382678 0 0.923882 0.382677 0 0.923882 0.382677 -0.257072 0.892832 0.369818 -0.256928 0.892868 0.369831 -0.256963 0.892859 0.369829 -0.256721 0.892919 0.369851 -0.256677 0.892932 0.36985 -0.70412 0.656031 0.271733 -0.703929 0.65621 0.271795 -0.70404 0.656105 0.27176 -0.704062 0.656086 0.271749 -0.704094 0.656062 0.271727 -0.965361 0.241055 0.0998491 -0.965344 0.241114 0.09987 -0.965354 0.241084 0.0998521 -0.965351 0.241091 0.0998599 0 -0.923877 -0.382689 0 -0.923877 -0.382689 -0.704053 0.656093 0.271757 -0.704162 0.656026 0.271638 -0.703855 0.656229 0.271941 -0.70409 0.656062 0.271735 -0.704021 0.656121 0.271772 -0.703768 0.656353 0.271867 -5.37771e-07 0.923884 0.382672 -5.35845e-07 0.923884 0.382672 0.704077 0.563376 0.432299 0.704063 0.563386 0.43231 0.256919 -0.766736 -0.588309 0.256654 -0.766776 -0.588374 0.958245 0.226858 0.174076 0.958242 0.226866 0.174083 0.958245 -0.226861 -0.17407 0.958241 -0.22687 -0.174078 0.704078 -0.563388 -0.432282 0.70406 -0.563401 -0.432295 -0.256562 -0.766795 -0.588389 -0.25697 -0.766726 -0.5883 -0.25697 0.766722 0.588306 -0.25656 0.766792 0.588393 0.256917 0.766718 0.588335 0.256655 0.766788 0.588358 0 -0.258864 -0.965914 0 -0.258864 -0.965914 0 -0.707107 -0.707107 0 -0.707107 -0.707107 0 0.707107 0.707107 0 0.707107 0.707107 0 0.965914 0.258863 0 0.965914 0.258863 0 0.965914 -0.258864 0 0.965914 -0.258864 0 0.707107 -0.707106 0 0.707107 -0.707106 0 0.258863 -0.965914 0 0.258863 -0.965914 -1 0 0 -1 0 0 -1 0 0 -1 0 0 -1 0 0 -1 0 0 -1 0 0 -1 0 0 -1 0 0 -1 0 0 -0.694723 -0.186195 -0.69476 -0.694743 -0.186173 -0.694745 -0.694757 -0.508583 -0.508583 -0.694757 -0.508583 -0.508583 -0.694758 0.508582 0.508582 -0.694758 0.508582 0.508582 -0.694741 0.694743 0.18619 -0.694721 0.694766 0.186179 -0.694723 0.69476 -0.186195 -0.694743 0.694745 -0.186173 -0.694758 0.508582 -0.508582 -0.694757 0.508583 -0.508582 -0.694741 0.18619 -0.694743 -0.694721 0.186179 -0.694766 0 -0.793361 -0.608752 0 -0.793361 -0.608752 0 0.793353 0.608762 0 0.793353 0.608762 0 0.793363 0.608749 -1.34181e-06 0.793361 0.608751 5.54574e-05 0.793474 0.608604 -4.04377e-06 0.793337 0.608783 9.03026e-06 0.793372 0.608737 -6.71692e-08 0.793346 0.608771 -1.3174e-05 0.793363 0.608749 0.0251111 0.854841 0.518282 0 0.793361 0.608752 0 -0.793341 -0.608777 0 -0.793341 -0.608777 0.704055 0.563386 0.432323 0.704075 0.563387 0.432288 0 0.793365 0.608747 0 0.793365 0.608747 1.5862e-08 -0.258864 0.965914 1.5482e-08 -0.258864 0.965914 -0.258806 0 0.965929 -0.258806 0 0.965929 -0.136707 0.849107 0.510224 -0.373514 0.849102 0.373514 -0.510224 0.849107 0.136707 0.258806 0 0.965929 0.258806 0 0.965929 0.510224 0.849107 0.136707 0.373514 0.849102 0.373514 0.136707 0.849107 0.510224 0.136707 0.849107 -0.510224 0.373514 0.849102 -0.373514 0.510224 0.849107 -0.136707 -0.510224 0.849107 -0.136707 -0.373514 0.849102 -0.373514 -0.136707 0.849107 -0.510224 -1.58619e-08 0.258863 -0.965914 -1.5654e-08 0.258863 -0.965914 0 -0.258804 0.96593 0 -0.258804 0.96593 0 0.258799 -0.965931 0 0.258799 -0.965931 0 -0.500006 0.866022 0 -0.500006 0.866022 0 -0.707106 0.707108 4.33531e-08 -0.707106 0.707107 -0.965929 0 0.258807 -0.965929 -5.63551e-08 0.258807 0.965929 0 0.258807 0.965929 0 0.258807 0.707107 0 -0.707107 0.707107 0 -0.707107 0.965929 0 -0.258807 0.965929 0 -0.258807 -0.965929 -5.67566e-08 -0.258807 -0.965929 0 -0.258806 -0.707106 0 -0.707107 -0.707106 0 -0.707107 -4.33282e-08 0.707107 -0.707106 -4.33531e-08 0.707107 -0.707106 0 -0.707107 0.707106 0 -0.707107 0.707106 0 0.707106 -0.707107 0 0.707106 -0.707107 0 -0.965914 0.258864 0 -0.965914 0.258864 0 1 0 0 1 0 0 1 0 0 1 0 0 1 0 0 1 0 0 1 0 0 1 0 0 1 0 0 1 0 0 1 0 0 1 0 0 1 0 0 1 0 0 1 0 0 1 0 0 1 0 0 1 0 0 1 0 0 1 0 0 1 0 0 1 0 0 1 0 0.258806 0 -0.965929 0.258806 0 -0.965929 -0.704108 0.563354 0.432277 -0.704049 0.563409 0.432303 -0.258806 0 -0.965929 -0.258806 0 -0.965929 0 0.965914 -0.258865 -5.90036e-08 0.965913 -0.258866 0 -0.96593 0.258804 0 -0.96593 0.258804 0.704057 0.563395 0.432308 0.704108 0.563363 0.432267 0 0.965932 -0.258798 0 0.965932 -0.258798 0 -1 0 0 -1 0 0 -0.965914 -0.258864 0 -0.965914 -0.258864 -5.91866e-08 0.965914 0.258865 0 0.965913 0.258866 0 -0.96593 -0.258804 0 -0.96593 -0.258804 0 0.965932 0.258798 0 0.965932 0.258798 0 -0.707106 -0.707107 4.33281e-08 -0.707107 -0.707107 -4.33531e-08 0.707107 0.707107 -4.33281e-08 0.707107 0.707107 0 -0.707107 -0.707107 0 -0.707107 -0.707107 0 0.707107 0.707107 0 0.707107 0.707107 0 -0.500006 -0.866022 0 -0.500006 -0.866022 1 0 0 1 1.55221e-07 0 1 1.46646e-07 8.46688e-08 1 0 0 1 0 0 1 0 0 1 0 0 1 0 0 1 1.55221e-07 0 1 1.46646e-07 -8.46684e-08 1 0 0 1 0 0 1 0 0 1 0 0 1 0 0 1 0 0 1 0 0 1 0 0 1 0 0 1 0 0 1 0 0 1 0 0 1 0 0 1 0 0 -4.33281e-08 0.707107 0.707107 -4.33531e-08 0.707107 0.707107 -1 0 0 -1 0 0 -1 -1.33046e-07 7.51021e-06 -1 -1.33046e-07 -4.96441e-07 -1 0 0 -1 0 0 -1 0 0 -1 0 0 -1 -1.55234e-07 -2.68866e-07 -1 0 0 -1 0 0 -1 0 0 -1 0 0 -1 -1.55234e-07 2.68865e-07 -1 -6.81788e-07 -6.81788e-07 -1 -2.49593e-07 -9.31323e-07 -1 -1.33046e-07 -7.51021e-06 -1 0 0 -1 0 0 -1 0 0 -1 0 0 -1 -6.81787e-07 6.81786e-07 -1 -2.49594e-07 9.31319e-07 -1 -1.33046e-07 4.96441e-07 4.33282e-08 -0.707107 -0.707107 4.33531e-08 -0.707107 -0.707107 0 0.707107 0.707107 0 0.707107 0.707107 1 4.23328e-08 1.54931e-08 1 4.91689e-08 -1.00187e-08 1 3.68899e-08 7.97696e-09 1 3.61423e-08 -1.80543e-08 1 3.28567e-08 -1.23632e-08 1 3.88051e-08 0 1 3.28567e-08 1.23632e-08 1 3.61423e-08 1.80543e-08 1 3.68899e-08 -7.97695e-09 1 4.23328e-08 0 1 4.23328e-08 0 1 4.90023e-08 -4.21955e-09 1 4.45477e-08 -1.19355e-08 1 3.88051e-08 0 1 4.45477e-08 1.19355e-08 1 4.90023e-08 4.21955e-09 1 4.86166e-08 -9.20931e-09 1 4.23328e-08 0 0 -0.707107 -0.707107 0 -0.707107 -0.707107 1 9.31322e-08 0 1 9.31322e-08 0 1 0 0 1 0 0 0 0.500006 0.866022 0 0.500006 0.866022 -1.5862e-08 0.258864 0.965914 -1.5482e-08 0.258864 0.965914 1.58619e-08 -0.258864 -0.965914 1.5654e-08 -0.258864 -0.965914 0 0.258804 0.96593 0 0.258804 0.96593 0 -0.258799 -0.965931 0 -0.258799 -0.965931 0.189006 0.928955 -0.318306 0.508612 0.855946 0.0931141 0.508564 0.855959 0.0932528 0.50864 0.855943 0.0929871 0.0690988 0.963578 -0.258345 0.0691689 0.963595 -0.258263 0.186197 0.949036 0.254287 0.186151 0.949032 0.254336 -0.0691689 0.963595 -0.258263 -0.0690988 0.963578 -0.258345 -0.186202 0.949028 0.254314 -0.186142 0.949046 0.25429 -0.189006 0.928955 -0.318306 -0.50869 0.855905 0.0930685 -0.508555 0.85598 0.0931108 -0.508618 0.855942 0.0931225 0 0.793351 0.608765 0 0.793351 0.608765 -0.256787 0.766749 0.58835 -0.256733 0.766759 0.58836 -0.704091 0.563367 0.432289 -0.704 0.563436 0.432347 -0.965351 0.207027 0.15886 -0.965342 0.207053 0.158882 0 -0.793364 -0.608748 0 -0.793364 -0.608748 1 0 0 1 0 0 1 0 0 1 0 0 1 0 0 1 0 0 1 0 0 1 0 0 1 0 0 1 0 0 1 0 0 1 0 0 1 0 0 1 0 0 1 0 0 1 0 0 1 0 0 1 0 0 1 0 0 1 0 0 1 0 0 1 0 0 1 0 0 1 0 0 -0.704054 0.563389 0.43232 -0.704111 0.563351 0.432278 -4.87129e-07 0.793345 0.608772 -4.61787e-07 0.793345 0.608772 0.704077 0.432299 0.563376 0.704063 0.43231 0.563386 0.256655 -0.588352 -0.766792 0.25692 -0.588331 -0.76672 0.958245 0.174076 0.226858 0.958242 0.174083 0.226866 0.958245 -0.174071 -0.226861 0.958241 -0.174077 -0.226871 0.704078 -0.432282 -0.563388 0.70406 -0.432295 -0.563401 -0.256971 -0.588322 -0.766709 -0.256563 -0.588366 -0.766812 -0.25697 0.588306 0.766722 -0.25656 0.588393 0.766792 0.256917 0.588335 0.766718 0.256655 0.588357 0.766788 0 -0.965914 -0.258864 0 -0.965914 -0.258864 0 -0.965914 0.258863 0 -0.965914 0.258863 0 -0.707106 0.707107 0 -0.707106 0.707107 0 -0.258865 0.965914 0 -0.258865 0.965914 0 0.258865 0.965914 0 0.258865 0.965914 -0.694723 -0.69476 -0.186195 -0.694743 -0.694745 -0.186173 -0.694741 -0.694743 0.18619 -0.694721 -0.694766 0.186179 -0.694758 -0.508582 0.508582 -0.694757 -0.508583 0.508583 -0.694723 -0.186196 0.694759 -0.694744 -0.186173 0.694744 -0.694742 0.186191 0.694742 -0.694721 0.186179 0.694766 0 -0.608752 -0.793361 0 -0.608752 -0.793361 0 0.608762 0.793353 0 0.608762 0.793353 0 0.608704 0.793398 -3.09782e-05 0.60876 0.793354 0 0.608749 0.793363 0 0.608766 0.79335 6.39008e-05 0.608642 0.793445 0 0.608749 0.793363 0 -0.608777 -0.793341 0 -0.608777 -0.793341 0.704054 0.432323 0.563387 0.704075 0.432288 0.563387 0 0.608755 0.793358 -1.28743e-05 0.60878 0.793339 1.20701e-06 0.608761 0.793353 0.00287856 0.606498 0.79508 0 0.608753 0.79336 -0.000177567 0.608753 0.79336 -2.19238e-06 0.608762 0.793353 1.66348e-05 0.608769 0.793348 0 0.60589 0.795548 0.704056 0.432303 0.5634 0.704108 0.432277 0.563354 1.5862e-08 -0.258864 -0.965914 1.5482e-08 -0.258864 -0.965914 0.258814 -0.875433 0.408208 0.25883 -0.875399 0.40827 -0.25883 -0.875429 0.408206 -0.258817 -0.875402 0.408271 -1.5862e-08 0.258865 0.965914 -1.5654e-08 0.258865 0.965914 0 -0.258804 -0.96593 0 -0.258804 -0.96593 0 0.258798 0.965932 0 0.258798 0.965932 -1.5862e-08 0.258864 -0.965914 -1.5482e-08 0.258864 -0.965914 0.965926 -0.234565 0.109391 0.965629 -0.234346 0.112437 0.965932 -0.234552 0.109363 0.965925 -0.234569 0.109393 -0.704108 0.432271 0.563359 -0.704055 0.43231 0.563396 0.707102 -0.640842 0.298877 0.707105 -0.640846 0.298863 0.258823 -0.875427 0.408214 0.25886 -0.875416 0.408214 -0.258859 -0.875418 0.40821 -0.258822 -0.875425 0.408218 -0.707102 -0.640848 0.298864 -0.707107 -0.640839 0.298875 -0.965926 -0.234573 0.109376 -0.965931 -0.23453 0.109421 -0.965477 -0.236077 0.110096 1.5862e-08 -0.258865 0.965914 1.5654e-08 -0.258865 0.965914 0 0.258804 -0.96593 0 0.258804 -0.96593 0 -0.258798 0.965932 0 -0.258798 0.965932 0 0.500006 -0.866022 0 0.500006 -0.866022 -4.33282e-08 0.707107 -0.707106 -4.33531e-08 0.707107 -0.707106 0.70709 -0.640872 0.29884 0.70711 -0.640853 0.298835 -0.707111 -0.640854 0.298832 -0.707091 -0.640871 0.298843 4.33281e-08 -0.707106 0.707107 4.33531e-08 -0.707106 0.707107 0 0.707106 -0.707107 0 0.707106 -0.707107 0 -0.707107 0.707106 0 -0.707107 0.707106 -5.91866e-08 0.965914 -0.258864 -5.88316e-08 0.965914 -0.258864 5.91866e-08 -0.965914 0.258863 5.90035e-08 -0.965914 0.258863 0 0.96593 -0.258804 0 0.96593 -0.258804 0 -0.965931 0.258799 0 -0.965931 0.258799 0 1 0 0 1 0 -5.91866e-08 0.965914 0.258864 -5.88316e-08 0.965914 0.258864 0.362806 0.0339992 0.931244 0.132755 -0.0863752 0.987378 -0.132755 -0.0863752 0.987378 -0.362806 0.0339993 0.931244 5.91866e-08 -0.965914 -0.258864 5.90036e-08 -0.965914 -0.258864 0 0.96593 0.258804 0 0.96593 0.258804 0 -0.965931 -0.258799 0 -0.965931 -0.258799 0.684545 0.559289 0.46754 0.684542 0.559288 0.467546 0.250582 0.684558 0.684536 0.250601 0.684543 0.684543 -0.250601 0.684544 0.684543 -0.250583 0.684558 0.684536 0.694759 0.508581 -0.508582 0.694759 0.508582 -0.508581 0.694762 0.694735 -0.186142 0.694742 0.694742 -0.186191 0 0.96593 0.258804 0 0.96593 0.258804 0.694762 0.694735 0.186142 0.694742 0.694742 0.186191 -0.684545 0.559289 0.46754 -0.684542 0.559287 0.467547 0 0.258804 -0.96593 0 0.258804 -0.96593 0 0.707107 -0.707106 0 0.707107 -0.707106 0 0.96593 -0.258804 0 0.96593 -0.258804 0.694762 0.186142 -0.694735 0.694742 0.186192 -0.694742 0 0.608765 0.793351 0 0.608765 0.793351 -0.256732 0.588359 0.766761 -0.256788 0.588352 0.766748 -0.704091 0.432289 0.563367 -0.704 0.432347 0.563436 -0.965351 0.15886 0.207027 -0.965342 0.158882 0.207053 0 -0.608748 -0.793364 0 -0.608748 -0.793364 -0.704054 0.43232 0.56339 -0.704111 0.432278 0.563351 0 0.608772 0.793345 -3.54352e-07 0.608772 0.793345 0.703984 0.271791 0.656152 0.704059 0.271754 0.656088 0.25667 -0.369858 -0.892931 0.256618 -0.369868 -0.892942 0.95826 0.109407 0.264137 0.958249 0.109424 0.264168 0.958238 -0.109437 -0.264203 0.958249 -0.10942 -0.26417 0.704104 -0.271739 -0.656045 0.704058 -0.271762 -0.656085 -0.256563 -0.369874 -0.892955 -0.256862 -0.369862 -0.892874 -0.256867 0.369851 0.892878 -0.256562 0.369864 0.89296 0.25684 0.369839 0.89289 0.256671 0.36987 0.892926 0 -0.382677 -0.923882 0 -0.382677 -0.923882 0 0.38268 0.923881 0 0.38268 0.923881 0 0.382654 0.923892 1.69885e-05 0.38269 0.923877 0 0.382704 0.923871 -1.7333e-08 0.382654 0.923892 -7.99525e-06 0.382702 0.923872 0 0.38269 0.923877 0 -0.382683 -0.92388 3.62914e-08 -0.382683 -0.92388 0.704063 0.271752 0.656084 0.704055 0.271766 0.656087 0 0.382682 0.92388 0 0.382595 0.923916 -1.62394e-05 0.382653 0.923892 -0.000101419 0.382669 0.923885 0 0.382707 0.92387 6.25486e-06 0.382691 0.923876 7.30945e-05 0.3826 0.923914 6.26682e-06 0.382683 0.92388 -1.77616e-08 0.382595 0.923916 1 0 0 1 0 0 1 0 0 1 0 0 1 0 0 1 0 0 1 0 0 1 0 0 1 0 0 1 0 0 -0.965928 0.234562 -0.109377 -0.965928 0.234562 -0.109377 -9.3137e-08 0.422553 0.906338 -8.94507e-08 0.422606 0.906313 -5.55768e-08 0.422606 0.906313 -5.1653e-08 0.422676 0.906281 -3.93599e-06 0.422777 0.906234 0 0.422663 0.906287 0 0.422627 0.906304 -1.1518e-06 0.42263 0.906302 -2.65871e-05 0.42259 0.906321 3.80047e-06 0.422776 0.906234 0 0.422663 0.906287 6.82509e-05 0.422506 0.90636 9.07595e-06 0.422607 0.906313 -6.63233e-06 0.422511 0.906358 -5.16537e-08 0.422682 0.906278 6.49681e-06 0.422512 0.906358 -9.07147e-06 0.422607 0.906313 -6.8251e-05 0.422506 0.90636 2.65871e-05 0.42259 0.906321 2.45181e-06 0.422628 0.906303 0 0.422629 0.906303 0 0.422617 0.906308 0 0.422633 0.906301 -5.55723e-08 0.422633 0.906301 -0.965922 0.234586 -0.109382 -0.965923 0.234588 -0.10937 -0.495543 0.483136 0.721815 -0.707111 0.640854 -0.298832 -0.707091 0.640871 -0.298843 -0.707132 0.640854 -0.298782 -0.707122 0.640844 -0.298826 -0.362758 0.691573 0.624606 -0.258824 0.875425 -0.408218 -0.258822 0.875425 -0.408218 -0.258793 0.875419 -0.40825 -0.258846 0.875318 -0.408433 -0.258774 0.87544 -0.408218 -0.13282 0.81189 0.568502 0.258822 0.875425 -0.408218 0.258823 0.875425 -0.408218 0.258793 0.875435 -0.408215 0.258773 0.87541 -0.408282 0.258861 0.875402 -0.408242 0.13282 0.81189 0.568501 0.70711 0.640854 -0.298832 0.70709 0.640871 -0.298843 0.707131 0.640855 -0.298782 0.707122 0.640845 -0.298826 -0.704019 0.271765 0.656126 -0.704191 0.271742 0.655951 -0.70322 0.271964 0.656899 -0.704054 0.271766 0.656087 -0.704115 0.271737 0.656035 0.362757 0.691574 0.624606 0.965929 0.234561 -0.109376 0.965929 0.234561 -0.109376 0.965922 0.234579 -0.109397 0.965922 0.234578 -0.109402 0.965925 0.234579 -0.109366 0.495543 0.483136 0.721815 0.965932 -0.23455 0.109373 0.965934 -0.234541 0.109367 0.495543 0.24237 0.834083 -0.965931 -0.234551 0.109373 -0.965934 -0.234543 0.109368 -0.495543 0.24237 0.834083 0.704054 0.271766 0.656087 0.704018 0.271775 0.656123 -1.72205e-08 0.258865 0.965914 -1.68079e-08 0.258865 0.965914 -4.70389e-08 0.707107 0.707106 -4.48247e-08 0.707107 0.707106 0.684548 0.125277 0.718122 0.684555 0.125262 0.718118 0.508518 -0.347352 0.78788 0.508598 -0.347352 0.787829 0.508601 -0.34735 0.787828 0.250572 0.250558 0.935112 0.250574 0.250556 0.935112 0.186177 -0.25431 0.949034 0.186225 -0.254286 0.949031 -0.250572 0.250558 0.935112 -0.250574 0.250556 0.935112 -0.18618 -0.254288 0.949039 -0.186218 -0.254323 0.949022 1 0 0 1 1.45519e-07 0 1 1.55998e-07 -5.82076e-07 1 4.26118e-07 -4.26118e-07 1 8.3162e-08 1.44034e-07 1 0 0 1 0 0 1 0 0 1 1.45519e-07 0 1 1.55997e-07 5.82077e-07 1 4.26118e-07 4.26118e-07 1 8.31615e-08 -1.44035e-07 1 0 0 1 0 0 1 0 0 1 0 0 1 0 0 1 0 0 1 0 0 1 0 0 1 0 0 1 0 0 1 0 0 1 0 0 0 -0.965914 0.258865 0 -0.965914 0.258865 0 -0.707107 0.707106 0 -0.707107 0.707106 0 -0.258865 0.965914 1.68079e-08 -0.258865 0.965914 0 0.707107 0.707107 0 0.707107 0.707107 0 0.258804 0.96593 0 0.258804 0.96593 0.694758 0.508581 0.508583 0.694759 0.508582 0.508581 0.694768 0.186184 0.694718 0.694748 0.186146 0.694748 0 -0.258867 -0.965913 1.68079e-08 -0.258867 -0.965913 0 -0.707107 -0.707106 0 -0.707107 -0.707106 0 -0.965913 -0.258865 0 -0.965913 -0.258865 0 -0.258804 0.96593 0 -0.258804 0.96593 0.694762 -0.186142 0.694735 0.694742 -0.186191 0.694742 0.694758 -0.508581 0.508582 0.694759 -0.508582 0.508582 0.694762 -0.694735 0.186143 0.694742 -0.694742 0.186191 -1.72206e-08 0.258867 -0.965913 -1.68079e-08 0.258867 -0.965913 -4.70389e-08 0.707107 -0.707106 -5.04278e-08 0.707107 -0.707106 -6.42555e-08 0.965913 -0.258865 -6.44304e-08 0.965913 -0.258865 -6.44303e-08 0.965914 0.258865 -6.42555e-08 0.965914 0.258865 -0.684548 0.125277 0.718122 -0.684555 0.125262 0.718118 -0.50859 -0.34737 0.787826 -0.508493 -0.347139 0.787991 -0.508547 -0.347299 0.787885 0 -0.707107 0.707107 0 -0.707107 0.707107 0 -0.96593 0.258805 0 -0.96593 0.258805 0 -0.96593 -0.258805 0 -0.96593 -0.258805 0 -0.707107 -0.707106 0 -0.707107 -0.707106 0 -0.258804 -0.96593 0 -0.258804 -0.96593 0.694742 -0.694742 -0.186191 0.694762 -0.694735 -0.186143 0.694759 -0.508582 -0.508581 0.694759 -0.508581 -0.508581 0.694768 -0.186185 -0.694718 0.694748 -0.186146 -0.694748 -8.48553e-08 0.382673 0.923884 0 0.382673 0.923884 -0.25672 0.369856 0.892917 -0.256963 0.369823 0.892861 -0.704042 0.271765 0.656101 -0.704095 0.271742 0.656054 -0.965362 0.0998468 0.241056 -0.965351 0.0998622 0.241089 0 -0.382689 -0.923877 0 -0.382689 -0.923877 -0.704019 0.271772 0.656122 -0.704053 0.271754 0.656094 0 0.382672 0.923884 0 0.382672 0.923884 0.704063 0.0926916 0.704063 0.703995 0.0926918 0.70413 0.256796 -0.126164 -0.958196 0.256612 -0.126152 -0.958246 0.958242 0.0373217 0.283513 0.958257 0.0373194 0.283461 0.958241 -0.0373286 -0.283514 0.958234 -0.0373296 -0.283539 0.704062 -0.0926942 -0.704063 0.704124 -0.0926946 -0.704001 -0.256913 -0.126144 -0.958167 -0.256878 -0.126143 -0.958176 -0.256909 0.126138 0.958168 -0.256882 0.126141 0.958176 0.256794 0.126149 0.958198 0.25685 0.126142 0.958184 0 -0.130538 -0.991443 0 -0.130538 -0.991443 -5.70543e-09 0.130525 0.991445 0 0.130525 0.991445 4.96319e-05 0.130279 0.991477 -2.22416e-05 0.13059 0.991436 -6.61252e-06 0.130531 0.991444 1.91563e-05 0.130733 0.991418 -5.9145e-09 0.130572 0.991439 -5.70462e-09 0.130506 0.991447 1.20145e-05 0.130531 0.991444 -0.00483158 0.151349 0.988469 0 0.130572 0.991439 1.26648e-08 -0.130548 -0.991442 1.81455e-08 -0.130548 -0.991442 0.704065 0.0926983 0.704059 0.704063 0.0926952 0.704062 -0.000105869 0.130533 0.991444 2.3537e-05 0.130546 0.991442 -3.35246e-06 0.130526 0.991445 -1.35169e-05 0.130505 0.991448 0 0.131429 0.991326 -6.10148e-09 0.131429 0.991326 5.59868e-06 0.130505 0.991448 2.22823e-06 0.130522 0.991445 -1.03641e-05 0.130559 0.991441 1.8997e-05 0.130516 0.991446 -1.19109e-08 0.130532 0.991444 1 0 0 1 0 0 1 0 0 1 0 0 1 0 0 1 0 0 1 0 0 1 0 0 1 0 0 1 0 0 -0.258797 -0.965932 0 -0.258797 -0.965932 0 -0.258824 -0.965925 0 -0.258824 -0.965925 0 -0.132778 -0.495578 0.858354 -0.707107 -0.707107 0 -0.707107 -0.707107 0 -0.707107 -0.707107 0 -0.707107 -0.707107 0 -0.362786 -0.362786 0.858355 -0.965932 -0.258798 0 -0.965932 -0.258798 0 -0.965925 -0.258824 0 -0.965925 -0.258824 0 -0.495578 -0.132778 0.858354 0.965932 -0.258797 0 0.965932 -0.258797 0 0.965925 -0.258824 0 0.965925 -0.258824 1.3223e-06 0.965925 -0.258822 0 0.495578 -0.132778 0.858354 0.707106 -0.707107 0 0.707106 -0.707107 0 -0.704017 0.0927023 0.704106 -0.704061 0.0926895 0.704065 -0.704062 0.092693 0.704063 0.707107 -0.707107 0 0.707107 -0.707107 0 0.362785 -0.362786 0.858355 0.258797 -0.965932 0 0.258797 -0.965932 0 0.258824 -0.965925 0 0.258824 -0.965925 0 0.132778 -0.495578 0.858354 4.81916e-08 -0.965914 -0.258865 4.76224e-08 -0.965914 -0.258865 0.704062 0.0926962 0.704063 0.704017 0.0926952 0.704108 4.81916e-08 -0.965914 0.258865 4.76224e-08 -0.965914 0.258865 3.52791e-08 -0.707106 0.707108 3.36186e-08 -0.707106 0.707108 2.93993e-08 -0.707107 -0.707106 3.36186e-08 -0.707107 -0.707106 1.13153e-08 -0.258865 0.965914 1.12053e-08 -0.258865 0.965914 1.07628e-08 -0.258865 -0.965914 8.40395e-09 -0.258865 -0.965914 0.189012 -0.739883 0.645638 0.0692896 -0.705304 0.705511 0.0691661 -0.705414 0.705413 -0.069166 -0.705414 0.705413 -0.0692896 -0.705303 0.705511 0.694759 0.508581 0.508582 0.694759 0.508581 0.508581 0.694768 0.186186 0.694717 0.694748 0.186146 0.694748 -0.189012 -0.739883 0.645638 1 0 0 1 0 0 1 0 0 1 1.2603e-07 7.27666e-08 1 4.26118e-07 -4.26117e-07 1 5.82077e-07 -1.55996e-07 1 0 1.66307e-07 1 0 -1.66307e-07 1 0 0 1 0 0 1 1.26031e-07 -7.2766e-08 1 4.2612e-07 4.26121e-07 1 5.82078e-07 1.55997e-07 1 4.26118e-07 4.26117e-07 1 1.2603e-07 -7.27665e-08 1 0 0 1 0 0 1 1.26031e-07 7.2766e-08 1 4.2612e-07 -4.26121e-07 1 5.82078e-07 -1.55997e-07 1 0 1.66307e-07 1 0 0 1 6.6523e-07 1.19741e-08 1 0 0 0 0.258805 -0.96593 0 0.258805 -0.96593 0 0.707107 -0.707107 0 0.707107 -0.707107 0 0.96593 -0.258805 0 0.96593 -0.258805 0.694742 0.186191 -0.694742 0.694762 0.186143 -0.694735 0.694759 0.508582 -0.508581 0.694759 0.508582 -0.508582 0.694768 0.694718 -0.186185 0.694748 0.694748 -0.186146 0 0.96593 0.258805 0 0.96593 0.258805 0 0.707107 0.707107 0 0.707107 0.707107 -1.13127e-08 0.258804 0.96593 0 0.258804 0.96593 0.694748 0.694748 0.186146 0.694768 0.694718 0.186184 -5.70574e-09 0.130532 0.991444 -3.68674e-08 0.130532 0.991444 -0.256803 0.126154 0.958195 -0.25694 0.126145 0.958159 -0.704062 0.0926921 0.704063 -0.704035 0.0926971 0.70409 -0.965352 0.0340608 0.258719 -0.965359 0.0340584 0.258694 0 -0.130527 -0.991445 0 -0.130527 -0.991445 -0.704063 0.0926881 0.704063 -0.704018 0.0927015 0.704106 -5.70581e-09 0.130534 0.991444 0 0.130534 0.991444 0.703996 -0.0927003 0.704128 0.704063 -0.092683 0.704063 0.256613 0.12617 -0.958244 0.256796 0.126145 -0.958198 0.958257 -0.0373151 0.283463 0.958242 -0.0373263 0.283513 0.958234 0.0373318 -0.283538 0.958241 0.0373264 -0.283514 0.704124 0.0926863 -0.704002 0.704062 0.0927027 -0.704062 -0.256878 0.126145 -0.958176 -0.256913 0.126141 -0.958167 -0.256882 -0.126141 0.958176 -0.256909 -0.126138 0.958168 0.25685 -0.126142 0.958184 0.256794 -0.126149 0.958198 -5.70601e-09 0.130538 -0.991443 0 0.130538 -0.991443 0 -0.130525 0.991445 0 -0.130525 0.991445 5.7057e-09 -0.130531 0.991444 6.38559e-09 -0.130531 0.991444 -5.70643e-09 0.130548 -0.991442 -1.81455e-08 0.130548 -0.991442 0.704065 -0.0926949 0.70406 0.704062 -0.0926986 0.704062 0.000177489 -0.130803 0.991408 -2.27083e-05 -0.130488 0.99145 -2.24375e-06 -0.130505 0.991448 2.24375e-06 -0.130505 0.991448 0.000412151 -0.130164 0.991492 -1.29726e-05 -0.130542 0.991443 0 -0.131429 0.991326 3.09776e-05 -0.1306 0.991435 4.37896e-09 -0.130511 0.991447 6.94662e-09 -0.130533 0.991444 -0.00010587 -0.130533 0.991444 0.258797 0.965932 0 0.258797 0.965932 0 0 0 1 0 0 1 0 0 1 0 0 1 0 0 1 0 0 1 0 0 1 0 0 1 0 0 1 0 0 1 0 0 1 0 0 1 0 0 1 0 0 1 0 0 1 0 0 1 0 0 1 0 0 1 0 0 1 0 0 1 0 0 1 0 0 1 0 0 1 0 0 1 0.258824 0.965925 0 0.258824 0.965925 0 0.132778 0.495578 0.858354 0.707106 0.707107 0 0.707106 0.707107 0 -0.704069 -0.0926956 0.704056 -0.704062 -0.0926962 0.704062 -0.704017 -0.0926952 0.704108 0.707107 0.707107 0 0.707107 0.707107 0 0.362785 0.362786 0.858355 0.965932 0.258797 0 0.965932 0.258797 0 0.965925 0.258824 0 0.965925 0.258824 0 0.965925 0.258823 8.92759e-06 0.495578 0.132778 0.858354 0.258793 -0.875419 -0.40825 0.258845 -0.87532 -0.40843 0.258774 -0.87544 -0.408218 -0.965932 0.258798 0 -0.965932 0.258798 0 -0.965925 0.258824 0 -0.965925 0.258824 0 -0.495578 0.132778 0.858354 -0.707107 0.707107 0 -0.707107 0.707107 0 -0.707107 0.707107 0 -0.707107 0.707107 0 -0.362786 0.362786 0.858355 -0.258797 0.965932 0 -0.258797 0.965932 0 -0.258824 0.965925 0 -0.258824 0.965925 0 -0.132778 0.495578 0.858354 -0.258793 -0.875435 -0.408215 -0.258773 -0.875409 -0.408283 -0.258862 -0.875402 -0.408242 -1.13153e-08 0.258865 0.965914 -1.12053e-08 0.258865 0.965914 -3.52791e-08 0.707106 0.707108 -2.80155e-08 0.707106 0.707108 -4.81916e-08 0.965914 0.258865 -4.76224e-08 0.965914 0.258865 -4.81916e-08 0.965914 -0.258865 -4.76224e-08 0.965914 -0.258865 -2.93993e-08 0.707107 -0.707106 -3.92216e-08 0.707107 -0.707106 0.704017 -0.0927019 0.704106 0.704062 -0.0926893 0.704063 -1.07628e-08 0.258865 -0.965914 -8.40395e-09 0.258865 -0.965914 0 -0.96593 -0.258805 0 -0.96593 -0.258805 0 -0.707107 -0.707107 0 -0.707107 -0.707107 1.13127e-08 -0.258805 -0.96593 0 -0.258805 -0.96593 0.694742 -0.694742 -0.186191 0.694762 -0.694735 -0.186143 0.694759 -0.508581 -0.508581 0.694759 -0.508582 -0.508581 0.694762 -0.186143 -0.694735 0.694742 -0.186191 -0.694742 0 -0.258804 0.96593 0 -0.258804 0.96593 0 -0.707107 0.707107 0 -0.707107 0.707107 0 -0.96593 0.258805 0 -0.96593 0.258805 0.694742 -0.186192 0.694742 0.694762 -0.186142 0.694735 0.694759 -0.508581 0.508581 0.694759 -0.508581 0.508582 0.694768 -0.694718 0.186184 0.694748 -0.694748 0.186146 5.70574e-09 -0.130532 0.991444 3.68674e-08 -0.130532 0.991444 -0.25694 -0.126145 0.958159 -0.256803 -0.126154 0.958195 -0.704035 -0.0926971 0.70409 -0.704062 -0.0926921 0.704063 -0.965359 -0.0340575 0.258694 -0.965352 -0.0340617 0.258719 0 0.130527 -0.991445 -5.70553e-09 0.130527 -0.991445 -0.704018 -0.0927015 0.704106 -0.704063 -0.0926881 0.704063 0 -0.130534 0.991444 0 -0.130534 0.991444 0.704059 -0.271754 0.656088 0.703984 -0.271791 0.656152 0.25667 0.369858 -0.892931 0.256618 0.369868 -0.892941 0.958249 -0.109424 0.264168 0.95826 -0.109407 0.264137 0.958249 0.10942 -0.26417 0.958238 0.109437 -0.264203 0.704058 0.271762 -0.656085 0.704104 0.271739 -0.656045 -0.256863 0.369843 -0.892881 -0.256564 0.369893 -0.892947 -0.256563 -0.369881 0.892952 -0.256867 -0.369833 0.892885 0.25667 -0.369856 0.892932 0.25684 -0.369853 0.892884 0 0.382677 -0.923882 0 0.382677 -0.923882 0 -0.38268 0.923881 0 -0.38268 0.923881 1.62004e-08 -0.38269 0.923877 1.70279e-08 -0.38269 0.923877 -3.71251e-08 0.382683 -0.92388 0 0.382683 -0.92388 0.704055 -0.271766 0.656087 0.704063 -0.271752 0.656084 1.77616e-08 -0.382595 0.923916 4.90654e-06 -0.382664 0.923888 1.41194e-05 -0.382689 0.923877 3.50546e-05 -0.382715 0.923866 0 -0.382683 0.92388 -0.000101829 -0.382669 0.923885 -1.61915e-05 -0.382653 0.923892 0 -0.382595 0.923916 0 -0.382682 0.92388 1 0 0 1 0 0 1 0 0 1 0 0 1 0 0 1 0 0 1 0 0 1 0 0 1 0 0 1 0 0 -0.965931 0.234551 0.109373 -0.965934 0.234542 0.109367 0 -0.422617 0.906308 0 -0.422633 0.906301 5.55723e-08 -0.422633 0.906301 5.16534e-08 -0.422679 0.90628 -6.36128e-06 -0.422512 0.906357 0 -0.422627 0.906304 0 -0.422663 0.906287 -2.59723e-05 -0.422603 0.906315 -2.36935e-06 -0.422566 0.906332 6.49681e-06 -0.422512 0.906358 0 -0.422627 0.906304 -4.43752e-05 -0.422525 0.906351 1.9368e-05 -0.422634 0.9063 -3.66494e-06 -0.422776 0.906234 5.16534e-08 -0.422679 0.90628 3.80047e-06 -0.422776 0.906234 -1.93635e-05 -0.422634 0.9063 4.43752e-05 -0.422525 0.906351 2.36935e-06 -0.422566 0.906332 5.52644e-05 -0.422649 0.906293 0 -0.422609 0.906312 8.94392e-08 -0.422552 0.906339 8.94507e-08 -0.422606 0.906313 5.55768e-08 -0.422606 0.906313 -0.965926 0.234566 0.109391 -0.965629 0.234346 0.112437 -0.965932 0.234552 0.109366 -0.495543 -0.24237 0.834083 -0.707091 0.640872 0.29884 -0.707111 0.640853 0.298835 -0.362806 -0.0339993 0.931244 -0.132756 0.0863752 0.987378 0.132755 0.0863752 0.987378 0.707111 0.640854 0.298832 0.70709 0.640871 0.298843 0.362806 -0.0339992 0.931244 0.965932 0.23455 0.109373 0.965934 0.234542 0.109368 0.965926 0.234566 0.109391 0.965925 0.234574 0.109383 0.965932 0.234528 0.10942 0.965477 0.236077 0.110096 -0.704054 -0.271766 0.656087 -0.703246 -0.271958 0.656874 -0.704191 -0.271742 0.655951 -0.704019 -0.271764 0.656126 -0.70411 -0.271739 0.656039 0.495543 -0.24237 0.834083 0.965929 -0.234561 -0.109376 0.965929 -0.234561 -0.109376 0.965922 -0.234591 -0.109372 0.965925 -0.234564 -0.109402 0.965921 -0.234581 -0.109398 0.495543 -0.483136 0.721815 0.70711 -0.640855 -0.298832 0.70709 -0.640871 -0.298843 0.707132 -0.640854 -0.298782 0.707122 -0.640845 -0.298826 0.362757 -0.691574 0.624606 0.258823 -0.875425 -0.408218 0.258822 -0.875425 -0.408218 0.13282 -0.81189 0.568502 -0.258823 -0.875425 -0.408218 -0.258822 -0.875425 -0.408218 -0.13282 -0.81189 0.568502 -0.707111 -0.640854 -0.298832 -0.707091 -0.640871 -0.298843 -0.707131 -0.640855 -0.298782 -0.707122 -0.640845 -0.298826 -0.362758 -0.691573 0.624606 -0.965928 -0.234562 -0.109377 -0.965928 -0.234562 -0.109377 -0.965922 -0.234586 -0.109382 -0.965923 -0.234588 -0.10937 -0.495543 -0.483136 0.721815 -1.72206e-08 0.258867 -0.965913 0 0.258867 -0.965913 0.704018 -0.27178 0.656121 0.704054 -0.271761 0.65609 1.72206e-08 -0.258867 -0.965913 1.68079e-08 -0.258867 -0.965913 4.70389e-08 -0.707107 -0.707106 5.04278e-08 -0.707107 -0.707106 0 0.707107 -0.707106 0 0.707107 -0.707106 6.42555e-08 -0.965913 -0.258865 6.44304e-08 -0.965913 -0.258865 6.42555e-08 -0.965914 0.258865 6.44303e-08 -0.965914 0.258865 4.70389e-08 -0.707107 0.707106 4.48247e-08 -0.707107 0.707106 1.72205e-08 -0.258865 0.965914 1.68079e-08 -0.258865 0.965914 -1.72205e-08 0.258865 0.965914 0 0.258865 0.965914 0 0.965913 -0.258865 0 0.965913 -0.258865 0 0.707107 0.707106 0 0.707107 0.707106 0 0.965914 0.258865 0 0.965914 0.258865 1 1.45519e-07 0 1 0 0 1 0 0 1 0 0 1 0 0 1 0 0 1 0 0 1 0 0 1 0 0 1 0 0 1 0 0 1 0 0 1 0 0 1 8.3162e-08 -1.44034e-07 1 4.26118e-07 4.26118e-07 1 1.55998e-07 5.82076e-07 1 1.55997e-07 -5.82077e-07 1 4.26118e-07 -4.26118e-07 1 8.31615e-08 1.44035e-07 1 0 0 1 0 0 1 0 0 1 0 0 1 1.45519e-07 0 0 0.258804 -0.96593 0 0.258804 -0.96593 0 0.707107 -0.707106 0 0.707107 -0.707106 0 0.96593 -0.258805 0 0.96593 -0.258805 0.694742 0.186191 -0.694742 0.694762 0.186142 -0.694735 0.694759 0.508581 -0.508581 0.694759 0.508582 -0.508581 0.694768 0.694718 -0.186184 0.694748 0.694748 -0.186146 0 0.96593 0.258805 0 0.96593 0.258805 0 0.707107 0.707107 0 0.707107 0.707107 0 0.258804 0.96593 0 0.258804 0.96593 0.694742 0.694742 0.186191 0.694762 0.694735 0.186143 0.694758 0.508581 0.508582 0.694759 0.508582 0.508582 0.694768 0.186184 0.694718 0.694748 0.186146 0.694748 0 -0.258804 0.96593 0 -0.258804 0.96593 0 -0.707107 0.707107 0 -0.707107 0.707107 0 -0.96593 0.258804 0 -0.96593 0.258804 0.694762 -0.186142 0.694735 0.694742 -0.186191 0.694742 0.694759 -0.508581 0.508582 0.694758 -0.508582 0.508582 0.694748 -0.694748 0.186146 0.694768 -0.694718 0.186184 0 -0.258804 -0.96593 0 -0.258804 -0.96593 0.694742 -0.694742 -0.186191 0.694762 -0.694735 -0.186142 0.694759 -0.508581 -0.508582 0.694759 -0.508582 -0.508581 0.694762 -0.186142 -0.694735 0.694742 -0.186192 -0.694742 8.48553e-08 -0.382673 0.923884 0 -0.382673 0.923884 -0.256963 -0.369832 0.892858 -0.25672 -0.369848 0.892921 -0.70409 -0.271744 0.656058 -0.704042 -0.271764 0.656101 -0.965351 -0.0998625 0.241089 -0.965362 -0.099847 0.241055 0 0.382689 -0.923877 0 0.382689 -0.923877 -0.704053 -0.271754 0.656094 -0.704019 -0.271772 0.656122 0 -0.382672 0.923884 0 -0.382672 0.923884 0.704063 -0.43231 0.563386 0.704077 -0.432299 0.563376 0.256655 0.588352 -0.766792 0.25692 0.588331 -0.76672 0.958242 -0.174083 0.226866 0.958245 -0.174076 0.226858 0.958241 0.174078 -0.22687 0.958245 0.17407 -0.226862 0.70406 0.432295 -0.563401 0.704078 0.432282 -0.563388 -0.256562 0.588389 -0.766795 -0.25697 0.5883 -0.766726 -0.25697 -0.588306 0.766722 -0.25656 -0.588393 0.766792 0.256917 -0.588335 0.766718 0.256655 -0.588358 0.766788 0 -0.707107 0.707107 0 -0.707107 0.707107 0 -0.258865 0.965914 0 -0.258865 0.965914 0 0.258865 0.965914 0 0.258865 0.965914 0 0.707106 0.707107 0 0.707106 0.707107 0 0.965914 0.258863 0 0.965914 0.258863 0 0.965914 -0.258864 0 0.965914 -0.258864 0 0.707107 -0.707107 0 0.707107 -0.707107 -1 0 0 -1 0 0 -1 0 0 -1 0 0 -1 0 0 -1 0 0 -1 0 0 -1 0 0 -1 0 0 -1 0 0 -0.694758 -0.508582 0.508582 -0.694758 -0.508582 0.508582 -0.694724 -0.186195 0.694759 -0.694744 -0.186173 0.694744 -0.694742 0.186191 0.694742 -0.694721 0.186179 0.694766 -0.694757 0.508583 0.508583 -0.694758 0.508582 0.508582 -0.694741 0.694743 0.18619 -0.694721 0.694766 0.186179 -0.694723 0.69476 -0.186195 -0.694743 0.694745 -0.186173 -0.694757 0.508583 -0.508583 -0.694757 0.508583 -0.508583 0 0.608752 -0.793361 0 0.608752 -0.793361 0 -0.608762 0.793353 0 -0.608762 0.793353 2.57701e-08 -0.608749 0.793363 2.55424e-08 -0.608749 0.793363 0 0.608777 -0.793341 0 0.608777 -0.793341 0.704075 -0.432288 0.563387 0.704054 -0.432323 0.563387 1.21713e-05 -0.60877 0.793347 9.92888e-05 -0.609103 0.793091 2.73596e-06 -0.608758 0.793356 1.65585e-05 -0.608769 0.793348 -3.0319e-05 -0.608753 0.79336 -0.000186716 -0.608905 0.793243 0 -0.60589 0.795548 0 -0.608753 0.79336 0 -0.60589 0.795548 4.33281e-08 -0.707107 0.707107 4.33531e-08 -0.707107 0.707107 -4.09446e-08 0.707107 -0.707107 -4.33281e-08 0.707107 -0.707107 0 -0.707107 0.707107 0 -0.707107 0.707107 0 0.707107 -0.707107 0 0.707107 -0.707107 5.91866e-08 -0.965914 0.258864 5.88316e-08 -0.965914 0.258864 -0.258824 0.875427 0.408214 -0.25886 0.875416 0.408213 0.25886 0.875418 0.408209 0.258823 0.875425 0.408218 -5.91866e-08 0.965914 -0.258864 -5.90036e-08 0.965914 -0.258864 0 -0.96593 0.258804 0 -0.96593 0.258804 0 0.965931 -0.258799 0 0.965931 -0.258799 0 -1 0 0 -1 0 5.91866e-08 -0.965914 -0.258864 5.88316e-08 -0.965914 -0.258864 -5.91866e-08 0.965914 0.258863 -5.90035e-08 0.965914 0.258863 0 -0.96593 -0.258804 0 -0.96593 -0.258804 0 0.965931 0.258799 0 0.965931 0.258799 4.33282e-08 -0.707107 -0.707106 4.33531e-08 -0.707107 -0.707106 -4.33281e-08 0.707106 0.707107 -4.33531e-08 0.707106 0.707107 0 -0.707106 -0.707107 0 -0.707106 -0.707107 0 0.707107 0.707106 0 0.707107 0.707106 0 -0.500006 -0.866022 0 -0.500006 -0.866022 1.5862e-08 -0.258864 -0.965914 1.5482e-08 -0.258864 -0.965914 -0.707103 0.640842 0.298877 -0.707105 0.640846 0.298863 -0.258814 0.875432 0.408208 -0.25883 0.875399 0.40827 0.25883 0.875429 0.408206 0.258818 0.875402 0.408271 -0.704108 -0.432277 0.563354 -0.704056 -0.432303 0.5634 0.707102 0.640842 0.298877 0.707105 0.640846 0.298863 -1.5862e-08 0.258865 0.965914 -1.5654e-08 0.258865 0.965914 0 -0.258804 -0.96593 0 -0.258804 -0.96593 0.704108 -0.432271 0.563359 0.704055 -0.43231 0.563396 0 0.258798 0.965932 0 0.258798 0.965932 -1.5862e-08 0.258864 -0.965914 -1.5482e-08 0.258864 -0.965914 1.5862e-08 -0.258865 0.965914 1.5654e-08 -0.258865 0.965914 0 0.258804 -0.96593 0 0.258804 -0.96593 0 -0.258798 0.965932 0 -0.258798 0.965932 0 0.500006 -0.866022 0 0.500006 -0.866022 -4.33281e-08 0.707107 -0.707107 0 0.707107 -0.707106 4.33281e-08 -0.707107 0.707107 4.33531e-08 -0.707107 0.707107 0 0.707107 -0.707107 0 0.707107 -0.707107 0 -0.707107 0.707107 0 -0.707107 0.707107 0 -0.96593 -0.258804 0 -0.96593 -0.258804 0 -0.707107 -0.707106 0 -0.707107 -0.707106 0 -0.608765 0.793351 0 -0.608765 0.793351 -0.256787 -0.58835 0.766749 -0.256733 -0.588361 0.766759 -0.703996 -0.43235 0.563439 -0.704086 -0.432292 0.563371 -0.965342 -0.158882 0.207053 -0.965351 -0.15886 0.207027 0 0.608748 -0.793364 0 0.608748 -0.793364 -0.70411 -0.432279 0.563351 -0.704054 -0.43232 0.56339 0 -0.608772 0.793345 3.54352e-07 -0.608772 0.793345 0.704077 -0.563376 0.432299 0.704063 -0.563386 0.43231 0.256919 0.766736 -0.588309 0.256654 0.766776 -0.588374 0.958245 -0.226858 0.174076 0.958242 -0.226866 0.174083 0.958245 0.226861 -0.174071 0.958241 0.226871 -0.174077 0.704078 0.563388 -0.432282 0.70406 0.563401 -0.432295 -0.256971 0.766709 -0.588322 -0.256563 0.766812 -0.588366 -0.25697 -0.766722 0.588306 -0.25656 -0.766792 0.588393 0.256654 -0.766773 0.588377 0.256916 -0.766733 0.588315 0 -0.258863 -0.965914 0 -0.258863 -0.965914 0 -0.707107 -0.707106 0 -0.707107 -0.707106 0 -0.965913 -0.258866 0 -0.965913 -0.258866 0 -0.965913 0.258866 0 -0.965913 0.258866 0 0.258864 -0.965914 0 0.258864 -0.965914 -0.694723 -0.186194 -0.69476 -0.694743 -0.186173 -0.694745 -0.694757 -0.508583 -0.508582 -0.694758 -0.508582 -0.508582 -0.694723 -0.694759 -0.186196 -0.694746 -0.694743 -0.186173 -0.694743 -0.694741 0.186191 -0.694721 -0.694766 0.186179 -0.694741 0.18619 -0.694743 -0.694721 0.186179 -0.694766 0 0.793361 -0.608752 0 0.793361 -0.608752 0 -0.793353 0.608762 0 -0.793353 0.608762 6.71706e-08 -0.793363 0.608749 3.40565e-08 -0.793363 0.608749 0 0.793341 -0.608777 0 0.793341 -0.608777 0.704054 -0.563387 0.432323 0.704075 -0.563387 0.432288 0 -0.79336 0.608753 -0.00306644 -0.795055 0.606529 -1.25612e-06 -0.793353 0.608762 1.29503e-05 -0.79334 0.608779 -5.69448e-05 -0.793437 0.608652 0 -0.793352 0.608763 2.43741e-05 -0.79336 0.608753 8.50622e-05 -0.793303 0.608826 0 -0.795548 0.60589 1 1.55221e-07 0 1 0 0 1 0 0 1 0 0 1 0 0 1 0 0 1 0 0 1 0 0 1 0 0 1 0 0 1 0 0 1 0 0 1 0 0 1 0 0 1 0 0 1 1.46646e-07 -8.46688e-08 1 1.46646e-07 8.46684e-08 1 0 0 1 0 0 1 0 0 1 0 0 1 0 0 1 0 0 1 1.5522e-07 0 1.5862e-08 -0.258864 0.965914 1.5482e-08 -0.258864 0.965914 0.362805 -0.931245 0.0339987 0.13275 -0.987378 -0.0863785 -0.13275 -0.987378 -0.0863785 -0.362805 -0.931245 0.0339987 -1 -6.81787e-07 -6.81786e-07 -1 -2.49594e-07 -9.31319e-07 -1 -1.33046e-07 -7.51021e-06 -1 -1.33046e-07 4.96441e-07 -1 0 0 -1 0 0 -1 0 0 -1 -1.55234e-07 2.68866e-07 -1 0 0 -1 0 0 -1 0 0 -1 0 0 -1 0 0 -1 0 0 -1 0 0 -1 0 0 -1 -1.33046e-07 7.51021e-06 -1 -2.49593e-07 9.31323e-07 -1 -6.81788e-07 6.81788e-07 -1 -1.55234e-07 -2.68865e-07 -1 0 0 -1 0 0 -1 0 0 -1 -1.33046e-07 -4.96441e-07 -1.58619e-08 0.258864 -0.965914 -1.5654e-08 0.258864 -0.965914 0 -0.258804 0.96593 0 -0.258804 0.96593 1 4.23328e-08 -1.34199e-08 1 3.64116e-08 8.67799e-09 1 4.86166e-08 -9.20932e-09 1 4.90023e-08 4.21955e-09 1 4.45477e-08 1.19355e-08 1 3.88051e-08 0 1 4.45477e-08 -1.19355e-08 1 4.90023e-08 -4.21955e-09 1 4.86166e-08 9.20931e-09 1 4.23328e-08 0 1 4.23328e-08 0 1 3.61423e-08 1.80543e-08 1 3.28567e-08 1.23632e-08 1 3.88051e-08 0 1 3.28567e-08 -1.23632e-08 1 3.61423e-08 -1.80543e-08 1 3.68899e-08 7.97695e-09 1 4.23328e-08 0 0 0.258799 -0.965931 0 0.258799 -0.965931 1 0 0 1 6.98492e-08 4.03267e-08 1 4.65661e-08 0 1 4.65661e-08 -8.06536e-08 0 -0.500006 0.866022 0 -0.500006 0.866022 -0.704055 -0.563396 0.43231 -0.704108 -0.563359 0.432271 0.704056 -0.5634 0.432303 0.704108 -0.563354 0.432277 0 0.965914 -0.258864 0 0.965914 -0.258864 0.258814 -0.408208 -0.875433 0.25883 -0.40827 -0.875399 -0.258814 -0.408208 -0.875432 -0.25883 -0.40827 -0.875399 5.91866e-08 -0.965914 0.258863 0 -0.965914 0.258865 0 0.96593 -0.258804 0 0.96593 -0.258804 0 -0.965932 0.258798 0 -0.965932 0.258798 0 1 0 0 1 0 0 0.965914 0.258864 0 0.965914 0.258864 0.965926 -0.109391 -0.234566 0.965622 -0.112508 -0.234341 0.965932 -0.109366 -0.234552 0.707105 -0.298863 -0.640846 0.707103 -0.298877 -0.640842 0.258744 -0.408222 -0.875446 0.25886 -0.40822 -0.875413 -0.258859 -0.408209 -0.875418 -0.258744 -0.408233 -0.875441 0 -0.965914 -0.258864 5.90036e-08 -0.965914 -0.258865 0 0.96593 0.258804 0 0.96593 0.258804 -0.707105 -0.298863 -0.640846 -0.707103 -0.298877 -0.640842 -0.965926 -0.109376 -0.234573 -0.965931 -0.109421 -0.234529 -0.965475 -0.1101 -0.236086 0 -0.965932 -0.258798 0 -0.965932 -0.258798 0 0.707106 0.707107 -4.33531e-08 0.707107 0.707107 0.707091 -0.29884 -0.640872 0.707111 -0.298834 -0.640853 -0.707111 -0.298831 -0.640854 -0.707091 -0.298842 -0.640871 4.33282e-08 -0.707107 -0.707106 4.33531e-08 -0.707107 -0.707106 0 0.707107 0.707106 0 0.707107 0.707106 0 -0.707106 -0.707107 0 -0.707106 -0.707107 0 0.500006 0.866022 0 0.500006 0.866022 -1.5862e-08 0.258864 0.965914 -1.5482e-08 0.258864 0.965914 1.58619e-08 -0.258863 -0.965914 1.5654e-08 -0.258863 -0.965914 0 0.258804 0.96593 0 0.258804 0.96593 0 -0.258799 -0.965931 0 -0.258799 -0.965931 0 -0.793351 0.608765 0 -0.793351 0.608765 -0.256732 -0.766761 0.588359 -0.256788 -0.766748 0.588352 -0.704086 -0.563371 0.432292 -0.703996 -0.563439 0.43235 -0.965352 -0.207027 0.15886 -0.965342 -0.207053 0.158882 0 0.793364 -0.608748 0 0.793364 -0.608748 1 0 0 1 0 0 1 0 0 1 0 0 1 0 0 1 0 0 1 0 0 1 0 0 1 0 0 1 0 0 1 0 0 1 0 0 1 0 0 1 0 0 1 0 0 1 0 0 1 0 0 1 0 0 1 0 0 1 0 0 1 0 0 1 0 0 1 0 0 1 0 0 -0.704054 -0.563389 0.43232 -0.70411 -0.563351 0.432279 4.87129e-07 -0.793345 0.608772 4.61787e-07 -0.793345 0.608772 0.703983 -0.656153 0.271792 0.704059 -0.656088 0.271754 0.25667 0.892931 -0.369858 0.256618 0.892941 -0.369868 0.95826 -0.264137 0.109407 0.958249 -0.264168 0.109424 0.958238 0.264204 -0.109434 0.958249 0.264169 -0.109423 0.704104 0.656045 -0.271739 0.704058 0.656085 -0.271762 -0.256563 0.892955 -0.369874 -0.256863 0.892874 -0.369862 -0.256867 -0.892878 0.36985 -0.256562 -0.89296 0.369864 0.25684 -0.89289 0.369838 0.25667 -0.892926 0.36987 0 0.923882 -0.382677 0 0.923882 -0.382677 0 -0.923881 0.38268 0 -0.923881 0.38268 0 -0.923877 0.38269 -0.000119284 -0.92397 0.382466 1.42599e-06 -0.923872 0.382702 2.47302e-05 -0.923843 0.382772 -4.11364e-05 -0.923943 0.38253 0.00021742 -0.923477 0.383653 7.82209e-08 -0.92388 0.382682 -4.08346e-06 -0.923877 0.38269 0.000105471 -0.92371 0.383093 1.19623e-05 -0.923865 0.382718 4.03781e-07 -0.923996 0.382402 0 0.92388 -0.382683 0 0.92388 -0.382683 0.704063 -0.656084 0.271752 0.704055 -0.656087 0.271766 0 -0.923916 0.382595 -5.17959e-06 -0.923888 0.382663 -1.52033e-05 -0.923877 0.382689 -1.02631e-05 -0.92388 0.382683 0 -0.92387 0.382707 0.000156878 -0.92388 0.382683 6.54371e-05 -0.923882 0.382677 1.35864e-05 -0.923891 0.382655 0 -0.923916 0.382595 0 -0.92387 0.382707 -0.965929 0.109378 0.23456 -0.965934 0.109367 0.234542 4.12886e-05 -0.906307 0.422619 -1.47601e-05 -0.906307 0.422619 -1.45424e-05 -0.906307 0.422619 -5.38375e-06 -0.906307 0.422619 2.7073e-05 -0.906307 0.422621 -4.19756e-05 -0.906302 0.422632 4.19638e-05 -0.906302 0.422632 -2.32571e-07 -0.906309 0.422616 3.36641e-05 -0.906317 0.422599 -0.000157483 -0.906305 0.422624 -5.69115e-05 -0.906318 0.422597 9.39797e-05 -0.906293 0.422651 1.83123e-05 -0.90631 0.422614 -2.7073e-05 -0.906307 0.42262 5.38376e-06 -0.906307 0.422619 0.000157483 -0.906305 0.422624 3.99174e-06 -0.906315 0.422604 -8.82608e-05 -0.906294 0.422648 -4.92245e-05 -0.906312 0.42261 3.91814e-05 -0.90629 0.422657 -1.30909e-05 -0.906318 0.422597 -4.12886e-05 -0.906307 0.422619 1.43751e-05 -0.906307 0.422619 1.47276e-05 -0.906307 0.422619 -0.965922 0.109372 0.234591 -0.965923 0.109381 0.234583 0.704054 -0.656087 0.271766 0.704018 -0.656123 0.271775 -0.495546 -0.721839 0.483096 -0.707091 0.298848 0.640868 -0.707111 0.298837 0.640852 -0.707122 0.298826 0.640845 -0.707132 0.298782 0.640854 -0.36274 -0.624628 0.691563 -0.258744 0.408233 0.875441 -0.258823 0.408216 0.875426 -0.258793 0.40825 0.875419 -0.258846 0.408433 0.875318 -0.258774 0.408218 0.87544 -0.132742 -0.568507 0.811898 0.258744 0.408225 0.875445 0.258823 0.408224 0.875422 0.258793 0.408215 0.875435 0.258773 0.408283 0.875409 0.258863 0.408242 0.875402 0.132742 -0.568507 0.811898 0.707091 0.298848 0.640868 0.707111 0.298837 0.640852 0.707132 0.298782 0.640854 0.707122 0.298826 0.640845 0.36274 -0.624628 0.691563 0.965929 0.109378 0.23456 0.965934 0.109367 0.234542 0.965923 0.10937 0.234588 0.965922 0.109382 0.234586 -0.704054 -0.65609 0.271761 -0.704018 -0.656121 0.27178 0.495546 -0.721839 0.483096 0.965934 -0.109367 -0.234541 0.965932 -0.109372 -0.23455 0.495543 -0.834082 0.242371 -0.965934 -0.109367 -0.234542 -0.965932 -0.109372 -0.23455 -0.495543 -0.834082 0.242371 0.278635 -0.278633 0.91909 0.439823 -0.439823 0.783015 0.439824 -0.439822 0.783014 0.56809 -0.56809 0.595439 0.568088 -0.568118 0.595414 0.567998 -0.567997 0.595616 0.102008 -0.380626 0.919086 0.102076 -0.380692 0.919051 0.161002 -0.600795 0.783022 0.16101 -0.600783 0.78303 -0.102026 -0.380694 0.919056 -0.102088 -0.380584 0.919094 -0.161 -0.600787 0.783029 -0.161013 -0.600794 0.783021 -0.278634 -0.278634 0.91909 -0.439823 -0.439823 0.783014 -0.439823 -0.439823 0.783014 -0.568 -0.568 0.59561 -0.568088 -0.568117 0.595415 -0.568089 -0.568089 0.59544 0 -0.923884 0.382673 0 -0.923884 0.382673 -0.256963 -0.892858 0.369832 -0.25672 -0.892921 0.369848 -0.704044 -0.656099 0.271763 -0.70409 -0.656058 0.271744 -0.965362 -0.241055 0.0998469 -0.965351 -0.241089 0.0998624 0 0.923877 -0.382689 0 0.923877 -0.382689 -0.704018 -0.656124 0.271773 -0.704053 -0.656094 0.271754 5.37771e-07 -0.923884 0.382672 5.35845e-07 -0.923884 0.382672 0.704063 -0.704063 0.0926916 0.703994 -0.704131 0.0926918 0.256796 0.958196 -0.126164 0.256613 0.958246 -0.126152 0.958242 -0.283513 0.0373217 0.958257 -0.283461 0.0373194 0.958241 0.283515 -0.0373286 0.958234 0.283539 -0.0373296 0.704062 0.704063 -0.0926942 0.704124 0.704001 -0.0926946 -0.256913 0.958167 -0.126144 -0.256878 0.958176 -0.126143 -0.256909 -0.958168 0.12614 -0.256882 -0.958176 0.126139 0.256794 -0.958199 0.126144 0.256851 -0.958183 0.126147 0 0.991443 -0.130538 0 0.991443 -0.130538 0 -0.991445 0.130525 0 -0.991445 0.130525 4.33255e-07 -0.991444 0.130532 1.65279e-05 -0.991449 0.130495 -1.53658e-05 -0.991445 0.130523 -0.000319476 -0.991415 0.130756 1.71832e-05 -0.991445 0.130524 8.3703e-07 -0.991444 0.130531 0 -0.991444 0.130531 -5.01991e-06 -0.991445 0.130523 0.000102287 -0.991412 0.130777 6.08162e-06 -0.991445 0.130527 -6.2985e-06 -0.99145 0.130491 0 -0.991444 0.130532 0 0.991442 -0.130548 0 0.991442 -0.130548 0.704065 -0.704059 0.0926983 0.704063 -0.704062 0.0926953 0 -0.991444 0.130532 0.00044506 -0.991532 0.129859 -0.000180161 -0.99141 0.130793 0 -0.991444 0.130533 0 -0.991444 0.130532 1 0 0 1 0 0 1 0 0 1 0 0 1 0 0 1 0 0 1 0 0 1 0 0 1 0 0 1 0 0 0 0.258793 -0.965933 0 0.258793 -0.965933 0.704062 -0.704063 0.0926962 0.704017 -0.704108 0.0926952 0 0.707107 -0.707106 0 0.707107 -0.707106 0 0.965933 -0.258793 0 0.965933 -0.258793 0 -0.965933 -0.258793 0 -0.965933 -0.258793 0 -0.707107 -0.707106 0 -0.707107 -0.707106 0 -0.258793 -0.965933 0 -0.258793 -0.965933 -0.704017 -0.704107 0.0927019 -0.704062 -0.704063 0.0926893 0.896644 -0.240454 0.371769 0.958146 -0.256947 0.126229 0.656493 -0.656493 0.371529 0.656547 -0.656211 0.371932 0.656512 -0.656512 0.37146 0.701458 -0.701459 0.126146 0.701476 -0.701449 0.126099 0.701459 -0.701459 0.126137 0.207946 -0.776019 0.595444 0.207961 -0.776027 0.595428 0.240276 -0.896805 0.371494 0.240316 -0.896819 0.371435 0.256746 -0.95821 0.126156 0.256728 -0.95821 0.126189 -0.207961 -0.776027 0.595428 -0.207946 -0.776019 0.595444 -0.240316 -0.896819 0.371435 -0.240276 -0.896805 0.371494 -0.256746 -0.95821 0.126156 -0.256728 -0.95821 0.126189 -0.656385 -0.656384 0.371912 -0.656518 -0.65647 0.371526 -0.656513 -0.656513 0.37146 -0.701458 -0.701459 0.126145 -0.701461 -0.701457 0.126136 -0.701463 -0.701462 0.126101 -0.896667 -0.240374 0.371764 -0.958169 -0.256861 0.126229 0 -0.991444 0.130532 0 -0.991444 0.130532 -0.256803 -0.958195 0.12615 -0.256941 -0.958159 0.12615 -0.704065 -0.70406 0.0926918 -0.704037 -0.704088 0.0926968 -0.965352 -0.258719 0.0340608 -0.965359 -0.258694 0.0340584 0 0.991445 -0.130527 0 0.991445 -0.130527 -0.704063 -0.704063 0.0926879 -0.704017 -0.704107 0.0927017 5.77096e-07 -0.991444 0.130534 5.84556e-07 -0.991444 0.130534 0.703995 -0.704129 -0.0927004 0.704063 -0.704063 -0.0926828 0.256613 0.958244 0.12617 0.256796 0.958198 0.126145 0.958257 -0.283463 -0.037315 0.958242 -0.283513 -0.0373262 0.958234 0.283538 0.0373317 0.958241 0.283515 0.0373265 0.704124 0.704002 0.0926863 0.704062 0.704062 0.0927027 -0.256878 0.958176 0.126145 -0.256913 0.958167 0.126141 -0.256882 -0.958176 -0.126141 -0.256909 -0.958168 -0.126138 0.25685 -0.958184 -0.126142 0.256794 -0.958198 -0.126149 0 0.991443 0.130538 0 0.991443 0.130538 0 -0.991445 -0.130525 0 -0.991445 -0.130525 8.3703e-07 -0.991444 -0.130531 1.71832e-05 -0.991445 -0.130524 -0.000319476 -0.991415 -0.130756 -1.53658e-05 -0.991445 -0.130523 1.65279e-05 -0.991449 -0.130495 4.33255e-07 -0.991444 -0.130532 0 -0.991444 -0.130532 -6.2985e-06 -0.99145 -0.130491 6.08162e-06 -0.991445 -0.130527 0.000102287 -0.991412 -0.130777 -5.01991e-06 -0.991445 -0.130523 0 -0.991444 -0.130531 0 0.991442 0.130548 0 0.991442 0.130548 0.704065 -0.70406 -0.0926949 0.704062 -0.704062 -0.0926986 0 -0.991444 -0.130532 -0.000216506 -0.991427 -0.130665 0.000314593 -0.991472 -0.130319 0 -0.991444 -0.130532 -1.02594e-05 -0.991442 -0.130551 0 -0.991446 -0.130518 0 -0.991446 -0.130518 0 0.965933 0.258793 0 0.965933 0.258793 0.258793 0.40825 -0.875419 0.258845 0.40843 -0.87532 0.258774 0.408218 -0.87544 1 0 0 1 0 0 1 0 0 1 2.91039e-07 0 1 1.93551e-08 -7.27983e-08 1 5.37787e-07 7.08148e-08 1 5.8147e-07 2.4088e-07 0 -0.707106 0.707107 0.000118647 -0.706815 0.707398 0 -0.707179 0.707034 0 -0.965913 0.258867 0 -0.965913 0.258867 0 -0.965913 -0.258867 0 -0.965913 -0.258867 0 -0.707106 -0.707107 0 -0.707106 -0.707107 0.703814 -0.704308 -0.0927177 0.704121 -0.704007 -0.0926736 0.704062 -0.704063 -0.0926966 0.000362958 -0.259066 -0.96586 0 -0.258865 -0.965913 0 -0.258865 -0.965913 0 0.256947 -0.966426 0 0.256947 -0.966426 -0.258793 0.408215 -0.875435 -0.258773 0.408283 -0.875409 -0.258862 0.408242 -0.875402 0 0.707107 0.707106 0 0.707107 0.707106 0 0.258793 0.965933 0 0.258793 0.965933 0 -0.258793 0.965933 0 -0.258793 0.965933 0 -0.707107 0.707106 0 -0.707107 0.707106 0 -0.965933 0.258793 0 -0.965933 0.258793 -0.704062 -0.704063 -0.0926962 -0.704017 -0.704108 -0.0926952 0.958146 -0.256947 -0.126229 0.896644 -0.240454 -0.371769 0.701463 -0.701462 -0.126099 0.701461 -0.701455 -0.126146 0.701459 -0.701459 -0.126137 0.656493 -0.656493 -0.371529 0.656537 -0.656484 -0.371467 0.656385 -0.656385 -0.37191 0.567998 -0.567997 -0.595616 0.568088 -0.568118 -0.595414 0.56809 -0.56809 -0.595439 0.439823 -0.439823 -0.783014 0.439824 -0.439822 -0.783015 0.256729 -0.958214 -0.126155 0.256745 -0.958206 -0.126189 0.240276 -0.896805 -0.371494 0.240316 -0.896819 -0.371435 0.207946 -0.776019 -0.595444 0.207961 -0.776027 -0.595428 0.161013 -0.600794 -0.783021 0.161 -0.600787 -0.783028 -0.256728 -0.95821 -0.126189 -0.256746 -0.95821 -0.126156 -0.240316 -0.896819 -0.371434 -0.240276 -0.896805 -0.371494 -0.207961 -0.776027 -0.595428 -0.207946 -0.776019 -0.595444 -0.161002 -0.600795 -0.783022 -0.16101 -0.600783 -0.78303 -0.701463 -0.701462 -0.126101 -0.701461 -0.701457 -0.126136 -0.701458 -0.701459 -0.126145 -0.656513 -0.656513 -0.37146 -0.656518 -0.65647 -0.371526 -0.656385 -0.656384 -0.371912 -0.568089 -0.568089 -0.59544 -0.568088 -0.568117 -0.595415 -0.568 -0.568 -0.59561 -0.439823 -0.439823 -0.783014 -0.439823 -0.439823 -0.783014 -0.958169 -0.256861 -0.126229 -0.896667 -0.240374 -0.371764 0 -0.991444 -0.130532 0 -0.991444 -0.130532 -0.25694 -0.958159 -0.126145 -0.256803 -0.958195 -0.126154 -0.704037 -0.704088 -0.0926968 -0.704065 -0.70406 -0.0926918 -0.965359 -0.258694 -0.0340575 -0.965352 -0.258719 -0.0340617 0 0.991445 0.130527 0 0.991445 0.130527 -0.704017 -0.704107 -0.0927017 -0.704063 -0.704063 -0.0926879 5.77096e-07 -0.991444 -0.130534 5.60199e-07 -0.991444 -0.130534 0.704059 -0.656088 -0.271754 0.703983 -0.656153 -0.271792 0.256618 0.892944 0.369863 0.25667 0.892929 0.369863 0.958249 -0.264168 -0.109424 0.95826 -0.264137 -0.109407 0.958249 0.26417 0.10942 0.958238 0.264203 0.109437 0.704058 0.656085 0.271762 0.704104 0.656045 0.271739 -0.256563 0.892955 0.369874 -0.256862 0.892874 0.369862 -0.256563 -0.892952 -0.369881 -0.256867 -0.892885 -0.369833 0.25667 -0.892932 -0.369856 0.25684 -0.892884 -0.369853 0 0.923882 0.382677 0 0.923882 0.382677 0 -0.923881 -0.38268 0 -0.923881 -0.38268 7.82209e-08 -0.92388 -0.382682 0.00021742 -0.923477 -0.383653 -4.11364e-05 -0.923943 -0.38253 2.47302e-05 -0.923843 -0.382772 1.42599e-06 -0.923872 -0.382702 -0.000119284 -0.92397 -0.382466 0 -0.923877 -0.38269 4.39441e-07 -0.923877 -0.38269 0.000213229 -0.923948 -0.382518 -2.01845e-06 -0.923872 -0.382701 -3.37582e-05 -0.923852 -0.38275 0 0.92388 0.382683 0 0.92388 0.382683 0.704055 -0.656087 -0.271766 0.704063 -0.656084 -0.271752 0 -0.923864 -0.382721 4.65466e-06 -0.923923 -0.382579 9.3775e-06 -0.92389 -0.382659 2.37968e-05 -0.923878 -0.382687 7.47476e-05 -0.923862 -0.382725 0 -0.92388 -0.382682 0 -0.92388 -0.382682 -0.000101556 -0.923885 -0.382669 -1.62189e-05 -0.923892 -0.382653 0 -0.923916 -0.382595 0 -0.92388 -0.382682 -0.965934 -0.109368 0.234543 -0.965931 -0.109373 0.234551 4.12887e-05 -0.906307 -0.422619 -1.43751e-05 -0.906307 -0.422619 -1.47276e-05 -0.906307 -0.422619 -5.38379e-06 -0.906307 -0.422619 -0.000157483 -0.906305 -0.422624 -5.69115e-05 -0.906318 -0.422597 5.68644e-05 -0.906318 -0.422597 -2.13969e-05 -0.906305 -0.422625 -4.92244e-05 -0.906312 -0.42261 2.7073e-05 -0.906307 -0.422621 -4.19874e-05 -0.906302 -0.422632 -8.82608e-05 -0.906294 -0.422648 3.99174e-06 -0.906315 -0.422604 0.000157482 -0.906305 -0.422624 5.38379e-06 -0.906307 -0.422619 -2.70729e-05 -0.906307 -0.422621 1.83213e-05 -0.90631 -0.422614 9.39796e-05 -0.906293 -0.422651 3.3664e-05 -0.906317 -0.422599 3.24384e-05 -0.906317 -0.422599 4.24726e-06 -0.906302 -0.422632 -4.12886e-05 -0.906307 -0.422619 1.47601e-05 -0.906307 -0.422619 1.45424e-05 -0.906307 -0.422619 -0.965926 -0.109391 0.234566 -0.965629 -0.112437 0.234346 -0.965932 -0.109366 0.234552 0.704258 -0.655904 -0.271682 0.703991 -0.656144 -0.271793 0.704054 -0.65609 -0.27176 -0.495543 -0.834083 -0.24237 -0.707091 -0.29884 0.640872 -0.707111 -0.298834 0.640853 -0.362805 -0.931245 -0.033999 -0.132749 -0.987379 0.0863785 0.13275 -0.987378 0.0863785 0.70711 -0.298831 0.640855 0.70709 -0.298842 0.640871 0.362805 -0.931245 -0.0339985 0.965934 -0.109367 0.234542 0.965932 -0.109372 0.23455 0.965926 -0.109391 0.234566 0.965925 -0.109384 0.234572 0.965932 -0.10942 0.234528 0.965477 -0.110096 0.236077 -0.704054 -0.65609 -0.27176 -0.70408 -0.656072 -0.271735 -0.704009 -0.656129 -0.271783 -0.704191 -0.655951 -0.271742 -0.704019 -0.656126 -0.271764 0.495543 -0.834082 -0.242371 0.965929 0.109378 -0.23456 0.965934 0.109367 -0.234542 0.965925 0.109366 -0.234579 0.965922 0.109402 -0.234578 0.965922 0.109397 -0.234579 0.495546 -0.721839 -0.483096 0.70709 0.298848 -0.640869 0.70711 0.298837 -0.640852 0.707122 0.298826 -0.640845 0.707132 0.298782 -0.640855 0.36274 -0.624628 -0.691563 0.258823 0.408217 -0.875426 0.258744 0.408233 -0.875441 0.132743 -0.568507 -0.811898 -0.258745 0.408233 -0.875441 -0.258823 0.408217 -0.875426 -0.132742 -0.568507 -0.811898 -0.707091 0.298848 -0.640868 -0.707111 0.298837 -0.640852 -0.707122 0.298826 -0.640845 -0.707132 0.298782 -0.640854 -0.36274 -0.624628 -0.691563 -0.965928 0.109379 -0.234561 -0.965934 0.109368 -0.234543 -0.965923 0.10937 -0.234588 -0.965922 0.109382 -0.234586 0 -0.258897 0.965905 0 -0.258897 0.965905 -0.495546 -0.721839 -0.483096 0.278635 -0.278634 -0.91909 0.102008 -0.380626 -0.919086 0.102076 -0.380692 -0.919051 -0.102026 -0.380694 -0.919056 -0.102088 -0.380584 -0.919094 -0.278634 -0.278634 -0.91909 0 -0.923884 -0.382673 0 -0.923884 -0.382673 -0.256963 -0.892858 -0.369832 -0.25672 -0.892921 -0.369848 -0.70409 -0.656058 -0.271744 -0.704044 -0.656099 -0.271763 -0.965351 -0.241089 -0.0998624 -0.965362 -0.241055 -0.0998469 0 0.923877 0.382689 0 0.923877 0.382689 -0.704053 -0.656094 -0.271754 -0.704018 -0.656124 -0.271773 5.37771e-07 -0.923884 -0.382672 5.35845e-07 -0.923884 -0.382672 0.704063 -0.563386 -0.43231 0.704077 -0.563376 -0.432299 0.256655 0.766792 0.588352 0.25692 0.76672 0.588331 0.958242 -0.226866 -0.174083 0.958245 -0.226858 -0.174076 0.958242 0.22687 0.174078 0.958245 0.226862 0.17407 0.70406 0.563401 0.432295 0.704078 0.563388 0.432282 -0.256562 0.766795 0.588389 -0.25697 0.766726 0.5883 -0.256562 -0.766808 -0.588373 -0.256971 -0.766706 -0.588327 0.256917 -0.766718 -0.588335 0.256655 -0.766788 -0.588358 0 -0.707107 -0.707107 0 -0.707107 -0.707107 0 -0.965913 -0.258866 0 -0.965913 -0.258866 0 -0.965913 0.258866 0 -0.965913 0.258866 0 -0.707107 0.707106 0 -0.707107 0.707106 0 -0.258863 0.965914 0 -0.258863 0.965914 0 0.258864 0.965914 0 0.258864 0.965914 0 0.707107 0.707107 0 0.707107 0.707107 -1 0 0 -1 0 0 -1 0 0 -1 0 0 -1 0 0 -1 0 0 -1 0 0 -1 0 0 -1 0 0 -1 0 0 -0.694758 -0.508582 -0.508582 -0.694758 -0.508582 -0.508582 -0.694724 -0.694759 -0.186196 -0.694746 -0.694743 -0.186173 -0.694743 -0.694741 0.186191 -0.694721 -0.694766 0.186179 -0.694757 -0.508583 0.508582 -0.694758 -0.508582 0.508582 -0.694723 -0.186194 0.69476 -0.694743 -0.186173 0.694745 -0.694741 0.18619 0.694743 -0.694721 0.186179 0.694766 -0.694757 0.508583 0.508583 -0.694757 0.508583 0.508583 0 0.793361 0.608752 0 0.793361 0.608752 0 -0.793353 -0.608762 0 -0.793353 -0.608762 6.71706e-08 -0.793363 -0.608749 3.40566e-08 -0.793363 -0.608749 0 0.793341 0.608777 0 0.793341 0.608777 0.704075 -0.563387 -0.432288 0.704054 -0.563387 -0.432323 0 -0.793352 -0.608763 -2.90804e-05 -0.793376 -0.608732 1.65585e-05 -0.793348 -0.608769 -2.27358e-06 -0.793353 -0.608762 -0.0108952 -0.793755 -0.608141 0 -0.79336 -0.608753 0 -0.79336 -0.608753 0.00287856 -0.79508 -0.606498 1.20701e-06 -0.793353 -0.608761 4.33281e-08 -0.707107 -0.707107 4.33531e-08 -0.707107 -0.707107 -4.33281e-08 0.707107 0.707107 -4.09446e-08 0.707107 0.707107 0 -0.707107 -0.707107 0 -0.707107 -0.707107 0 0.707107 0.707107 0 0.707107 0.707107 0 -0.500006 -0.866022 0 -0.500006 -0.866022 1.5862e-08 -0.258864 -0.965914 1.5482e-08 -0.258864 -0.965914 -0.258744 -0.408222 0.875447 -0.25886 -0.40822 0.875413 0.25886 -0.408209 0.875418 0.258744 -0.408233 0.875441 -1.58619e-08 0.258864 0.965914 -1.5654e-08 0.258864 0.965914 0 -0.258804 -0.96593 0 -0.258804 -0.96593 0 0.258799 0.965931 0 0.258799 0.965931 -1.5862e-08 0.258864 -0.965914 -1.5482e-08 0.258864 -0.965914 1.58619e-08 -0.258863 0.965914 1.5654e-08 -0.258863 0.965914 0 0.258804 -0.96593 0 0.258804 -0.96593 0 -0.258799 0.965931 0 -0.258799 0.965931 0 0.500006 -0.866022 0 0.500006 -0.866022 0 0.707107 -0.707107 -4.33531e-08 0.707106 -0.707107 4.33282e-08 -0.707107 0.707106 4.33531e-08 -0.707107 0.707106 0 0.707107 -0.707106 0 0.707107 -0.707106 0 -0.707106 0.707107 0 -0.707106 0.707107 0 0.965914 -0.258864 0 0.965914 -0.258864 -0.707103 -0.298877 0.640842 -0.707105 -0.298863 0.640846 -0.258814 -0.408208 0.875433 -0.25883 -0.40827 0.875399 0.258814 -0.408208 0.875433 0.25883 -0.40827 0.875399 -0.704108 -0.563354 -0.432277 -0.704056 -0.5634 -0.432303 0.707105 -0.298863 0.640846 0.707102 -0.298877 0.640842 0 -0.965914 0.258865 5.90036e-08 -0.965914 0.258864 0 0.96593 -0.258804 0 0.96593 -0.258804 0.704055 -0.563396 -0.43231 0.704108 -0.563359 -0.432271 0 -0.965932 0.258798 0 -0.965932 0.258798 0 1 0 0 1 0 0 0.965914 0.258864 0 0.965914 0.258864 5.91866e-08 -0.965914 -0.258865 0 -0.965914 -0.258863 0 0.96593 0.258804 0 0.96593 0.258804 0 -0.965932 -0.258798 0 -0.965932 -0.258798 -4.33282e-08 0.707107 0.707106 0 0.707107 0.707107 4.33281e-08 -0.707107 -0.707107 4.33531e-08 -0.707107 -0.707107 0 0.707107 0.707107 0 0.707107 0.707107 0 -0.707107 -0.707107 0 -0.707107 -0.707107 0 0.500006 0.866022 0 0.500006 0.866022 0 -0.793351 -0.608765 0 -0.793351 -0.608765 -0.256787 -0.766749 -0.58835 -0.256733 -0.766759 -0.58836 -0.703996 -0.563439 -0.43235 -0.704086 -0.563371 -0.432292 -0.965342 -0.207053 -0.158882 -0.965352 -0.207027 -0.15886 0 0.793364 0.608748 0 0.793364 0.608748 -0.70411 -0.563351 -0.432279 -0.704054 -0.563389 -0.43232 4.87129e-07 -0.793345 -0.608772 4.61787e-07 -0.793345 -0.608772 0.704063 -0.43231 -0.563386 0.704077 -0.432299 -0.563376 0.256919 0.588309 0.766736 0.256654 0.588374 0.766776 0.958242 -0.174083 -0.226866 0.958245 -0.174076 -0.226858 0.958241 0.174078 0.22687 0.958245 0.17407 0.226861 0.70406 0.432295 0.563401 0.704078 0.432282 0.563388 -0.256971 0.588322 0.766709 -0.256563 0.588366 0.766812 -0.256561 -0.588373 -0.766808 -0.256971 -0.588327 -0.766706 0.256654 -0.588377 -0.766773 0.256916 -0.588315 -0.766733 0 -0.258865 -0.965914 0 -0.258865 -0.965914 0 0.965914 0.258864 0 0.965914 0.258864 0 0.965914 -0.258863 0 0.965914 -0.258863 0 0.707106 -0.707107 0 0.707106 -0.707107 0 0.258865 -0.965914 0 0.258865 -0.965914 -0.694724 -0.186195 -0.694759 -0.694744 -0.186173 -0.694744 -0.694741 0.694743 0.18619 -0.694721 0.694766 0.186179 -0.694723 0.69476 -0.186194 -0.694743 0.694745 -0.186173 -0.694757 0.508583 -0.508583 -0.694758 0.508582 -0.508582 -0.694744 0.186173 -0.694744 -0.694723 0.186196 -0.694759 0 0.608752 0.793361 0 0.608752 0.793361 0 -0.608762 -0.793353 0 -0.608762 -0.793353 2.57701e-08 -0.608749 -0.793363 2.55424e-08 -0.608749 -0.793363 0 0.608777 0.793341 0 0.608777 0.793341 0.704075 -0.432288 -0.563387 0.704054 -0.432323 -0.563387 1.38679e-06 -0.608753 -0.79336 9.92888e-05 -0.609103 -0.793091 1.21713e-05 -0.60877 -0.793347 0 -0.60589 -0.795548 0 -0.608763 -0.793352 -3.0387e-05 -0.608753 -0.79336 -0.000186631 -0.608905 -0.793243 0 -0.60589 -0.795548 6.23784e-05 -0.608636 -0.793449 1 1.5522e-07 0 1 0 0 1 0 0 1 0 0 1 0 0 1 0 0 1 0 0 1 0 0 1 0 0 1 0 0 1 0 0 1 0 0 1 0 0 1 0 0 1 0 0 1 1.46646e-07 -8.46684e-08 1 1.46646e-07 8.46688e-08 1 0 0 1 0 0 1 0 0 1 0 0 1 0 0 1 0 0 1 1.55221e-07 0 1.5862e-08 -0.258864 0.965914 1.5482e-08 -0.258864 0.965914 0.965926 0.234566 -0.109391 0.96563 0.234346 -0.112433 0.965932 0.234553 -0.10936 0.965924 0.234572 -0.109394 0.707105 0.640846 -0.298863 0.707102 0.640842 -0.298877 0.258823 0.875427 -0.408214 0.25886 0.875416 -0.408213 0.25883 0.875429 -0.408206 0.258818 0.875402 -0.408271 -0.25886 0.875418 -0.40821 -0.258824 0.875425 -0.408218 -0.258814 0.875432 -0.408208 -0.25883 0.875399 -0.40827 -0.707105 0.640846 -0.298863 -0.707103 0.640842 -0.298877 -0.965926 0.234573 -0.109376 -0.965931 0.23453 -0.109421 -0.965477 0.236077 -0.110096 -1 -6.81788e-07 -6.81788e-07 -1 -2.49593e-07 -9.31323e-07 -1 -1.33046e-07 -7.51021e-06 -1 -1.33046e-07 4.96441e-07 -1 0 0 -1 0 0 -1 0 0 -1 -1.55234e-07 2.68865e-07 -1 0 0 -1 0 0 -1 0 0 -1 0 0 -1 0 0 -1 0 0 -1 0 0 -1 0 0 -1 -1.33046e-07 7.51021e-06 -1 -2.49594e-07 9.31319e-07 -1 -6.81787e-07 6.81786e-07 -1 -1.55234e-07 -2.68866e-07 -1 0 0 -1 0 0 -1 0 0 -1 -1.33046e-07 -4.96441e-07 -1.5862e-08 0.258865 -0.965914 -1.5654e-08 0.258865 -0.965914 0 -0.258804 0.96593 0 -0.258804 0.96593 1 4.23328e-08 -1.34198e-08 1 3.64116e-08 8.67798e-09 1 4.86166e-08 -9.20931e-09 1 4.90023e-08 4.21955e-09 1 4.45477e-08 1.19355e-08 1 3.88051e-08 0 1 4.45477e-08 -1.19355e-08 1 4.90023e-08 -4.21955e-09 1 4.86166e-08 9.20932e-09 1 4.23328e-08 0 1 4.23328e-08 0 1 3.61423e-08 1.80543e-08 1 3.28567e-08 1.23632e-08 1 3.88051e-08 0 1 3.28567e-08 -1.23632e-08 1 3.61423e-08 -1.80543e-08 1 3.68899e-08 7.97696e-09 1 4.23328e-08 0 0 0.258798 -0.965932 0 0.258798 -0.965932 1 9.31322e-08 0 1 2.32831e-08 -4.03268e-08 1 4.65661e-08 0 1 4.65661e-08 8.06536e-08 0 -0.500006 0.866022 0 -0.500006 0.866022 4.33282e-08 -0.707107 0.707106 4.33531e-08 -0.707107 0.707106 0.70709 0.640873 -0.29884 0.707111 0.640853 -0.298835 -0.707111 0.640854 -0.298832 -0.707091 0.640871 -0.298843 -4.33281e-08 0.707106 -0.707107 -4.33531e-08 0.707106 -0.707107 0 -0.707106 0.707107 0 -0.707106 0.707107 0 0.707107 -0.707106 0 0.707107 -0.707106 5.91866e-08 -0.965914 0.258864 5.88316e-08 -0.965914 0.258864 -5.91866e-08 0.965914 -0.258863 -5.90035e-08 0.965914 -0.258863 0 -0.96593 0.258804 0 -0.96593 0.258804 0 0.965931 -0.258799 0 0.965931 -0.258799 0 -1 0 0 -1 0 5.91866e-08 -0.965914 -0.258864 5.88316e-08 -0.965914 -0.258864 0.362806 -0.0339992 -0.931244 0.132755 0.0863752 -0.987378 -0.132756 0.0863752 -0.987378 -0.362806 -0.0339993 -0.931244 -5.91866e-08 0.965914 0.258864 -5.90036e-08 0.965914 0.258864 0 -0.96593 -0.258804 0 -0.96593 -0.258804 0 0.965931 0.258799 0 0.965931 0.258799 -0.704108 -0.432271 -0.563359 -0.704055 -0.43231 -0.563396 0.704056 -0.432303 -0.5634 0.704108 -0.432277 -0.563354 -1.5862e-08 0.258864 0.965914 -1.5482e-08 0.258864 0.965914 1.5862e-08 -0.258865 -0.965914 1.5654e-08 -0.258865 -0.965914 0 0.258804 0.96593 0 0.258804 0.96593 0 -0.258798 -0.965932 0 -0.258798 -0.965932 0 -0.258804 0.96593 0 -0.258804 0.96593 0 -0.707107 0.707106 0 -0.707107 0.707106 0 -0.96593 0.258804 0 -0.96593 0.258804 0.694762 -0.186142 0.694735 0.694742 -0.186192 0.694742 0.694759 -0.508581 0.508582 0.694759 -0.508582 0.508581 0.694768 -0.694718 0.186184 0.694748 -0.694748 0.186146 0 -0.96593 -0.258804 0 -0.96593 -0.258804 0.694762 -0.694735 -0.186143 0.694742 -0.694742 -0.186191 0 -0.608765 -0.793351 0 -0.608765 -0.793351 -0.256787 -0.58835 -0.766749 -0.256732 -0.588361 -0.76676 -0.703996 -0.43235 -0.563439 -0.704086 -0.432292 -0.563371 -0.965342 -0.158882 -0.207053 -0.965351 -0.15886 -0.207027 0 0.608748 0.793364 0 0.608748 0.793364 1 0 0 1 0 0 1 0 0 1 0 0 1 0 0 1 0 0 1 0 0 1 0 0 1 0 0 1 0 0 1 0 0 1 0 0 1 0 0 1 0 0 1 0 0 1 0 0 1 0 0 1 0 0 1 0 0 1 0 0 1 0 0 1 0 0 1 0 0 1 0 0 -0.70411 -0.432279 -0.563351 -0.704054 -0.43232 -0.563389 -1 0 0 -1 0 0 -1 0 0 -1 0 0 -1 0 0 -1 0 0 -1 0 0 -1 0 0 -1 0 0 -1 0 0 -1 0 0 -1 0 0 -1 0 0 -1 0 0 -1 0 0 -1 0 0 -1 0 0 -1 0 0 -1 0 0 -1 0 0 -1 0 0 -1 0 3.45549e-07 -1 -8.62799e-08 -3.09811e-07 -1 -8.62799e-08 -4.01807e-07 -1 -3.23275e-08 1.20662e-07 -1 -4.10839e-08 4.10837e-08 -1 -4.47233e-08 1.19823e-08 -1 -4.5586e-08 6.00187e-09 -1 -4.5586e-08 -1.22134e-08 -1 -4.62027e-08 -4.62025e-08 -1 0 0 -1 0 0 -1 0 0 -1 0 0 -1 0 0 -1 0 0 -1 0 0 -1 0 0 -1 0 0 -1 0 0 -1 0 0 -1 0 0 -1 0 0 -1 0 0 -1 0 0 -1 0 0 -1 0 0 -1 0 0 -1 0 0 -1 0 0 -1 0 0 -1 0 3.45549e-07 -1 -8.62799e-08 -3.09811e-07 -1 -8.62799e-08 -1.13596e-08 -1 -2.91014e-08 4.22955e-07 -1 -5.0631e-08 -1.88979e-07 -1 0 0 -1 0 0 -1 0 0 -1 0 0 -1 0 0 -1 0 0 -1 0 0 -1 0 0 -1 0 0 -1 0 0 -1 0 0 -1 0 0 -1 0 0 -1 0 0 -1 0 0 -1 0 0 -1 0 0 -1 0 0 -1 0 0 -1 0 0 -1 0 -2.50019e-06 -1 0 2.50019e-06 -1 -1.9372e-06 -2.55052e-07 -1 -3.48967e-07 -3.48967e-07 -1 -1.05725e-07 -3.94615e-07 -1 -5.92064e-06 5.92063e-06 -1 -1.29791e-06 1.70884e-07 -1 -1.05725e-07 3.94615e-07 -1 0 0 -1 0 0 -1 0 0 -1 0 0 -1 0 0 -1 0 0 -1 0 0 -1 0 0 3.89703e-07 -0.608772 -0.793345 0 -0.608772 -0.793345 0.704059 -0.271754 -0.656088 0.703985 -0.271791 -0.656152 0.25667 0.369858 0.892931 0.256619 0.369868 0.892941 0.958249 -0.109424 -0.264168 0.95826 -0.109407 -0.264137 0.958238 0.109434 0.264204 0.958249 0.109423 0.264169 0.704058 0.271762 0.656085 0.704104 0.271739 0.656045 -0.256863 0.369843 0.892881 -0.256564 0.369893 0.892947 -0.256867 -0.369851 -0.892878 -0.256562 -0.369864 -0.89296 0.25684 -0.369839 -0.89289 0.256671 -0.36987 -0.892926 0 0.382677 0.923882 0 0.382677 0.923882 0 -0.38268 -0.923881 0 -0.38268 -0.923881 1.62004e-08 -0.38269 -0.923877 1.70279e-08 -0.38269 -0.923877 0 0.382683 0.92388 -3.62914e-08 0.382683 0.92388 0.704055 -0.271766 -0.656087 0.704063 -0.271752 -0.656084 0 -0.382682 -0.92388 0 -0.382595 -0.923916 -1.61915e-05 -0.382653 -0.923892 -0.000101829 -0.382669 -0.923885 9.38587e-06 -0.382683 -0.92388 1.41194e-05 -0.382689 -0.923877 4.90654e-06 -0.382664 -0.923888 1.77616e-08 -0.382595 -0.923916 0 -0.382707 -0.92387 1 4.37114e-08 -2.9618e-15 1 4.37114e-08 0 1 4.37114e-08 -1.30076e-14 1 4.37114e-08 0 1 4.37114e-08 0 1 4.37114e-08 -1.93257e-14 1 4.37114e-08 -1.27918e-12 1 4.37114e-08 5.10057e-14 1 4.37114e-08 -1.45479e-14 1 4.37114e-08 -2.16998e-14 1 4.37114e-08 1.03048e-14 1 4.37114e-08 0 1 4.37114e-08 0 1 4.37114e-08 2.37024e-14 1 4.37114e-08 1.35641e-14 1 4.37115e-08 -2.81276e-13 1 4.37114e-08 -9.17014e-15 1 4.37114e-08 0 1 4.37114e-08 0 1 4.37114e-08 -1.50472e-13 1 4.37114e-08 0 1 4.37114e-08 1.35759e-14 1 4.37114e-08 8.78454e-15 1 4.37114e-08 4.22828e-13 1 4.37114e-08 0 1 4.37114e-08 0 1 4.37114e-08 2.21639e-12 1 4.37114e-08 -2.29271e-13 1 4.37114e-08 8.80808e-14 1 4.37114e-08 0 1 4.37114e-08 -1.71694e-14 1 4.37114e-08 -6.92468e-15 1 4.37114e-08 0 1 4.37114e-08 -1.50183e-14 1 4.37113e-08 4.91249e-14 1 4.37115e-08 -2.92267e-14 1 4.3711e-08 1.23264e-13 1 4.37116e-08 -9.22518e-14 1 4.37114e-08 0 1 4.37114e-08 -3.42989e-14 1 4.37111e-08 1.6752e-13 1 4.37114e-08 3.44585e-14 1 4.37114e-08 -1.95324e-14 1 4.37114e-08 8.11078e-15 1 4.37114e-08 0 1 4.37114e-08 6.72835e-14 1 4.37114e-08 -3.32913e-15 1 4.37114e-08 8.63884e-15 1 4.37114e-08 6.65808e-15 1 4.37114e-08 -8.49352e-15 1 4.37114e-08 -1.53363e-14 1 4.37114e-08 7.13885e-14 1 4.37114e-08 -2.81798e-14 1 4.37114e-08 9.51698e-15 1 4.37114e-08 0 1 4.37114e-08 0 1 4.37114e-08 4.1682e-14 1 4.37114e-08 -8.65155e-15 1 4.37114e-08 -7.13885e-14 1 4.37114e-08 0 1 4.37114e-08 0 1 4.37114e-08 0 1 4.37114e-08 1.4543e-14 1 4.37114e-08 -7.2312e-14 1 4.37114e-08 7.37623e-14 1 4.37114e-08 0 1 4.37114e-08 -6.63755e-15 1 4.37114e-08 -1.92446e-14 1 4.37114e-08 0 1 4.37114e-08 0 1 4.3711e-08 0 1 4.37114e-08 1.23026e-13 1 4.37114e-08 0 1 4.37114e-08 0 1 4.37114e-08 0 1 4.37114e-08 5.79324e-13 1 4.37114e-08 0 1 4.37114e-08 -1.00314e-14 1 4.37115e-08 1.81949e-13 1 4.37114e-08 1.01274e-14 1 4.37114e-08 -7.88662e-15 1 4.37114e-08 -4.05521e-14 1 4.37114e-08 -6.11322e-14 1 4.37114e-08 -1.12189e-13 1 4.37114e-08 1.08713e-13 1 4.37114e-08 -1.45607e-14 1 4.37114e-08 4.51584e-15 1 4.37114e-08 1.49749e-14 1 4.37114e-08 -7.48744e-15 1 4.37114e-08 1.35475e-14 1 4.37114e-08 1.00105e-14 1 4.37114e-08 0 1 4.37114e-08 -8.60462e-14 1 4.37114e-08 6.71542e-14 1 4.37114e-08 0 1 4.37114e-08 -8.85097e-15 1 4.37114e-08 5.2399e-14 1 4.37114e-08 7.47928e-14 1 4.37114e-08 -1.08713e-13 1 4.37114e-08 1.45607e-14 1 4.37114e-08 -4.51584e-15 1 4.37114e-08 -1.59108e-14 1 4.37114e-08 7.48744e-15 1 4.37114e-08 -1.35475e-14 1 4.37114e-08 -7.28035e-15 1 4.37114e-08 -1.35892e-14 1 4.37114e-08 6.71542e-14 1 4.37114e-08 0 1 4.37114e-08 2.53451e-14 1 4.37114e-08 7.88662e-15 1 4.37114e-08 -4.07209e-15 1 4.37114e-08 -4.6395e-15 1 4.37114e-08 -1.83485e-13 1 4.37113e-08 -3.81309e-13 1 4.37114e-08 4.86431e-14 1 4.37114e-08 -4.2931e-14 1 4.37115e-08 4.55591e-12 1 4.37114e-08 -7.2354e-13 1 4.37114e-08 0 1 4.37114e-08 0 1 4.37114e-08 0 1 4.37114e-08 1.49373e-13 1 4.37114e-08 -2.07788e-15 1 4.37114e-08 9.71484e-15 1 4.37114e-08 1.44642e-14 1 4.37114e-08 -3.30313e-14 1 4.37114e-08 1.5514e-14 1 4.37114e-08 -6.61918e-14 1 4.37114e-08 -1.20467e-14 1 4.37114e-08 6.05653e-15 1 4.37114e-08 0 1 4.37114e-08 0 1 4.37114e-08 2.53603e-14 1 4.37114e-08 0 1 4.37114e-08 0 1 4.37114e-08 0 1 4.37114e-08 9.84688e-15 1 4.37114e-08 -3.18531e-15 1 4.37114e-08 -5.73176e-15 1 4.37114e-08 -6.34008e-15 1 4.37114e-08 0 1 4.37114e-08 1.26802e-14 1 4.37114e-08 5.73176e-15 1 4.37114e-08 0 1 4.37114e-08 -9.84688e-15 1 4.37114e-08 0 1 4.37114e-08 0 1 4.37114e-08 7.1647e-16 1 4.37114e-08 -2.53603e-14 1 4.37114e-08 3.61799e-14 1 4.37114e-08 0 1 4.37114e-08 -8.07537e-15 1 4.37114e-08 -2.28781e-14 1 4.37114e-08 -3.34931e-14 1 4.37114e-08 5.14488e-15 1 4.37114e-08 0 1 4.37114e-08 -2.79425e-14 1 4.37114e-08 0 1 4.37114e-08 0 1 4.37114e-08 7.22842e-14 1 4.37114e-08 0 1 4.37114e-08 -7.22842e-14 1 4.37114e-08 0 1 4.37114e-08 -7.47928e-14 1 4.37114e-08 -5.2399e-14 1 4.37114e-08 8.17013e-15 1 4.37114e-08 4.6395e-15 1 4.37114e-08 3.3328e-15 1 4.37114e-08 1.08713e-13 1 4.37114e-08 -1.45607e-14 1 4.37114e-08 4.51584e-15 1 4.37114e-08 1.49749e-14 1 4.37114e-08 -7.48744e-15 1 4.37114e-08 1.35475e-14 1 4.37114e-08 1.00105e-14 1 4.37114e-08 0 1 4.37114e-08 -8.60462e-14 1 4.37114e-08 6.24797e-14 1 4.37114e-08 -2.56586e-14 1 4.37114e-08 2.57076e-14 1 4.37114e-08 0 1 4.37114e-08 -5.97635e-14 1 4.37114e-08 -1.22938e-14 1 4.37114e-08 0 1 4.37114e-08 0 1 4.37114e-08 -4.18664e-15 1 4.37114e-08 -9.15125e-14 1 4.37114e-08 9.11902e-15 1 4.37114e-08 0 1 4.37114e-08 -2.79425e-14 1 4.37114e-08 0 1 4.37114e-08 0 1 4.37114e-08 0 1 4.37114e-08 -3.94489e-13 1 4.37114e-08 1.34243e-13 1 4.37114e-08 0 1 4.37114e-08 0 1 4.37114e-08 0 1 4.37114e-08 6.37062e-15 1 4.37114e-08 0 1 4.37114e-08 -8.61602e-15 1 4.37114e-08 0 1 4.37114e-08 7.88117e-15 1 4.37114e-08 2.53603e-14 1 4.37114e-08 0 1 4.37114e-08 0 1 4.37114e-08 1.49373e-13 1 4.37114e-08 6.24797e-14 1 4.37114e-08 -2.56586e-14 1 4.37114e-08 0 1 4.37114e-08 -2.70731e-14 1 4.37114e-08 -2.57076e-14 1 4.37114e-08 2.46758e-14 1 4.37114e-08 0 1 4.37114e-08 1.22938e-14 1 4.37114e-08 -1.30183e-14 1 4.37114e-08 -9.10044e-15 1 4.37114e-08 -1.35475e-14 1 4.37114e-08 7.48744e-15 1 4.37114e-08 -1.49749e-14 1 4.37114e-08 -2.25792e-15 1 4.37114e-08 1.45607e-14 1 4.37114e-08 -1.08713e-13 1 4.37114e-08 1.12189e-13 1 4.37114e-08 6.11322e-14 1 4.37114e-08 1.82449e-14 1 4.37114e-08 -8.48525e-14 1 4.37114e-08 2.70731e-14 1 4.37114e-08 0 1 4.37114e-08 -1.34243e-13 1 4.37114e-08 3.94489e-13 1 4.37114e-08 0 1 4.37114e-08 5.29907e-15 1 4.37114e-08 2.53603e-14 1 4.37114e-08 0 1 4.37114e-08 0 1 4.37114e-08 0 1 4.37114e-08 9.84688e-15 1 4.37114e-08 -3.18531e-15 1 4.37114e-08 -5.73176e-15 1 4.37114e-08 -6.34008e-15 1 4.37114e-08 0 1 4.37114e-08 0 1 4.37114e-08 6.34435e-14 1 4.37114e-08 -3.49678e-14 1 4.37114e-08 2.85038e-14 1 0 0 1 0 0 1 0 0 1 0 0 1 0 0 1 0 0 1 0 0 1 0 0 1 0 0 1 0 0 -0.965928 -0.234562 0.109377 -0.965928 -0.234562 0.109377 0 -0.422617 -0.906308 0 -0.422633 -0.906301 5.55723e-08 -0.422633 -0.906301 5.16534e-08 -0.422679 -0.90628 6.49681e-06 -0.422512 -0.906358 0 -0.422627 -0.906304 0 -0.422663 -0.906287 2.59723e-05 -0.422603 -0.906315 2.36935e-06 -0.422566 -0.906332 -6.36128e-06 -0.422512 -0.906357 0 -0.422627 -0.906304 4.43752e-05 -0.422525 -0.906351 -1.9368e-05 -0.422634 -0.9063 3.80047e-06 -0.422776 -0.906234 5.16534e-08 -0.422679 -0.90628 -3.66494e-06 -0.422776 -0.906234 1.93635e-05 -0.422634 -0.9063 -4.43752e-05 -0.422525 -0.906351 -2.36935e-06 -0.422566 -0.906332 -5.52645e-05 -0.422649 -0.906293 0 -0.422609 -0.906312 8.94392e-08 -0.422552 -0.906339 8.94506e-08 -0.422606 -0.906313 4.6314e-08 -0.422606 -0.906313 -0.965922 -0.234591 0.109372 -0.965923 -0.234583 0.109381 -0.495543 -0.483136 -0.721815 -0.707091 -0.640871 0.298843 -0.707111 -0.640854 0.298832 -0.707122 -0.640845 0.298826 -0.707131 -0.640855 0.298782 -0.362758 -0.691573 -0.624606 -0.258822 -0.875425 0.408218 -0.258823 -0.875425 0.408218 -0.258793 -0.875419 0.40825 -0.258846 -0.875318 0.408433 -0.258774 -0.87544 0.408218 -0.13282 -0.81189 -0.568502 0.258823 -0.875425 0.408218 0.258822 -0.875425 0.408218 0.258793 -0.875435 0.408215 0.258773 -0.87541 0.408282 0.258861 -0.875402 0.408242 0.13282 -0.81189 -0.568502 0.70709 -0.640871 0.298843 0.70711 -0.640855 0.298832 0.707132 -0.640855 0.298782 0.707122 -0.640845 0.298826 -0.704019 -0.271764 -0.656126 -0.704191 -0.271742 -0.655951 -0.70401 -0.271783 -0.656128 -0.704079 -0.271736 -0.656073 -0.704054 -0.27176 -0.65609 0.362757 -0.691574 -0.624606 0.965929 -0.234561 0.109376 0.965929 -0.234561 0.109376 0.965925 -0.234579 0.109366 0.965922 -0.234578 0.109399 0.965921 -0.234581 0.109398 0.495543 -0.483136 -0.721815 0.965934 0.234542 -0.109368 0.965932 0.23455 -0.109373 0.495543 -0.24237 -0.834083 -0.965934 0.234542 -0.109367 -0.965931 0.234551 -0.109373 -0.495543 -0.24237 -0.834083 0 0.258865 -0.965914 -1.68079e-08 0.258865 -0.965914 1.72205e-08 -0.258865 -0.965914 1.68079e-08 -0.258865 -0.965914 4.70389e-08 -0.707107 -0.707106 5.04278e-08 -0.707107 -0.707106 0 0.707107 -0.707106 0 0.707107 -0.707106 6.42555e-08 -0.965914 -0.258865 6.44303e-08 -0.965914 -0.258865 6.42555e-08 -0.965913 0.258865 6.44304e-08 -0.965913 0.258865 4.70389e-08 -0.707107 0.707106 4.48247e-08 -0.707107 0.707106 1.72206e-08 -0.258867 0.965913 1.68079e-08 -0.258867 0.965913 0 0.258867 0.965913 -1.96092e-08 0.258867 0.965913 0 0.965914 -0.258865 0 0.965914 -0.258865 0.704018 -0.271775 -0.656122 0.704054 -0.271766 -0.656087 0 0.707107 0.707106 0 0.707107 0.707106 0 0.965913 0.258865 0 0.965913 0.258865 1 1.45519e-07 0 1 0 0 1 0 0 1 0 0 1 0 0 1 0 0 1 0 0 1 0 0 1 0 0 1 0 0 1 0 0 1 0 0 1 0 0 1 8.31615e-08 -1.44035e-07 1 4.26118e-07 4.26118e-07 1 1.55997e-07 5.82077e-07 1 1.55998e-07 -5.82076e-07 1 4.26118e-07 -4.26118e-07 1 8.3162e-08 1.44034e-07 1 0 0 1 0 0 1 0 0 1 0 0 1 1.45519e-07 0 0 0.258804 -0.96593 0 0.258804 -0.96593 0 0.707107 -0.707107 0 0.707107 -0.707107 0 0.96593 -0.258805 0 0.96593 -0.258805 0.694742 0.186191 -0.694742 0.694762 0.186142 -0.694735 0.694759 0.508581 -0.508582 0.694758 0.508582 -0.508582 0.694768 0.694718 -0.186184 0.694748 0.694748 -0.186146 0 0.96593 0.258805 0 0.96593 0.258805 0 0.707107 0.707106 0 0.707107 0.707106 0 0.258804 0.96593 0 0.258804 0.96593 0.694742 0.694742 0.186191 0.694762 0.694735 0.186143 0.694759 0.508582 0.508582 0.694759 0.508582 0.508581 0.694768 0.186185 0.694718 0.694748 0.186146 0.694748 0 -0.707107 -0.707107 0 -0.707107 -0.707107 0 -0.258804 -0.96593 0 -0.258804 -0.96593 0.694758 -0.508582 -0.508582 0.694759 -0.508581 -0.508582 0.694768 -0.186184 -0.694718 0.694748 -0.186146 -0.694748 8.48553e-08 -0.382673 -0.923884 0 -0.382673 -0.923884 -0.256963 -0.369832 -0.892858 -0.256721 -0.369848 -0.89292 -0.70409 -0.271744 -0.656058 -0.704042 -0.271765 -0.656101 -0.965351 -0.0998625 -0.241089 -0.965362 -0.099847 -0.241055 0 0.382689 0.923877 0 0.382689 0.923877 -0.704053 -0.271754 -0.656094 -0.704019 -0.271772 -0.656122 0 -0.382672 -0.923884 0 -0.382672 -0.923884 0.703996 -0.0927003 -0.704128 0.704063 -0.092683 -0.704063 0.256613 0.12617 0.958244 0.256797 0.126145 0.958198 0.958257 -0.0373151 -0.283463 0.958242 -0.0373263 -0.283513 0.958234 0.0373318 0.283538 0.958241 0.0373264 0.283514 0.704124 0.0926863 0.704002 0.704062 0.0927027 0.704062 -0.256878 0.126145 0.958176 -0.256913 0.126141 0.958167 -0.256882 -0.126141 -0.958176 -0.256909 -0.126138 -0.958168 0.25685 -0.126142 -0.958184 0.256794 -0.126149 -0.958198 0 0.130538 0.991443 0 0.130538 0.991443 5.70543e-09 -0.130525 -0.991445 0 -0.130525 -0.991445 5.7057e-09 -0.130531 -0.991444 4.25706e-09 -0.130531 -0.991444 -1.26648e-08 0.130548 0.991442 -9.07274e-09 0.130548 0.991442 0.704065 -0.0926983 -0.704059 0.704063 -0.0926952 -0.704062 2.24375e-06 -0.130505 -0.991448 -2.24375e-06 -0.130505 -0.991448 -2.27083e-05 -0.130488 -0.99145 3.09859e-05 -0.1306 -0.991435 5.7048e-09 -0.130511 -0.991447 6.10148e-09 -0.131429 -0.991326 5.44535e-06 -0.130532 -0.991444 0.00041215 -0.130164 -0.991492 -0.000203128 -0.130712 -0.99142 0 -0.130544 -0.991443 -0.000105913 -0.130533 -0.991444 -0.258797 0.965932 0 -0.258797 0.965932 0 0 0 -1 0 0 -1 0 0 -1 0 0 -1 0 0 -1 0 0 -1 0 0 -1 0 0 -1 0 0 -1 0 0 -1 0 0 -1 0 0 -1 0 0 -1 0 0 -1 0 0 -1 0 0 -1 0 0 -1 0 0 -1 0 0 -1 0 0 -1 0 0 -1 0 0 -1 0 0 -1 0 0 -1 -0.258824 0.965925 0 -0.258824 0.965925 0 -0.132778 0.495578 -0.858354 -0.707107 0.707107 0 -0.707107 0.707107 0 -0.707107 0.707107 0 -0.707107 0.707107 0 -0.362786 0.362786 -0.858355 -0.965932 0.258798 0 -0.965932 0.258798 0 -0.965925 0.258824 0 -0.965925 0.258824 0 -0.495578 0.132778 -0.858354 0.965932 0.258797 0 0.965932 0.258797 0 0.965925 0.258823 -8.92759e-06 0.965925 0.258824 0 0.965925 0.258824 0 0.495578 0.132778 -0.858354 0.707106 0.707107 0 0.707106 0.707107 0 -0.704063 -0.0926892 -0.704063 -0.704057 -0.0926906 -0.704069 -0.704017 -0.0927023 -0.704106 0.707107 0.707107 0 0.707107 0.707107 0 0.362785 0.362786 -0.858355 0.258797 0.965932 0 0.258797 0.965932 0 0.258824 0.965925 0 0.258824 0.965925 0 0.132778 0.495578 -0.858354 -1.07628e-08 0.258865 0.965914 -1.12053e-08 0.258865 0.965914 0.704062 -0.0926962 -0.704063 0.704017 -0.0926951 -0.704108 -2.93993e-08 0.707107 0.707106 -3.36186e-08 0.707107 0.707106 -4.81916e-08 0.965914 0.258865 -4.76224e-08 0.965914 0.258865 -4.81916e-08 0.965914 -0.258865 -4.76224e-08 0.965914 -0.258865 -3.52791e-08 0.707106 -0.707108 -2.80155e-08 0.707106 -0.707108 -1.13153e-08 0.258865 -0.965914 -8.40395e-09 0.258865 -0.965914 0 -0.96593 -0.258805 0 -0.96593 -0.258805 0 -0.707107 -0.707107 0 -0.707107 -0.707107 1.13127e-08 -0.258804 -0.96593 0 -0.258804 -0.96593 0.694742 -0.694742 -0.186191 0.694762 -0.694735 -0.186143 0.694759 -0.508581 -0.508581 0.694759 -0.508581 -0.508582 0.694762 -0.186142 -0.694735 0.694742 -0.186192 -0.694742 0 -0.258805 0.96593 0 -0.258805 0.96593 0 -0.707107 0.707107 0 -0.707107 0.707107 0 -0.96593 0.258805 0 -0.96593 0.258805 0.694742 -0.186191 0.694742 0.694762 -0.186143 0.694735 0.694759 -0.508581 0.508581 0.694759 -0.508582 0.508581 0.694768 -0.694718 0.186185 0.694748 -0.694748 0.186146 5.70574e-09 -0.130532 -0.991444 3.68674e-08 -0.130532 -0.991444 -0.25694 -0.126145 -0.958159 -0.256803 -0.126154 -0.958195 -0.704035 -0.0926971 -0.70409 -0.704063 -0.0926921 -0.704063 -0.965359 -0.0340575 -0.258694 -0.965352 -0.0340617 -0.258719 0 0.130527 0.991445 0 0.130527 0.991445 -0.704018 -0.0927015 -0.704106 -0.704063 -0.0926881 -0.704063 5.70581e-09 -0.130534 -0.991444 0 -0.130534 -0.991444</float_array>
                    <technique_common>
                        <accessor count="5378" source="#shape0-lib-normals-array" stride="3">
                            <param name="X" type="float"/>
                            <param name="Y" type="float"/>
                            <param name="Z" type="float"/>
                        </accessor>
                    </technique_common>
                </source>
                <vertices id="shape0-lib-vertices">
                    <input semantic="POSITION" source="#shape0-lib-positions"/>
                </vertices>
                <triangles count="5378">
                    <input offset="0" semantic="VERTEX" source="#shape0-lib-vertices"/>
                    <input offset="1" semantic="NORMAL" source="#shape0-lib-normals"/>
                    <p>0 0 1 0 2 0 0 1 2 1 3 1 4 2 5 2 6 2 4 3 6 3 7 3 8 4 9 4 10 4 8 5 10 5 11 5 12 6 13 6 14 6 14 7 15 7 16 7 16 8 17 8 18 8 18 9 19 9 20 9 20 10 21 10 22 10 22 11 23 11 24 11 24 12 25 12 26 12 26 13 27 13 28 13 28 14 29 14 30 14 30 15 31 15 32 15 32 16 33 16 34 16 35 17 36 17 37 17 35 18 37 18 38 18 30 19 32 19 34 19 26 20 28 20 30 20 22 21 24 21 26 21 18 22 20 22 22 22 14 23 16 23 18 23 39 24 12 24 14 24 40 25 39 25 14 25 14 26 18 26 22 26 22 27 26 27 30 27 35 28 38 28 41 28 35 29 41 29 42 29 40 30 14 30 22 30 43 31 40 31 22 31 35 32 42 32 44 32 35 33 44 33 45 33 46 34 43 34 22 34 47 35 46 35 22 35 35 36 45 36 48 36 35 37 48 37 49 37 50 38 47 38 22 38 51 39 50 39 22 39 34 40 35 40 49 40 34 41 49 41 52 41 53 42 51 42 22 42 54 43 53 43 22 43 34 44 52 44 55 44 34 45 55 45 56 45 54 46 22 46 30 46 57 47 54 47 30 47 34 48 56 48 58 48 34 49 58 49 59 49 60 50 57 50 30 50 61 51 60 51 30 51 34 52 59 52 62 52 34 53 62 53 63 53 64 54 61 54 30 54 65 55 64 55 30 55 30 56 34 56 63 56 66 57 65 57 30 57 30 58 63 58 66 58 14 59 13 59 67 59 67 60 37 60 36 60 14 61 67 61 36 61 68 62 34 62 33 62 68 63 33 63 69 63 70 64 71 64 72 64 72 65 73 65 74 65 74 66 75 66 76 66 76 67 77 67 78 67 78 68 79 68 80 68 80 69 81 69 82 69 82 70 83 70 84 70 84 71 85 71 86 71 86 72 87 72 88 72 86 73 88 73 89 73 82 74 84 74 86 74 78 75 80 75 82 75 74 76 76 76 78 76 70 77 72 77 74 77 90 78 70 78 74 78 74 79 78 79 82 79 82 80 86 80 89 80 82 81 89 81 91 81 92 82 90 82 74 82 93 83 92 83 74 83 82 84 91 84 94 84 82 85 94 85 95 85 93 86 74 86 82 86 96 87 93 87 82 87 82 88 95 88 97 88 98 89 96 89 82 89 82 90 97 90 98 90 99 91 88 91 87 91 87 92 100 92 101 92 101 93 102 93 103 93 68 94 69 94 71 94 71 95 70 95 104 95 71 96 104 96 105 96 87 97 101 97 103 97 106 98 99 98 87 98 107 99 106 99 87 99 68 100 71 100 105 100 68 101 105 101 108 101 107 102 87 102 103 102 109 103 107 103 103 103 68 104 108 104 110 104 68 105 110 105 111 105 112 106 109 106 103 106 113 107 112 107 103 107 103 108 68 108 111 108 114 109 113 109 103 109 103 110 111 110 114 110 36 111 35 111 103 111 36 112 103 112 102 112 71 113 32 113 31 113 71 114 31 114 72 114 15 115 14 115 101 115 15 116 101 116 100 116 100 117 87 117 16 117 100 118 16 118 15 118 17 119 16 119 87 119 17 120 87 120 86 120 18 121 17 121 86 121 18 122 86 122 85 122 19 123 18 123 85 123 19 124 85 124 84 124 20 125 19 125 84 125 20 126 84 126 83 126 21 127 20 127 83 127 21 128 83 128 82 128 22 129 21 129 82 129 22 130 82 130 81 130 23 131 22 131 81 131 23 132 81 132 80 132 24 133 23 133 80 133 24 134 80 134 79 134 25 135 24 135 79 135 25 136 79 136 78 136 26 137 25 137 78 137 26 138 78 138 77 138 27 139 26 139 77 139 27 140 77 140 76 140 76 141 75 141 28 141 76 142 28 142 27 142 28 143 75 143 74 143 28 144 74 144 29 144 29 145 74 145 73 145 29 146 73 146 30 146 30 147 73 147 72 147 30 148 72 148 31 148 65 149 66 149 115 149 65 150 115 150 116 150 66 151 63 151 117 151 66 152 117 152 115 152 63 153 62 153 118 153 63 154 118 154 117 154 62 155 59 155 119 155 62 156 119 156 118 156 58 157 120 157 119 157 58 158 119 158 59 158 56 159 121 159 120 159 56 160 120 160 58 160 56 161 55 161 122 161 56 162 122 162 121 162 55 163 52 163 123 163 55 164 123 164 122 164 52 165 49 165 124 165 52 166 124 166 123 166 49 167 48 167 125 167 49 168 125 168 124 168 48 169 45 169 126 169 48 170 126 170 125 170 45 171 44 171 127 171 45 172 127 172 126 172 44 173 42 173 128 173 44 174 128 174 127 174 42 175 41 175 129 175 42 176 129 176 128 176 41 177 38 177 130 177 41 178 130 178 129 178 37 179 67 179 131 179 131 180 130 180 38 180 37 181 131 181 38 181 67 182 13 182 132 182 67 183 132 183 131 183 13 184 12 184 133 184 13 185 133 185 132 185 12 186 39 186 134 186 12 187 134 187 133 187 135 188 134 188 39 188 135 189 39 189 40 189 40 190 43 190 136 190 40 191 136 191 135 191 43 192 46 192 137 192 43 193 137 193 136 193 46 194 47 194 138 194 46 195 138 195 137 195 47 196 50 196 139 196 47 197 139 197 138 197 50 198 51 198 140 198 50 199 140 199 139 199 51 200 53 200 141 200 51 201 141 201 140 201 53 202 54 202 142 202 53 203 142 203 141 203 54 204 57 204 143 204 54 205 143 205 142 205 57 206 60 206 144 206 57 207 144 207 143 207 60 208 61 208 145 208 60 209 145 209 144 209 146 210 147 210 116 210 116 211 115 211 117 211 117 212 118 212 119 212 119 213 120 213 121 213 121 214 122 214 148 214 148 215 149 215 150 215 121 216 148 216 150 216 117 217 119 217 121 217 146 218 116 218 117 218 151 219 152 219 146 219 153 220 154 220 151 220 151 221 146 221 117 221 117 222 121 222 150 222 117 223 150 223 155 223 153 224 151 224 117 224 156 225 153 225 117 225 117 226 155 226 157 226 117 227 157 227 156 227 158 228 148 228 122 228 122 229 159 229 160 229 122 230 160 230 161 230 162 231 158 231 122 231 163 232 162 232 122 232 122 233 161 233 164 233 122 234 164 234 165 234 166 235 163 235 122 235 167 236 166 236 122 236 122 237 165 237 168 237 169 238 170 238 171 238 122 239 168 239 169 239 172 240 167 240 122 240 172 241 122 241 169 241 172 242 169 242 171 242 173 243 172 243 171 243 174 244 173 244 171 244 175 245 174 245 171 245 176 246 175 246 171 246 177 247 178 247 176 247 147 248 146 248 179 248 147 249 179 249 177 249 180 250 181 250 147 250 182 251 180 251 147 251 147 252 177 252 176 252 147 253 176 253 171 253 183 254 182 254 147 254 184 255 185 255 186 255 186 256 183 256 147 256 147 257 171 257 187 257 188 258 189 258 190 258 147 259 187 259 188 259 184 260 186 260 147 260 184 261 147 261 188 261 188 262 190 262 130 262 130 263 191 263 192 263 192 264 193 264 194 264 130 265 192 265 194 265 184 266 188 266 130 266 195 267 184 267 130 267 130 268 194 268 196 268 130 269 196 269 197 269 198 270 195 270 130 270 199 271 198 271 130 271 130 272 197 272 200 272 130 273 200 273 201 273 202 274 199 274 130 274 138 275 203 275 204 275 204 276 202 276 130 276 204 277 130 277 201 277 205 278 138 278 204 278 206 279 205 279 204 279 204 280 201 280 207 280 204 281 207 281 208 281 209 282 206 282 204 282 204 283 208 283 210 283 210 284 209 284 204 284 211 285 159 285 122 285 122 286 123 286 124 286 124 287 125 287 126 287 126 288 127 288 128 288 128 289 129 289 130 289 130 290 190 290 212 290 213 291 214 291 215 291 130 292 212 292 213 292 126 293 128 293 130 293 122 294 124 294 126 294 216 295 211 295 122 295 217 296 216 296 122 296 122 297 126 297 130 297 130 298 213 298 215 298 130 299 215 299 218 299 219 300 217 300 122 300 220 301 221 301 219 301 130 302 218 302 220 302 220 303 219 303 122 303 122 304 130 304 220 304 222 305 191 305 130 305 130 306 131 306 132 306 132 307 133 307 134 307 134 308 135 308 136 308 136 309 137 309 138 309 138 310 205 310 223 310 138 311 223 311 224 311 134 312 136 312 138 312 130 313 132 313 134 313 225 314 222 314 130 314 226 315 225 315 130 315 130 316 134 316 138 316 138 317 224 317 227 317 228 318 229 318 230 318 138 319 227 319 228 319 231 320 226 320 130 320 138 321 228 321 230 321 230 322 231 322 130 322 130 323 138 323 230 323 203 324 138 324 139 324 139 325 140 325 141 325 141 326 142 326 143 326 143 327 144 327 145 327 145 328 147 328 181 328 181 329 232 329 233 329 233 330 234 330 235 330 235 331 236 331 237 331 237 332 238 332 239 332 145 333 181 333 233 333 141 334 143 334 145 334 203 335 139 335 141 335 240 336 241 336 203 336 240 337 203 337 141 337 141 338 145 338 233 338 141 339 233 339 235 339 242 340 240 340 141 340 239 341 242 341 141 341 141 342 235 342 237 342 141 343 237 343 239 343 61 344 64 344 147 344 61 345 147 345 145 345 64 346 65 346 116 346 64 347 116 347 147 347 243 348 244 348 245 348 243 349 245 349 246 349 246 350 245 350 247 350 246 351 247 351 248 351 248 352 247 352 249 352 248 353 249 353 250 353 250 354 249 354 244 354 250 355 244 355 243 355 246 356 248 356 250 356 246 357 250 357 243 357 247 358 245 358 244 358 247 359 244 359 249 359 251 360 252 360 253 360 253 361 254 361 255 361 255 362 256 362 257 362 257 363 258 363 259 363 259 364 260 364 261 364 261 365 262 365 263 365 263 366 264 366 265 366 265 367 266 367 267 367 267 368 268 368 269 368 269 369 270 369 271 369 271 370 272 370 273 370 273 371 274 371 275 371 275 372 276 372 277 372 277 373 278 373 279 373 279 374 280 374 281 374 281 375 282 375 251 375 251 376 253 376 255 376 255 377 257 377 259 377 259 378 261 378 263 378 263 379 265 379 267 379 267 380 269 380 271 380 271 381 273 381 275 381 275 382 277 382 279 382 279 383 281 383 251 383 251 384 255 384 259 384 259 385 263 385 267 385 267 386 271 386 275 386 275 387 279 387 251 387 251 388 259 388 267 388 267 389 275 389 251 389 283 390 284 390 285 390 285 391 284 391 286 391 285 392 286 392 287 392 287 393 286 393 288 393 287 394 288 394 289 394 289 395 288 395 290 395 289 396 290 396 291 396 292 397 293 397 294 397 294 398 293 398 295 398 294 399 295 399 288 399 288 400 295 400 296 400 288 401 296 401 290 401 297 402 298 402 299 402 297 403 299 403 300 403 297 404 300 404 292 404 297 405 292 405 294 405 301 406 302 406 303 406 303 407 302 407 304 407 303 408 304 408 298 408 298 409 304 409 299 409 305 410 306 410 307 410 305 411 307 411 308 411 305 412 308 412 301 412 305 413 301 413 303 413 309 414 310 414 311 414 311 415 310 415 312 415 311 416 312 416 313 416 313 417 312 417 314 417 313 418 314 418 306 418 306 419 314 419 315 419 306 420 315 420 307 420 316 421 317 421 318 421 316 422 318 422 289 422 316 423 289 423 291 423 319 424 320 424 321 424 321 425 320 425 322 425 321 426 322 426 323 426 323 427 322 427 318 427 323 428 318 428 317 428 324 429 325 429 326 429 324 430 326 430 320 430 324 431 320 431 319 431 327 432 328 432 329 432 327 433 329 433 326 433 327 434 326 434 325 434 330 435 315 435 314 435 330 436 314 436 329 436 330 437 329 437 328 437 331 438 332 438 333 438 331 439 333 439 334 439 335 440 336 440 337 440 335 441 337 441 338 441 339 442 340 442 332 442 339 443 332 443 331 443 341 444 342 444 343 444 341 445 343 445 344 445 336 446 344 446 343 446 336 447 343 447 337 447 345 448 335 448 338 448 345 449 338 449 346 449 347 450 348 450 349 450 347 451 349 451 350 451 334 452 333 452 347 452 334 453 347 453 350 453 351 454 352 454 353 454 351 455 353 455 354 455 351 456 354 456 355 456 351 457 355 457 356 457 357 458 358 458 359 458 359 459 358 459 360 459 359 460 360 460 361 460 361 461 360 461 362 461 361 462 362 462 363 462 363 463 362 463 364 463 363 464 364 464 365 464 365 465 364 465 366 465 365 466 366 466 352 466 352 467 366 467 353 467 367 468 368 468 369 468 369 469 368 469 370 469 369 470 370 470 371 470 371 471 370 471 372 471 371 472 372 472 373 472 373 473 372 473 374 473 373 474 374 474 375 474 375 475 374 475 376 475 375 476 376 476 377 476 377 477 376 477 349 477 377 478 349 478 378 478 378 479 349 479 348 479 378 480 348 480 379 480 379 481 348 481 380 481 379 482 380 482 381 482 381 483 380 483 382 483 381 484 382 484 383 484 383 485 382 485 384 485 383 486 384 486 385 486 385 487 384 487 386 487 385 488 386 488 387 488 387 489 386 489 357 489 387 490 357 490 359 490 367 491 388 491 389 491 389 492 388 492 390 492 389 493 390 493 391 493 391 494 390 494 392 494 391 495 392 495 393 495 393 496 392 496 394 496 393 497 394 497 395 497 395 498 394 498 355 498 395 499 355 499 354 499 378 500 379 500 396 500 367 501 369 501 388 501 397 502 398 502 399 502 399 503 398 503 400 503 399 504 400 504 401 504 401 505 400 505 402 505 401 506 402 506 403 506 403 507 402 507 404 507 403 508 404 508 405 508 405 509 404 509 406 509 405 510 406 510 407 510 407 511 406 511 408 511 407 512 408 512 409 512 409 513 408 513 410 513 409 514 410 514 411 514 411 515 410 515 412 515 345 516 413 516 414 516 414 517 413 517 415 517 414 518 415 518 416 518 416 519 415 519 417 519 416 520 417 520 418 520 418 521 417 521 419 521 418 522 419 522 420 522 420 523 419 523 421 523 420 524 421 524 422 524 422 525 421 525 412 525 422 526 412 526 410 526 423 527 424 527 425 527 425 528 424 528 426 528 425 529 426 529 427 529 427 530 426 530 428 530 427 531 428 531 429 531 429 532 428 532 430 532 429 533 430 533 431 533 431 534 430 534 397 534 431 535 397 535 399 535 413 536 346 536 432 536 432 537 346 537 433 537 432 538 433 538 434 538 434 539 433 539 435 539 434 540 435 540 436 540 436 541 435 541 437 541 436 542 437 542 438 542 438 543 437 543 439 543 438 544 439 544 440 544 440 545 439 545 441 545 440 546 441 546 442 546 442 547 441 547 424 547 442 548 424 548 423 548 346 549 413 549 345 549 443 550 444 550 445 550 443 551 445 551 446 551 443 552 446 552 447 552 443 553 447 553 448 553 449 554 450 554 451 554 451 555 450 555 452 555 451 556 452 556 453 556 453 557 452 557 454 557 453 558 454 558 455 558 455 559 454 559 456 559 455 560 456 560 457 560 457 561 456 561 458 561 457 562 458 562 444 562 444 563 458 563 445 563 459 564 460 564 461 564 461 565 460 565 462 565 461 566 462 566 463 566 463 567 462 567 464 567 463 568 464 568 465 568 465 569 464 569 466 569 465 570 466 570 467 570 467 571 466 571 468 571 467 572 468 572 469 572 469 573 468 573 470 573 469 574 470 574 471 574 471 575 470 575 472 575 471 576 472 576 473 576 473 577 472 577 474 577 473 578 474 578 342 578 342 579 474 579 475 579 342 580 475 580 476 580 476 581 475 581 477 581 476 582 477 582 478 582 478 583 477 583 479 583 478 584 479 584 480 584 480 585 479 585 481 585 480 586 481 586 482 586 482 587 481 587 449 587 482 588 449 588 451 588 459 589 483 589 484 589 484 590 483 590 485 590 484 591 485 591 486 591 486 592 485 592 487 592 486 593 487 593 488 593 488 594 487 594 447 594 488 595 447 595 446 595 473 596 342 596 341 596 459 597 461 597 483 597 489 598 490 598 491 598 489 599 491 599 492 599 489 600 492 600 493 600 489 601 493 601 494 601 495 602 496 602 497 602 497 603 496 603 498 603 497 604 498 604 499 604 499 605 498 605 500 605 499 606 500 606 501 606 501 607 500 607 502 607 501 608 502 608 503 608 503 609 502 609 504 609 503 610 504 610 490 610 490 611 504 611 491 611 340 612 339 612 505 612 505 613 339 613 506 613 505 614 506 614 507 614 507 615 506 615 508 615 507 616 508 616 509 616 509 617 508 617 510 617 509 618 510 618 511 618 511 619 510 619 495 619 511 620 495 620 497 620 512 621 513 621 514 621 512 622 514 622 515 622 512 623 515 623 340 623 512 624 340 624 505 624 516 625 517 625 518 625 518 626 517 626 519 626 518 627 519 627 520 627 520 628 519 628 521 628 520 629 521 629 522 629 522 630 521 630 523 630 522 631 523 631 524 631 524 632 523 632 493 632 524 633 493 633 492 633 525 634 515 634 526 634 526 635 515 635 527 635 526 636 527 636 528 636 528 637 527 637 529 637 528 638 529 638 530 638 530 639 529 639 531 639 530 640 531 640 532 640 532 641 531 641 533 641 532 642 533 642 534 642 534 643 533 643 517 643 534 644 517 644 516 644 340 645 515 645 525 645 535 646 536 646 537 646 535 647 537 647 538 647 432 648 475 648 474 648 432 649 474 649 413 649 539 650 540 650 541 650 539 651 541 651 542 651 539 652 542 652 543 652 539 653 543 653 544 653 539 654 544 654 545 654 539 655 545 655 546 655 539 656 546 656 547 656 539 657 547 657 548 657 539 658 548 658 549 658 539 659 549 659 550 659 539 660 550 660 551 660 539 661 551 661 552 661 539 662 552 662 553 662 539 663 553 663 554 663 539 664 554 664 555 664 539 665 555 665 556 665 539 666 556 666 557 666 539 667 557 667 558 667 539 668 558 668 559 668 539 669 559 669 560 669 539 670 560 670 537 670 539 671 537 671 536 671 561 672 535 672 538 672 561 673 538 673 562 673 561 674 562 674 563 674 561 675 563 675 564 675 561 676 564 676 565 676 561 677 565 677 566 677 561 678 566 678 567 678 561 679 567 679 568 679 561 680 568 680 569 680 561 681 569 681 570 681 561 682 570 682 571 682 561 683 571 683 572 683 561 684 572 684 573 684 561 685 573 685 574 685 561 686 574 686 575 686 561 687 575 687 576 687 561 688 576 688 577 688 561 689 577 689 578 689 561 690 578 690 579 690 561 691 579 691 580 691 561 692 580 692 581 692 561 693 581 693 582 693 583 694 584 694 585 694 585 695 584 695 586 695 585 696 586 696 587 696 587 697 586 697 588 697 587 698 588 698 589 698 590 699 591 699 592 699 590 700 592 700 583 700 590 701 583 701 585 701 590 702 585 702 593 702 594 703 315 703 330 703 594 704 330 704 595 704 310 705 309 705 585 705 310 706 585 706 587 706 596 707 594 707 595 707 596 708 595 708 597 708 596 709 597 709 598 709 596 710 598 710 599 710 596 711 599 711 600 711 596 712 600 712 601 712 596 713 601 713 602 713 596 714 602 714 603 714 596 715 603 715 604 715 596 716 604 716 605 716 596 717 605 717 606 717 596 718 606 718 607 718 596 719 607 719 608 719 596 720 608 720 609 720 596 721 609 721 610 721 596 722 610 722 611 722 596 723 611 723 612 723 596 724 612 724 613 724 596 725 613 725 614 725 596 726 614 726 615 726 596 727 615 727 616 727 596 728 616 728 617 728 618 729 619 729 620 729 618 730 620 730 621 730 618 731 621 731 622 731 618 732 622 732 623 732 618 733 623 733 624 733 625 734 626 734 623 734 625 735 623 735 622 735 625 736 622 736 627 736 625 737 627 737 628 737 625 738 628 738 629 738 620 739 619 739 630 739 631 740 632 740 633 740 631 741 633 741 634 741 631 742 634 742 635 742 631 743 635 743 636 743 631 744 636 744 637 744 631 745 637 745 638 745 631 746 638 746 639 746 631 747 639 747 640 747 631 748 640 748 641 748 631 749 641 749 642 749 643 750 644 750 645 750 643 751 645 751 646 751 647 752 627 752 622 752 647 753 622 753 648 753 646 754 645 754 649 754 650 755 643 755 646 755 650 756 646 756 651 756 625 757 629 757 652 757 625 758 652 758 653 758 625 759 653 759 654 759 647 760 655 760 628 760 647 761 628 761 627 761 646 762 649 762 651 762 656 763 650 763 651 763 656 764 651 764 657 764 652 765 629 765 628 765 652 766 628 766 655 766 652 767 655 767 658 767 651 768 649 768 657 768 659 769 660 769 623 769 659 770 623 770 626 770 659 771 626 771 661 771 662 772 663 772 664 772 662 773 664 773 665 773 666 774 667 774 620 774 666 775 620 775 630 775 665 776 664 776 649 776 668 777 662 777 665 777 668 778 665 778 669 778 621 779 620 779 667 779 621 780 667 780 670 780 665 781 649 781 669 781 644 782 668 782 669 782 644 783 669 783 645 783 622 784 621 784 670 784 622 785 670 785 648 785 645 786 669 786 649 786 660 787 671 787 672 787 660 788 672 788 624 788 660 789 624 789 623 789 634 790 673 790 674 790 634 791 674 791 635 791 675 792 676 792 619 792 675 793 619 793 618 793 633 794 677 794 673 794 633 795 673 795 634 795 632 796 678 796 677 796 632 797 677 797 633 797 635 798 674 798 679 798 635 799 679 799 636 799 678 800 632 800 631 800 678 801 631 801 680 801 681 802 637 802 636 802 681 803 636 803 679 803 682 804 588 804 586 804 682 805 683 805 684 805 682 806 684 806 589 806 682 807 589 807 588 807 685 808 682 808 586 808 685 809 586 809 584 809 683 810 682 810 685 810 683 811 685 811 686 811 685 812 584 812 583 812 685 813 583 813 687 813 687 814 688 814 686 814 687 815 686 815 685 815 689 816 690 816 681 816 681 817 690 817 691 817 681 818 691 818 692 818 692 819 691 819 693 819 692 820 693 820 694 820 694 821 693 821 695 821 694 822 695 822 696 822 696 823 695 823 697 823 698 824 680 824 699 824 699 825 680 825 700 825 699 826 700 826 701 826 701 827 700 827 697 827 701 828 697 828 695 828 679 829 674 829 702 829 679 830 702 830 689 830 679 831 689 831 681 831 680 832 703 832 678 832 678 833 703 833 704 833 678 834 704 834 677 834 677 835 704 835 705 835 677 836 705 836 673 836 673 837 705 837 702 837 673 838 702 838 674 838 703 839 680 839 698 839 706 840 703 840 698 840 706 841 698 841 707 841 704 842 703 842 706 842 704 843 706 843 708 843 687 844 583 844 592 844 688 845 687 845 592 845 688 846 592 846 591 846 688 847 591 847 709 847 710 848 706 848 707 848 710 849 707 849 711 849 712 850 708 850 706 850 712 851 706 851 710 851 713 852 714 852 708 852 713 853 708 853 712 853 705 854 704 854 708 854 705 855 708 855 714 855 715 856 716 856 714 856 715 857 714 857 713 857 717 858 718 858 716 858 717 859 716 859 715 859 719 860 720 860 718 860 719 861 718 861 717 861 705 862 714 862 716 862 705 863 716 863 702 863 689 864 702 864 716 864 689 865 716 865 718 865 718 866 720 866 690 866 718 867 690 867 689 867 721 868 722 868 723 868 721 869 723 869 724 869 725 870 723 870 722 870 725 871 722 871 726 871 727 872 725 872 726 872 727 873 726 873 728 873 729 874 727 874 728 874 729 875 728 875 730 875 513 876 512 876 378 876 513 877 378 877 396 877 731 878 732 878 733 878 733 879 732 879 734 879 733 880 734 880 735 880 735 881 734 881 736 881 735 882 736 882 737 882 737 883 736 883 738 883 737 884 738 884 739 884 739 885 738 885 740 885 739 886 740 886 741 886 741 887 740 887 742 887 741 888 742 888 743 888 743 889 742 889 744 889 745 890 746 890 747 890 747 891 746 891 748 891 747 892 748 892 749 892 749 893 748 893 750 893 749 894 750 894 751 894 751 895 750 895 752 895 751 896 752 896 753 896 753 897 752 897 754 897 753 898 754 898 755 898 755 899 754 899 756 899 755 900 756 900 757 900 757 901 756 901 744 901 757 902 744 902 742 902 758 903 759 903 760 903 760 904 759 904 761 904 760 905 761 905 762 905 762 906 761 906 763 906 762 907 763 907 764 907 764 908 763 908 765 908 764 909 765 909 766 909 766 910 765 910 731 910 766 911 731 911 733 911 746 912 767 912 768 912 768 913 767 913 769 913 768 914 769 914 770 914 770 915 769 915 771 915 770 916 771 916 772 916 772 917 771 917 773 917 772 918 773 918 774 918 774 919 773 919 775 919 774 920 775 920 776 920 776 921 775 921 777 921 776 922 777 922 778 922 778 923 777 923 759 923 778 924 759 924 758 924 767 925 746 925 745 925 724 926 746 926 768 926 724 927 768 927 721 927 779 928 767 928 745 928 779 929 745 929 780 929 781 930 331 930 334 930 781 931 334 931 782 931 337 932 783 932 784 932 337 933 784 933 338 933 506 934 339 934 331 934 506 935 331 935 781 935 785 936 343 936 342 936 785 937 342 937 476 937 783 938 337 938 343 938 783 939 343 939 785 939 346 940 338 940 784 940 346 941 784 941 433 941 376 942 786 942 350 942 376 943 350 943 349 943 786 944 782 944 334 944 786 945 334 945 350 945 538 946 537 946 560 946 538 947 560 947 562 947 434 948 477 948 475 948 434 949 475 949 432 949 587 950 589 950 684 950 587 951 684 951 787 951 587 952 787 952 788 952 789 953 790 953 709 953 789 954 709 954 591 954 789 955 591 955 590 955 595 956 330 956 328 956 595 957 328 957 597 957 312 958 310 958 587 958 312 959 587 959 788 959 618 960 624 960 672 960 618 961 672 961 791 961 618 962 791 962 792 962 618 963 792 963 793 963 618 964 793 964 794 964 625 965 795 965 796 965 625 966 796 966 661 966 625 967 661 967 626 967 797 968 798 968 799 968 800 969 801 969 802 969 800 970 802 970 803 970 800 971 803 971 804 971 800 972 804 972 805 972 800 973 805 973 806 973 800 974 806 974 807 974 800 975 807 975 808 975 800 976 808 976 809 976 800 977 809 977 810 977 800 978 810 978 811 978 812 979 813 979 814 979 812 980 814 980 815 980 816 981 817 981 818 981 818 982 817 982 819 982 818 983 819 983 820 983 820 984 819 984 821 984 820 985 821 985 822 985 823 986 813 986 824 986 824 987 813 987 812 987 824 988 812 988 819 988 819 989 812 989 825 989 819 990 825 990 821 990 826 991 827 991 828 991 828 992 827 992 829 992 828 993 829 993 830 993 830 994 829 994 831 994 830 995 831 995 832 995 832 996 831 996 833 996 832 997 833 997 824 997 824 998 833 998 823 998 820 999 822 999 834 999 820 1000 834 1000 826 1000 820 1001 826 1001 828 1001 671 1002 660 1002 659 1002 671 1003 659 1003 830 1003 671 1004 830 1004 832 1004 824 1005 819 1005 835 1005 824 1006 835 1006 793 1006 824 1007 793 1007 792 1007 814 1008 836 1008 815 1008 837 1009 825 1009 812 1009 837 1010 812 1010 815 1010 837 1011 815 1011 836 1011 836 1012 838 1012 837 1012 836 1013 839 1013 838 1013 822 1014 839 1014 840 1014 822 1015 840 1015 834 1015 840 1016 839 1016 836 1016 841 1017 826 1017 834 1017 841 1018 834 1018 840 1018 820 1019 828 1019 842 1019 820 1020 842 1020 799 1020 820 1021 799 1021 798 1021 820 1022 798 1022 843 1022 797 1023 799 1023 844 1023 844 1024 799 1024 842 1024 844 1025 842 1025 654 1025 654 1026 842 1026 795 1026 654 1027 795 1027 625 1027 840 1028 836 1028 841 1028 845 1029 827 1029 826 1029 845 1030 826 1030 841 1030 828 1031 830 1031 796 1031 828 1032 796 1032 795 1032 828 1033 795 1033 842 1033 836 1034 845 1034 841 1034 846 1035 829 1035 827 1035 846 1036 827 1036 845 1036 659 1037 661 1037 796 1037 659 1038 796 1038 830 1038 845 1039 836 1039 846 1039 846 1040 847 1040 831 1040 846 1041 831 1041 829 1041 846 1042 836 1042 847 1042 848 1043 833 1043 831 1043 848 1044 831 1044 847 1044 836 1045 848 1045 847 1045 823 1046 833 1046 848 1046 823 1047 848 1047 849 1047 671 1048 832 1048 791 1048 671 1049 791 1049 672 1049 836 1050 849 1050 848 1050 813 1051 823 1051 849 1051 813 1052 849 1052 814 1052 792 1053 791 1053 832 1053 792 1054 832 1054 824 1054 814 1055 849 1055 836 1055 810 1056 850 1056 851 1056 810 1057 851 1057 811 1057 852 1058 800 1058 811 1058 852 1059 811 1059 851 1059 853 1060 675 1060 618 1060 853 1061 618 1061 794 1061 787 1062 684 1062 683 1062 787 1063 683 1063 854 1063 854 1064 683 1064 686 1064 854 1065 686 1065 855 1065 686 1066 688 1066 856 1066 686 1067 856 1067 855 1067 857 1068 858 1068 850 1068 850 1069 858 1069 859 1069 850 1070 859 1070 851 1070 851 1071 859 1071 860 1071 851 1072 860 1072 852 1072 852 1073 860 1073 861 1073 852 1074 861 1074 862 1074 862 1075 861 1075 863 1075 864 1076 865 1076 866 1076 866 1077 865 1077 867 1077 866 1078 867 1078 868 1078 868 1079 867 1079 863 1079 868 1080 863 1080 861 1080 869 1081 870 1081 871 1081 869 1082 871 1082 857 1082 869 1083 857 1083 850 1083 865 1084 872 1084 873 1084 873 1085 872 1085 874 1085 873 1086 874 1086 875 1086 875 1087 874 1087 876 1087 875 1088 876 1088 877 1088 877 1089 876 1089 871 1089 877 1090 871 1090 870 1090 872 1091 865 1091 864 1091 878 1092 879 1092 880 1092 878 1093 880 1093 881 1093 882 1094 883 1094 879 1094 882 1095 879 1095 878 1095 882 1096 884 1096 885 1096 882 1097 885 1097 883 1097 872 1098 864 1098 880 1098 872 1099 880 1099 879 1099 874 1100 872 1100 879 1100 874 1101 879 1101 883 1101 876 1102 874 1102 883 1102 876 1103 883 1103 885 1103 806 1104 875 1104 877 1104 806 1105 877 1105 807 1105 875 1106 806 1106 805 1106 875 1107 805 1107 873 1107 873 1108 805 1108 804 1108 873 1109 804 1109 865 1109 876 1110 885 1110 886 1110 876 1111 886 1111 871 1111 857 1112 871 1112 886 1112 857 1113 886 1113 887 1113 850 1114 810 1114 809 1114 850 1115 809 1115 869 1115 808 1116 870 1116 869 1116 808 1117 869 1117 809 1117 807 1118 877 1118 870 1118 807 1119 870 1119 808 1119 888 1120 881 1120 880 1120 888 1121 880 1121 889 1121 868 1122 861 1122 890 1122 868 1123 890 1123 891 1123 868 1124 891 1124 889 1124 868 1125 889 1125 866 1125 864 1126 866 1126 889 1126 864 1127 889 1127 880 1127 803 1128 867 1128 865 1128 803 1129 865 1129 804 1129 852 1130 862 1130 801 1130 852 1131 801 1131 800 1131 867 1132 803 1132 802 1132 867 1133 802 1133 863 1133 863 1134 802 1134 801 1134 863 1135 801 1135 862 1135 688 1136 709 1136 790 1136 688 1137 790 1137 856 1137 892 1138 887 1138 893 1138 892 1139 893 1139 894 1139 857 1140 887 1140 892 1140 857 1141 892 1141 858 1141 895 1142 896 1142 892 1142 895 1143 892 1143 894 1143 897 1144 898 1144 896 1144 897 1145 896 1145 895 1145 899 1146 890 1146 898 1146 899 1147 898 1147 897 1147 892 1148 896 1148 859 1148 892 1149 859 1149 858 1149 860 1150 859 1150 896 1150 860 1151 896 1151 898 1151 898 1152 890 1152 861 1152 898 1153 861 1153 860 1153 900 1154 891 1154 890 1154 900 1155 890 1155 899 1155 888 1156 889 1156 891 1156 888 1157 891 1157 900 1157 722 1158 721 1158 901 1158 722 1159 901 1159 902 1159 902 1160 903 1160 726 1160 902 1161 726 1161 722 1161 728 1162 726 1162 903 1162 728 1163 903 1163 904 1163 730 1164 728 1164 904 1164 730 1165 904 1165 905 1165 378 1166 512 1166 505 1166 378 1167 505 1167 377 1167 721 1168 768 1168 770 1168 721 1169 770 1169 901 1169 906 1170 769 1170 767 1170 906 1171 767 1171 779 1171 907 1172 781 1172 782 1172 907 1173 782 1173 908 1173 784 1174 783 1174 909 1174 784 1175 909 1175 910 1175 508 1176 506 1176 781 1176 508 1177 781 1177 907 1177 476 1178 478 1178 911 1178 476 1179 911 1179 785 1179 909 1180 783 1180 785 1180 909 1181 785 1181 911 1181 784 1182 910 1182 435 1182 784 1183 435 1183 433 1183 374 1184 912 1184 786 1184 374 1185 786 1185 376 1185 908 1186 782 1186 786 1186 908 1187 786 1187 912 1187 913 1188 914 1188 915 1188 913 1189 915 1189 916 1189 916 1190 915 1190 917 1190 916 1191 917 1191 918 1191 919 1192 920 1192 918 1192 919 1193 918 1193 917 1193 920 1194 919 1194 921 1194 920 1195 921 1195 922 1195 922 1196 921 1196 923 1196 922 1197 923 1197 924 1197 925 1198 926 1198 927 1198 925 1199 927 1199 928 1199 914 1200 913 1200 928 1200 914 1201 928 1201 927 1201 929 1202 930 1202 931 1202 929 1203 931 1203 932 1203 929 1204 932 1204 933 1204 929 1205 933 1205 934 1205 929 1206 934 1206 935 1206 929 1207 935 1207 936 1207 929 1208 936 1208 937 1208 929 1209 937 1209 938 1209 929 1210 938 1210 939 1210 929 1211 939 1211 940 1211 913 1212 916 1212 932 1212 913 1213 932 1213 931 1213 916 1214 918 1214 933 1214 916 1215 933 1215 932 1215 933 1216 918 1216 920 1216 933 1217 920 1217 934 1217 934 1218 920 1218 922 1218 934 1219 922 1219 935 1219 936 1220 935 1220 922 1220 936 1221 922 1221 924 1221 930 1222 929 1222 925 1222 930 1223 925 1223 928 1223 928 1224 913 1224 931 1224 928 1225 931 1225 930 1225 562 1226 560 1226 559 1226 562 1227 559 1227 563 1227 436 1228 479 1228 477 1228 436 1229 477 1229 434 1229 941 1230 942 1230 943 1230 941 1231 943 1231 788 1231 941 1232 788 1232 787 1232 944 1233 945 1233 946 1233 944 1234 946 1234 790 1234 944 1235 790 1235 789 1235 597 1236 328 1236 327 1236 597 1237 327 1237 598 1237 314 1238 312 1238 788 1238 314 1239 788 1239 943 1239 947 1240 948 1240 949 1240 947 1241 949 1241 950 1241 947 1242 950 1242 843 1242 947 1243 843 1243 798 1243 947 1244 798 1244 797 1244 948 1245 794 1245 835 1245 948 1246 835 1246 951 1246 948 1247 951 1247 949 1247 835 1248 794 1248 793 1248 952 1249 953 1249 954 1249 952 1250 954 1250 955 1250 816 1251 949 1251 951 1251 816 1252 951 1252 817 1252 949 1253 816 1253 818 1253 949 1254 818 1254 950 1254 844 1255 956 1255 947 1255 844 1256 947 1256 797 1256 957 1257 958 1257 959 1257 957 1258 959 1258 960 1258 961 1259 962 1259 963 1259 961 1260 963 1260 964 1260 965 1261 853 1261 794 1261 965 1262 794 1262 948 1262 966 1263 967 1263 968 1263 966 1264 968 1264 969 1264 970 1265 971 1265 972 1265 970 1266 972 1266 973 1266 974 1267 975 1267 955 1267 974 1268 955 1268 954 1268 959 1269 976 1269 977 1269 959 1270 977 1270 960 1270 963 1271 978 1271 979 1271 963 1272 979 1272 964 1272 980 1273 967 1273 966 1273 980 1274 966 1274 981 1274 982 1275 983 1275 984 1275 984 1276 983 1276 985 1276 984 1277 985 1277 986 1277 986 1278 985 1278 987 1278 986 1279 987 1279 988 1279 988 1280 987 1280 989 1280 988 1281 989 1281 990 1281 990 1282 989 1282 991 1282 961 1283 969 1283 992 1283 992 1284 969 1284 993 1284 992 1285 993 1285 994 1285 994 1286 993 1286 991 1286 994 1287 991 1287 989 1287 995 1288 996 1288 997 1288 995 1289 997 1289 982 1289 995 1290 982 1290 984 1290 969 1291 964 1291 966 1291 966 1292 964 1292 979 1292 966 1293 979 1293 981 1293 981 1294 979 1294 998 1294 981 1295 998 1295 999 1295 999 1296 998 1296 997 1296 999 1297 997 1297 996 1297 964 1298 969 1298 961 1298 1000 1299 1001 1299 1002 1299 1000 1300 1002 1300 1003 1300 1004 1301 1005 1301 1006 1301 1004 1302 1006 1302 1007 1302 1004 1303 1007 1303 1001 1303 1004 1304 1001 1304 1008 1304 977 1305 1009 1305 1010 1305 1010 1306 1009 1306 1011 1306 1010 1307 1011 1307 1005 1307 1005 1308 1011 1308 1006 1308 1012 1309 1013 1309 1002 1309 1002 1310 1013 1310 1014 1310 1002 1311 1014 1311 1015 1311 1015 1312 1014 1312 1016 1312 1015 1313 1016 1313 1017 1313 1017 1314 1016 1314 1018 1314 1017 1315 1018 1315 1019 1315 1019 1316 1018 1316 957 1316 1019 1317 957 1317 954 1317 954 1318 957 1318 960 1318 954 1319 960 1319 974 1319 974 1320 960 1320 977 1320 974 1321 977 1321 1010 1321 1012 1322 1002 1322 1001 1322 1012 1323 1001 1323 1007 1323 1019 1324 954 1324 953 1324 1020 1325 1013 1325 1012 1325 1020 1326 1012 1326 1021 1326 987 1327 985 1327 1022 1327 987 1328 1022 1328 1023 1328 967 1329 980 1329 1024 1329 1024 1330 980 1330 970 1330 1024 1331 970 1331 1025 1331 1025 1332 970 1332 1026 1332 1025 1333 1026 1333 1027 1333 1027 1334 1026 1334 1028 1334 1027 1335 1028 1335 1029 1335 1029 1336 1028 1336 1030 1336 1029 1337 1030 1337 1031 1337 1031 1338 1030 1338 1032 1338 1031 1339 1032 1339 1033 1339 970 1340 980 1340 971 1340 971 1341 980 1341 1034 1341 971 1342 1034 1342 1035 1342 1035 1343 1034 1343 1036 1343 1035 1344 1036 1344 1030 1344 1030 1345 1036 1345 1032 1345 967 1346 1024 1346 968 1346 986 1347 988 1347 1029 1347 986 1348 1029 1348 1031 1348 1037 1349 1038 1349 973 1349 1037 1350 973 1350 972 1350 1037 1351 972 1351 1039 1351 1037 1352 1039 1352 1040 1352 1003 1353 1002 1353 1015 1353 1003 1354 1015 1354 1041 1354 825 1355 837 1355 838 1355 825 1356 838 1356 821 1356 821 1357 838 1357 839 1357 821 1358 839 1358 822 1358 1013 1359 1020 1359 1042 1359 1013 1360 1042 1360 1014 1360 987 1361 1023 1361 1043 1361 987 1362 1043 1362 989 1362 990 1363 1027 1363 1029 1363 990 1364 1029 1364 988 1364 1038 1365 1037 1365 1028 1365 1038 1366 1028 1366 1026 1366 1017 1367 1044 1367 1041 1367 1017 1368 1041 1368 1015 1368 1045 1369 1016 1369 1014 1369 1045 1370 1014 1370 1042 1370 989 1371 1043 1371 1046 1371 989 1372 1046 1372 994 1372 991 1373 1025 1373 1027 1373 991 1374 1027 1374 990 1374 1044 1375 1017 1375 1019 1375 1044 1376 1019 1376 1047 1376 1048 1377 1018 1377 1016 1377 1048 1378 1016 1378 1045 1378 1046 1379 1049 1379 992 1379 1046 1380 992 1380 994 1380 993 1381 1024 1381 1025 1381 993 1382 1025 1382 991 1382 1026 1383 970 1383 973 1383 1026 1384 973 1384 1038 1384 953 1385 952 1385 1047 1385 953 1386 1047 1386 1019 1386 951 1387 835 1387 819 1387 951 1388 819 1388 817 1388 820 1389 843 1389 950 1389 820 1390 950 1390 818 1390 958 1391 957 1391 1018 1391 958 1392 1018 1392 1048 1392 961 1393 992 1393 1049 1393 961 1394 1049 1394 962 1394 969 1395 968 1395 1024 1395 969 1396 1024 1396 993 1396 787 1397 854 1397 1050 1397 787 1398 1050 1398 941 1398 1050 1399 1051 1399 1052 1399 1050 1400 1052 1400 942 1400 1050 1401 942 1401 941 1401 1050 1402 854 1402 855 1402 1050 1403 855 1403 1053 1403 1051 1404 1050 1404 1053 1404 1051 1405 1053 1405 1054 1405 1053 1406 855 1406 856 1406 1053 1407 856 1407 1055 1407 1055 1408 1056 1408 1054 1408 1055 1409 1054 1409 1053 1409 1055 1410 856 1410 790 1410 1055 1411 790 1411 946 1411 1056 1412 1055 1412 946 1412 1056 1413 946 1413 945 1413 1056 1414 945 1414 1057 1414 1058 1415 886 1415 885 1415 1058 1416 885 1416 884 1416 1058 1417 893 1417 887 1417 1058 1418 887 1418 886 1418 1059 1419 1060 1419 902 1419 1059 1420 902 1420 901 1420 1060 1421 1061 1421 903 1421 1060 1422 903 1422 902 1422 904 1423 903 1423 1061 1423 904 1424 1061 1424 1062 1424 905 1425 904 1425 1062 1425 905 1426 1062 1426 1063 1426 377 1427 505 1427 507 1427 377 1428 507 1428 375 1428 1000 1429 1003 1429 1021 1429 1000 1430 1021 1430 1064 1430 1000 1431 1064 1431 1065 1431 1000 1432 1065 1432 1066 1432 1045 1433 1042 1433 1041 1433 1041 1434 1042 1434 1020 1434 1041 1435 1020 1435 1003 1435 1003 1436 1020 1436 1021 1436 1067 1437 1068 1437 1069 1437 1069 1438 1068 1438 1070 1438 1069 1439 1070 1439 1071 1439 1071 1440 1070 1440 976 1440 1071 1441 976 1441 975 1441 975 1442 976 1442 959 1442 975 1443 959 1443 955 1443 955 1444 959 1444 958 1444 955 1445 958 1445 1047 1445 1047 1446 958 1446 1048 1446 1047 1447 1048 1447 1044 1447 1044 1448 1048 1448 1045 1448 1044 1449 1045 1449 1041 1449 1067 1450 1069 1450 1065 1450 1067 1451 1065 1451 1064 1451 955 1452 1047 1452 952 1452 901 1453 770 1453 772 1453 901 1454 772 1454 1059 1454 771 1455 769 1455 906 1455 771 1456 906 1456 1072 1456 907 1457 908 1457 1073 1457 907 1458 1073 1458 1074 1458 910 1459 909 1459 1075 1459 910 1460 1075 1460 1076 1460 508 1461 907 1461 1074 1461 508 1462 1074 1462 510 1462 478 1463 480 1463 1077 1463 478 1464 1077 1464 911 1464 909 1465 911 1465 1077 1465 909 1466 1077 1466 1075 1466 435 1467 910 1467 1076 1467 435 1468 1076 1468 437 1468 372 1469 1078 1469 912 1469 372 1470 912 1470 374 1470 1078 1471 1073 1471 908 1471 1078 1472 908 1472 912 1472 924 1473 923 1473 1079 1473 924 1474 1079 1474 1080 1474 1081 1475 1082 1475 1080 1475 1081 1476 1080 1476 1079 1476 1083 1477 1084 1477 1082 1477 1083 1478 1082 1478 1081 1478 1084 1479 1083 1479 1085 1479 1084 1480 1085 1480 1086 1480 926 1481 925 1481 1086 1481 926 1482 1086 1482 1085 1482 936 1483 924 1483 1080 1483 936 1484 1080 1484 937 1484 937 1485 1080 1485 1082 1485 937 1486 1082 1486 938 1486 939 1487 938 1487 1082 1487 939 1488 1082 1488 1084 1488 1084 1489 1086 1489 940 1489 1084 1490 940 1490 939 1490 1086 1491 925 1491 929 1491 1086 1492 929 1492 940 1492 563 1493 559 1493 558 1493 563 1494 558 1494 564 1494 438 1495 481 1495 479 1495 438 1496 479 1496 436 1496 1087 1497 1088 1497 1089 1497 1087 1498 1089 1498 1090 1498 1087 1499 1090 1499 1091 1499 1087 1500 1091 1500 1057 1500 1087 1501 1057 1501 945 1501 1087 1502 945 1502 944 1502 1088 1503 943 1503 942 1503 1088 1504 942 1504 1052 1504 1088 1505 1052 1505 1089 1505 598 1506 327 1506 325 1506 598 1507 325 1507 599 1507 314 1508 943 1508 1088 1508 314 1509 1088 1509 329 1509 947 1510 1092 1510 1093 1510 947 1511 1093 1511 948 1511 1092 1512 947 1512 956 1512 1092 1513 956 1513 1094 1513 1095 1514 965 1514 948 1514 1095 1515 948 1515 1093 1515 1010 1516 1071 1516 975 1516 1010 1517 975 1517 974 1517 1070 1518 1009 1518 977 1518 1070 1519 977 1519 976 1519 979 1520 978 1520 1096 1520 979 1521 1096 1521 998 1521 999 1522 1034 1522 980 1522 999 1523 980 1523 981 1523 1039 1524 972 1524 971 1524 1039 1525 971 1525 1035 1525 1071 1526 1010 1526 1005 1526 1071 1527 1005 1527 1069 1527 1097 1528 1098 1528 1099 1528 1097 1529 1099 1529 1100 1529 1098 1530 1101 1530 1102 1530 1098 1531 1102 1531 1099 1531 1103 1532 1104 1532 1102 1532 1103 1533 1102 1533 1101 1533 1105 1534 1098 1534 1097 1534 1098 1535 1105 1535 1101 1535 1106 1536 1107 1536 1108 1536 1106 1537 1108 1537 1109 1537 1107 1538 1106 1538 1110 1538 1107 1539 1110 1539 1111 1539 1110 1540 1097 1540 1100 1540 1110 1541 1100 1541 1111 1541 1105 1542 1110 1542 1106 1542 1110 1543 1105 1543 1097 1543 1112 1544 1113 1544 1114 1544 1112 1545 1114 1545 1115 1545 1108 1546 1115 1546 1114 1546 1108 1547 1114 1547 1109 1547 1116 1548 1117 1548 1104 1548 1116 1549 1104 1549 1103 1549 1117 1550 1116 1550 1118 1550 1117 1551 1118 1551 1119 1551 1009 1552 1070 1552 1068 1552 1009 1553 1068 1553 1011 1553 998 1554 1096 1554 1120 1554 998 1555 1120 1555 997 1555 996 1556 1036 1556 1034 1556 996 1557 1034 1557 999 1557 1004 1558 1065 1558 1069 1558 1004 1559 1069 1559 1005 1559 1105 1560 1103 1560 1101 1560 1109 1561 1105 1561 1106 1561 1121 1562 1122 1562 1113 1562 1121 1563 1113 1563 1112 1563 1113 1564 1122 1564 1105 1564 1105 1565 1114 1565 1113 1565 1105 1566 1109 1566 1114 1566 1122 1567 1121 1567 1119 1567 1122 1568 1119 1568 1118 1568 1103 1569 1105 1569 1116 1569 1116 1570 1105 1570 1118 1570 1122 1571 1118 1571 1105 1571 1011 1572 1068 1572 1067 1572 1011 1573 1067 1573 1006 1573 997 1574 1120 1574 1123 1574 997 1575 1123 1575 982 1575 995 1576 1032 1576 1036 1576 995 1577 1036 1577 996 1577 1035 1578 1030 1578 1040 1578 1035 1579 1040 1579 1039 1579 1065 1580 1004 1580 1008 1580 1065 1581 1008 1581 1066 1581 1006 1582 1067 1582 1064 1582 1006 1583 1064 1583 1007 1583 983 1584 982 1584 1123 1584 983 1585 1123 1585 1124 1585 984 1586 1033 1586 1032 1586 984 1587 1032 1587 995 1587 1001 1588 1000 1588 1066 1588 1001 1589 1066 1589 1008 1589 1021 1590 1012 1590 1007 1590 1021 1591 1007 1591 1064 1591 983 1592 1124 1592 1022 1592 983 1593 1022 1593 985 1593 986 1594 1031 1594 1033 1594 986 1595 1033 1595 984 1595 1030 1596 1028 1596 1037 1596 1030 1597 1037 1597 1040 1597 1089 1598 1052 1598 1051 1598 1089 1599 1051 1599 1054 1599 1089 1600 1054 1600 1090 1600 1091 1601 1090 1601 1054 1601 1091 1602 1054 1602 1056 1602 1057 1603 1091 1603 1056 1603 1060 1604 1059 1604 1125 1604 1060 1605 1125 1605 1126 1605 1126 1606 1127 1606 1061 1606 1126 1607 1061 1607 1060 1607 1128 1608 1062 1608 1061 1608 1128 1609 1061 1609 1127 1609 1129 1610 1063 1610 1062 1610 1129 1611 1062 1611 1128 1611 375 1612 507 1612 509 1612 375 1613 509 1613 373 1613 774 1614 1125 1614 1059 1614 774 1615 1059 1615 772 1615 1072 1616 1130 1616 773 1616 1072 1617 773 1617 771 1617 1074 1618 1073 1618 1131 1618 1074 1619 1131 1619 1132 1619 1076 1620 1075 1620 1133 1620 1076 1621 1133 1621 1134 1621 510 1622 1074 1622 1132 1622 510 1623 1132 1623 495 1623 1077 1624 480 1624 482 1624 1077 1625 482 1625 1135 1625 1075 1626 1077 1626 1135 1626 1075 1627 1135 1627 1133 1627 1076 1628 1134 1628 439 1628 1076 1629 439 1629 437 1629 1136 1630 1078 1630 372 1630 1136 1631 372 1631 370 1631 1136 1632 1131 1632 1073 1632 1136 1633 1073 1633 1078 1633 564 1634 558 1634 557 1634 564 1635 557 1635 565 1635 440 1636 449 1636 481 1636 440 1637 481 1637 438 1637 1088 1638 1087 1638 1137 1638 1088 1639 1137 1639 1138 1639 599 1640 325 1640 324 1640 599 1641 324 1641 600 1641 329 1642 1088 1642 1138 1642 329 1643 1138 1643 326 1643 1139 1644 1140 1644 1141 1644 1139 1645 1141 1645 1142 1645 1139 1646 1142 1646 1143 1646 1139 1647 1143 1647 1144 1647 1145 1648 1146 1648 1147 1648 1145 1649 1147 1649 1148 1649 1145 1650 1148 1650 1149 1650 1145 1651 1149 1651 1150 1651 1145 1652 1150 1652 1151 1652 1145 1653 1151 1653 1152 1653 1145 1654 1152 1654 1153 1654 1145 1655 1153 1655 1154 1655 1145 1656 1154 1656 1155 1656 1145 1657 1155 1657 1156 1657 1157 1658 1158 1658 1147 1658 1157 1659 1147 1659 1146 1659 1158 1660 1159 1660 1148 1660 1158 1661 1148 1661 1147 1661 1159 1662 1160 1662 1149 1662 1159 1663 1149 1663 1148 1663 1161 1664 1157 1664 1146 1664 1161 1665 1146 1665 1145 1665 1162 1666 1163 1666 1153 1666 1162 1667 1153 1667 1152 1667 1164 1668 1141 1668 1140 1668 1164 1669 1140 1669 1165 1669 1164 1670 1165 1670 1166 1670 1164 1671 1166 1671 1167 1671 1164 1672 1167 1672 1168 1672 1164 1673 1168 1673 1169 1673 1170 1674 1142 1674 1141 1674 1170 1675 1141 1675 1164 1675 1142 1676 1170 1676 1171 1676 1142 1677 1171 1677 1172 1677 1142 1678 1172 1678 1173 1678 1142 1679 1173 1679 1174 1679 1142 1680 1174 1680 1175 1680 1142 1681 1175 1681 1143 1681 1160 1682 1176 1682 1150 1682 1160 1683 1150 1683 1149 1683 1177 1684 1178 1684 1179 1684 1177 1685 1179 1685 1180 1685 1177 1686 1180 1686 1181 1686 1177 1687 1181 1687 1139 1687 1177 1688 1139 1688 1144 1688 1177 1689 1144 1689 1182 1689 1183 1690 1182 1690 1144 1690 1183 1691 1144 1691 1143 1691 1183 1692 1143 1692 1175 1692 1184 1693 1185 1693 1186 1693 1184 1694 1186 1694 1178 1694 1184 1695 1178 1695 1177 1695 1187 1696 1188 1696 1189 1696 1187 1697 1189 1697 1190 1697 1187 1698 1190 1698 1121 1698 1187 1699 1121 1699 1112 1699 1187 1700 1112 1700 1115 1700 1187 1701 1115 1701 1108 1701 1187 1702 1108 1702 1191 1702 1092 1703 1094 1703 1192 1703 1092 1704 1192 1704 1193 1704 1092 1705 1193 1705 1108 1705 1092 1706 1108 1706 1107 1706 1092 1707 1107 1707 1111 1707 1092 1708 1111 1708 1100 1708 1092 1709 1100 1709 1093 1709 1093 1710 1100 1710 1099 1710 1093 1711 1099 1711 1102 1711 1093 1712 1102 1712 1104 1712 1093 1713 1104 1713 1117 1713 1093 1714 1117 1714 1119 1714 1093 1715 1119 1715 1190 1715 1093 1716 1190 1716 1095 1716 1190 1717 1119 1717 1121 1717 1191 1718 1108 1718 1193 1718 1194 1719 1185 1719 1184 1719 1194 1720 1184 1720 1195 1720 1194 1721 1195 1721 1196 1721 1195 1722 1184 1722 1197 1722 1190 1723 1189 1723 1195 1723 1190 1724 1195 1724 1197 1724 1176 1725 1198 1725 1151 1725 1176 1726 1151 1726 1150 1726 1198 1727 1162 1727 1152 1727 1198 1728 1152 1728 1151 1728 1139 1729 1181 1729 1199 1729 1139 1730 1199 1730 1165 1730 1139 1731 1165 1731 1140 1731 1194 1732 1196 1732 1200 1732 1194 1733 1200 1733 1201 1733 1188 1734 1187 1734 1126 1734 1188 1735 1126 1735 1125 1735 1185 1736 1194 1736 1201 1736 1185 1737 1201 1737 1202 1737 1185 1738 1202 1738 1186 1738 1191 1739 1127 1739 1126 1739 1191 1740 1126 1740 1187 1740 1193 1741 1128 1741 1127 1741 1193 1742 1127 1742 1191 1742 1202 1743 1203 1743 1179 1743 1202 1744 1179 1744 1178 1744 1202 1745 1178 1745 1186 1745 1192 1746 1129 1746 1128 1746 1192 1747 1128 1747 1193 1747 1204 1748 1180 1748 1179 1748 1204 1749 1179 1749 1203 1749 509 1750 511 1750 371 1750 509 1751 371 1751 373 1751 1200 1752 1196 1752 776 1752 776 1753 1196 1753 1195 1753 776 1754 1195 1754 774 1754 774 1755 1195 1755 1189 1755 774 1756 1189 1756 1188 1756 774 1757 1188 1757 1125 1757 1205 1758 775 1758 773 1758 1205 1759 773 1759 1130 1759 1132 1760 1131 1760 1206 1760 1132 1761 1206 1761 1207 1761 1134 1762 1133 1762 1208 1762 1134 1763 1208 1763 1209 1763 495 1764 1132 1764 1207 1764 495 1765 1207 1765 496 1765 482 1766 451 1766 1210 1766 482 1767 1210 1767 1135 1767 1133 1768 1135 1768 1210 1768 1133 1769 1210 1769 1208 1769 441 1770 439 1770 1134 1770 441 1771 1134 1771 1209 1771 1211 1772 1136 1772 370 1772 1211 1773 370 1773 368 1773 1131 1774 1136 1774 1211 1774 1131 1775 1211 1775 1206 1775 1212 1776 1213 1776 1214 1776 1212 1777 1214 1777 1215 1777 1216 1778 1217 1778 1215 1778 1216 1779 1215 1779 1214 1779 1217 1780 1216 1780 1218 1780 1217 1781 1218 1781 1219 1781 1219 1782 1218 1782 1220 1782 1219 1783 1220 1783 1221 1783 565 1784 557 1784 556 1784 565 1785 556 1785 566 1785 442 1786 450 1786 449 1786 442 1787 449 1787 440 1787 1222 1788 1223 1788 1138 1788 1222 1789 1138 1789 1137 1789 600 1790 324 1790 319 1790 600 1791 319 1791 601 1791 320 1792 326 1792 1138 1792 320 1793 1138 1793 1223 1793 1224 1794 1225 1794 1156 1794 1224 1795 1156 1795 1155 1795 1226 1796 1214 1796 1213 1796 1226 1797 1213 1797 1227 1797 1228 1798 1216 1798 1214 1798 1228 1799 1214 1799 1226 1799 1225 1800 1161 1800 1145 1800 1225 1801 1145 1801 1156 1801 1229 1802 1220 1802 1218 1802 1229 1803 1218 1803 1230 1803 1183 1804 1175 1804 1174 1804 1220 1805 1229 1805 1231 1805 1220 1806 1231 1806 1232 1806 1233 1807 1234 1807 1232 1807 1233 1808 1232 1808 1231 1808 1163 1809 1235 1809 1154 1809 1163 1810 1154 1810 1153 1810 1216 1811 1228 1811 1230 1811 1216 1812 1230 1812 1218 1812 1235 1813 1224 1813 1155 1813 1235 1814 1155 1814 1154 1814 1166 1815 1165 1815 1199 1815 1201 1816 1200 1816 1236 1816 1201 1817 1236 1817 1237 1817 1238 1818 1202 1818 1201 1818 1238 1819 1201 1819 1237 1819 1239 1820 1203 1820 1202 1820 1239 1821 1202 1821 1238 1821 1240 1822 1204 1822 1203 1822 1240 1823 1203 1823 1239 1823 511 1824 497 1824 369 1824 511 1825 369 1825 371 1825 1200 1826 776 1826 778 1826 1200 1827 778 1827 1236 1827 1205 1828 1241 1828 777 1828 1205 1829 777 1829 775 1829 1221 1830 1220 1830 1232 1830 1221 1831 1232 1831 1242 1831 1242 1832 1232 1832 1234 1832 1242 1833 1234 1833 1243 1833 1244 1834 1207 1834 1206 1834 1244 1835 1206 1835 1245 1835 1209 1836 1208 1836 1246 1836 1209 1837 1246 1837 1247 1837 498 1838 496 1838 1207 1838 498 1839 1207 1839 1244 1839 1248 1840 1210 1840 451 1840 1248 1841 451 1841 453 1841 1208 1842 1210 1842 1248 1842 1208 1843 1248 1843 1246 1843 441 1844 1209 1844 1247 1844 441 1845 1247 1845 424 1845 1249 1846 1211 1846 368 1846 1249 1847 368 1847 367 1847 1206 1848 1211 1848 1249 1848 1206 1849 1249 1849 1245 1849 1250 1850 1251 1850 1252 1850 1250 1851 1252 1851 1253 1851 1251 1852 1250 1852 1254 1852 1251 1853 1254 1853 1255 1853 1213 1854 1212 1854 1255 1854 1213 1855 1255 1855 1254 1855 1252 1856 1256 1856 1257 1856 1252 1857 1257 1857 1253 1857 566 1858 556 1858 555 1858 566 1859 555 1859 567 1859 423 1860 452 1860 450 1860 423 1861 450 1861 442 1861 1258 1862 1259 1862 1223 1862 1258 1863 1223 1863 1222 1863 601 1864 319 1864 321 1864 601 1865 321 1865 602 1865 322 1866 320 1866 1223 1866 322 1867 1223 1867 1259 1867 1260 1868 1250 1868 1253 1868 1260 1869 1253 1869 1261 1869 1250 1870 1260 1870 1262 1870 1250 1871 1262 1871 1254 1871 1227 1872 1213 1872 1254 1872 1227 1873 1254 1873 1262 1873 1234 1874 1233 1874 1263 1874 1234 1875 1263 1875 1264 1875 1168 1876 1167 1876 1265 1876 1266 1877 1173 1877 1172 1877 1267 1878 1257 1878 1264 1878 1267 1879 1264 1879 1263 1879 1257 1880 1267 1880 1261 1880 1257 1881 1261 1881 1253 1881 1237 1882 1236 1882 1268 1882 1237 1883 1268 1883 1269 1883 1238 1884 1237 1884 1269 1884 1238 1885 1269 1885 1270 1885 1239 1886 1238 1886 1270 1886 1239 1887 1270 1887 1271 1887 1272 1888 1240 1888 1239 1888 1272 1889 1239 1889 1271 1889 369 1890 497 1890 499 1890 369 1891 499 1891 388 1891 758 1892 1268 1892 1236 1892 758 1893 1236 1893 778 1893 1273 1894 759 1894 777 1894 1273 1895 777 1895 1241 1895 1243 1896 1234 1896 1264 1896 1243 1897 1264 1897 1274 1897 1274 1898 1264 1898 1257 1898 1274 1899 1257 1899 1256 1899 1275 1900 1244 1900 1245 1900 1275 1901 1245 1901 1276 1901 1246 1902 1277 1902 1278 1902 1246 1903 1278 1903 1247 1903 500 1904 498 1904 1244 1904 500 1905 1244 1905 1275 1905 453 1906 455 1906 1279 1906 453 1907 1279 1907 1248 1907 1277 1908 1246 1908 1248 1908 1277 1909 1248 1909 1279 1909 424 1910 1247 1910 1278 1910 424 1911 1278 1911 426 1911 389 1912 1280 1912 1249 1912 389 1913 1249 1913 367 1913 1276 1914 1245 1914 1249 1914 1276 1915 1249 1915 1280 1915 567 1916 555 1916 554 1916 567 1917 554 1917 568 1917 425 1918 454 1918 452 1918 425 1919 452 1919 423 1919 1199 1920 1204 1920 1166 1920 1166 1921 1204 1921 1240 1921 1166 1922 1240 1922 1167 1922 1167 1923 1240 1923 1272 1923 1167 1924 1272 1924 1265 1924 1265 1925 1272 1925 1281 1925 1265 1926 1281 1926 1282 1926 1181 1927 1180 1927 1204 1927 1181 1928 1204 1928 1199 1928 1283 1929 1284 1929 1285 1929 1285 1930 1284 1930 1286 1930 1285 1931 1286 1931 1287 1931 1287 1932 1286 1932 1288 1932 1287 1933 1288 1933 1289 1933 1289 1934 1288 1934 1290 1934 1289 1935 1290 1935 1291 1935 1291 1936 1290 1936 1292 1936 1291 1937 1292 1937 1293 1937 1293 1938 1292 1938 1294 1938 1293 1939 1294 1939 1295 1939 1295 1940 1294 1940 1296 1940 1295 1941 1296 1941 1297 1941 1297 1942 1296 1942 729 1942 1297 1943 729 1943 654 1943 654 1944 729 1944 730 1944 654 1945 730 1945 844 1945 844 1946 730 1946 905 1946 844 1947 905 1947 956 1947 956 1948 905 1948 1063 1948 956 1949 1063 1949 1094 1949 1094 1950 1063 1950 1129 1950 1094 1951 1129 1951 1192 1951 1298 1952 1299 1952 1300 1952 1298 1953 1300 1953 1301 1953 1298 1954 1301 1954 1302 1954 1298 1955 1302 1955 1303 1955 1304 1956 1305 1956 1306 1956 1306 1957 1305 1957 1307 1957 1306 1958 1307 1958 1308 1958 1308 1959 1307 1959 1309 1959 1308 1960 1309 1960 1299 1960 1299 1961 1309 1961 1300 1961 1283 1962 1310 1962 1311 1962 1311 1963 1310 1963 1312 1963 1311 1964 1312 1964 1313 1964 1313 1965 1312 1965 1314 1965 1313 1966 1314 1966 1315 1966 1315 1967 1314 1967 1302 1967 1315 1968 1302 1968 1301 1968 1297 1969 654 1969 653 1969 1283 1970 1285 1970 1310 1970 1316 1971 1317 1971 1259 1971 1316 1972 1259 1972 1258 1972 602 1973 321 1973 323 1973 602 1974 323 1974 603 1974 318 1975 322 1975 1259 1975 318 1976 1259 1976 1317 1976 1170 1977 1164 1977 1169 1977 1170 1978 1169 1978 1318 1978 1170 1979 1318 1979 1319 1979 1170 1980 1319 1980 1171 1980 1320 1981 1321 1981 1322 1981 1320 1982 1322 1982 1323 1982 1324 1983 1325 1983 1326 1983 1324 1984 1326 1984 1327 1984 1328 1985 1329 1985 1330 1985 1328 1986 1330 1986 1331 1986 1332 1987 1333 1987 1322 1987 1322 1988 1333 1988 1334 1988 1322 1989 1334 1989 1323 1989 1323 1990 1334 1990 1335 1990 1336 1991 1337 1991 1338 1991 1336 1992 1338 1992 1333 1992 1336 1993 1333 1993 1332 1993 1318 1994 1169 1994 1168 1994 1318 1995 1168 1995 1265 1995 1318 1996 1265 1996 1282 1996 1339 1997 1266 1997 1172 1997 1339 1998 1172 1998 1171 1998 1339 1999 1171 1999 1319 1999 1282 2000 1281 2000 1339 2000 1282 2001 1339 2001 1319 2001 1282 2002 1319 2002 1318 2002 1339 2003 1281 2003 1340 2003 1339 2004 1340 2004 1337 2004 1339 2005 1337 2005 1336 2005 1335 2006 1334 2006 1269 2006 1335 2007 1269 2007 1268 2007 1341 2008 1342 2008 1343 2008 1341 2009 1343 2009 1344 2009 1269 2010 1334 2010 1333 2010 1269 2011 1333 2011 1338 2011 1269 2012 1338 2012 1270 2012 1344 2013 1343 2013 1345 2013 1344 2014 1345 2014 1346 2014 1270 2015 1338 2015 1337 2015 1270 2016 1337 2016 1340 2016 1270 2017 1340 2017 1271 2017 1347 2018 1346 2018 1345 2018 1347 2019 1345 2019 1348 2019 1281 2020 1272 2020 1271 2020 1281 2021 1271 2021 1340 2021 1304 2022 1347 2022 1348 2022 1304 2023 1348 2023 1305 2023 388 2024 499 2024 501 2024 388 2025 501 2025 390 2025 760 2026 1342 2026 1341 2026 760 2027 1341 2027 1320 2027 760 2028 1320 2028 1323 2028 760 2029 1323 2029 1268 2029 760 2030 1268 2030 758 2030 1268 2031 1323 2031 1335 2031 1349 2032 761 2032 759 2032 1349 2033 759 2033 1273 2033 1350 2034 1275 2034 1276 2034 1350 2035 1276 2035 1351 2035 1277 2036 1352 2036 1353 2036 1277 2037 1353 2037 1278 2037 502 2038 500 2038 1275 2038 502 2039 1275 2039 1350 2039 1354 2040 1279 2040 455 2040 1354 2041 455 2041 457 2041 1352 2042 1277 2042 1279 2042 1352 2043 1279 2043 1354 2043 426 2044 1278 2044 1353 2044 426 2045 1353 2045 428 2045 391 2046 1355 2046 1280 2046 391 2047 1280 2047 389 2047 1355 2048 1351 2048 1276 2048 1355 2049 1276 2049 1280 2049 1356 2050 1357 2050 1358 2050 1356 2051 1358 2051 1359 2051 1360 2052 1359 2052 1358 2052 1360 2053 1358 2053 1361 2053 1362 2054 1363 2054 1364 2054 1362 2055 1364 2055 1365 2055 1366 2056 1367 2056 1363 2056 1366 2057 1363 2057 1362 2057 1367 2058 1366 2058 1368 2058 1367 2059 1368 2059 1369 2059 1368 2060 1370 2060 1371 2060 1368 2061 1371 2061 1369 2061 1357 2062 1356 2062 1371 2062 1357 2063 1371 2063 1370 2063 1372 2064 1373 2064 1374 2064 1372 2065 1374 2065 1375 2065 1372 2066 1375 2066 1376 2066 1372 2067 1376 2067 1377 2067 1372 2068 1377 2068 1378 2068 1372 2069 1378 2069 1379 2069 1372 2070 1379 2070 1380 2070 1372 2071 1380 2071 1381 2071 1372 2072 1381 2072 1382 2072 1372 2073 1382 2073 1383 2073 1356 2074 1359 2074 1378 2074 1356 2075 1378 2075 1377 2075 1359 2076 1360 2076 1379 2076 1359 2077 1379 2077 1378 2077 1373 2078 1372 2078 1364 2078 1373 2079 1364 2079 1363 2079 1363 2080 1367 2080 1374 2080 1363 2081 1374 2081 1373 2081 1367 2082 1369 2082 1375 2082 1367 2083 1375 2083 1374 2083 1371 2084 1376 2084 1375 2084 1371 2085 1375 2085 1369 2085 1371 2086 1356 2086 1377 2086 1371 2087 1377 2087 1376 2087 568 2088 554 2088 553 2088 568 2089 553 2089 569 2089 427 2090 456 2090 454 2090 427 2091 454 2091 425 2091 1316 2092 1384 2092 1385 2092 1316 2093 1385 2093 1386 2093 1316 2094 1386 2094 1387 2094 1316 2095 1387 2095 1388 2095 1316 2096 1388 2096 1389 2096 1316 2097 1389 2097 1317 2097 1390 2098 1317 2098 1389 2098 1390 2099 1389 2099 1391 2099 1390 2100 1391 2100 1392 2100 603 2101 323 2101 317 2101 603 2102 317 2102 604 2102 289 2103 318 2103 1317 2103 289 2104 1317 2104 1390 2104 1393 2105 1394 2105 1395 2105 1393 2106 1395 2106 1396 2106 1397 2107 1398 2107 1399 2107 1397 2108 1399 2108 1400 2108 1401 2109 1325 2109 1324 2109 1401 2110 1324 2110 1402 2110 1325 2111 1401 2111 1403 2111 1403 2112 1326 2112 1325 2112 1326 2113 1403 2113 1404 2113 1331 2114 1330 2114 1401 2114 1331 2115 1401 2115 1402 2115 1405 2116 1403 2116 1329 2116 1329 2117 1403 2117 1330 2117 1401 2118 1330 2118 1403 2118 1403 2119 1406 2119 1407 2119 1408 2120 1406 2120 1403 2120 1403 2121 1405 2121 1408 2121 1403 2122 1409 2122 1404 2122 1410 2123 1409 2123 1403 2123 1403 2124 1407 2124 1410 2124 1411 2125 1412 2125 1413 2125 1411 2126 1413 2126 1414 2126 1415 2127 1416 2127 1417 2127 1415 2128 1417 2128 1418 2128 1419 2129 1420 2129 1421 2129 1419 2130 1421 2130 1422 2130 1423 2131 1424 2131 1425 2131 1423 2132 1425 2132 1426 2132 1427 2133 1428 2133 1400 2133 1427 2134 1400 2134 1399 2134 1327 2135 1326 2135 1404 2135 1327 2136 1404 2136 1429 2136 1329 2137 1328 2137 1430 2137 1329 2138 1430 2138 1405 2138 1406 2139 1408 2139 1431 2139 1406 2140 1431 2140 1432 2140 1405 2141 1430 2141 1431 2141 1405 2142 1431 2142 1408 2142 1429 2143 1404 2143 1409 2143 1429 2144 1409 2144 1433 2144 1409 2145 1410 2145 1434 2145 1409 2146 1434 2146 1433 2146 1412 2147 1411 2147 1435 2147 1412 2148 1435 2148 1436 2148 1415 2149 1418 2149 1437 2149 1415 2150 1437 2150 1438 2150 1439 2151 1440 2151 1420 2151 1439 2152 1420 2152 1419 2152 1428 2153 1427 2153 1441 2153 1428 2154 1441 2154 1442 2154 1396 2155 1395 2155 1443 2155 1396 2156 1443 2156 1432 2156 1396 2157 1432 2157 1431 2157 1396 2158 1431 2158 1430 2158 1396 2159 1430 2159 1347 2159 1396 2160 1347 2160 1304 2160 1396 2161 1304 2161 1306 2161 1344 2162 1346 2162 1430 2162 1344 2163 1430 2163 1328 2163 1344 2164 1328 2164 1331 2164 1344 2165 1331 2165 1402 2165 1344 2166 1402 2166 1321 2166 1344 2167 1321 2167 1320 2167 1344 2168 1320 2168 1341 2168 1395 2169 1444 2169 1324 2169 1395 2170 1324 2170 1327 2170 1395 2171 1327 2171 1429 2171 1395 2172 1429 2172 1433 2172 1395 2173 1433 2173 1434 2173 1395 2174 1434 2174 1443 2174 1324 2175 1444 2175 1321 2175 1324 2176 1321 2176 1402 2176 1430 2177 1346 2177 1347 2177 1407 2178 1406 2178 1432 2178 1407 2179 1432 2179 1443 2179 1306 2180 1308 2180 1393 2180 1306 2181 1393 2181 1396 2181 1410 2182 1407 2182 1443 2182 1410 2183 1443 2183 1434 2183 1445 2184 1446 2184 1436 2184 1445 2185 1436 2185 1435 2185 1438 2186 1437 2186 1447 2186 1438 2187 1447 2187 1448 2187 1449 2188 1444 2188 1395 2188 1449 2189 1395 2189 1394 2189 1450 2190 1451 2190 1440 2190 1450 2191 1440 2191 1439 2191 1452 2192 1423 2192 1426 2192 1452 2193 1426 2193 1453 2193 1442 2194 1441 2194 1454 2194 1442 2195 1454 2195 1455 2195 1456 2196 1457 2196 1446 2196 1456 2197 1446 2197 1445 2197 1448 2198 1447 2198 1458 2198 1448 2199 1458 2199 1459 2199 1460 2200 1461 2200 1451 2200 1460 2201 1451 2201 1450 2201 1462 2202 1455 2202 1454 2202 1462 2203 1454 2203 1463 2203 1464 2204 1457 2204 1456 2204 1464 2205 1456 2205 1465 2205 1466 2206 1459 2206 1458 2206 1466 2207 1458 2207 1467 2207 1460 2208 1468 2208 1469 2208 1460 2209 1469 2209 1461 2209 1470 2210 1452 2210 1453 2210 1470 2211 1453 2211 1471 2211 1466 2212 1472 2212 1473 2212 1473 2213 1472 2213 1474 2213 1473 2214 1474 2214 1475 2214 1475 2215 1474 2215 1476 2215 1475 2216 1476 2216 1477 2216 1477 2217 1476 2217 1478 2217 1477 2218 1478 2218 1479 2218 1479 2219 1478 2219 1480 2219 1416 2220 1422 2220 1481 2220 1481 2221 1422 2221 1482 2221 1481 2222 1482 2222 1483 2222 1483 2223 1482 2223 1480 2223 1483 2224 1480 2224 1478 2224 1468 2225 1460 2225 1459 2225 1468 2226 1459 2226 1466 2226 1468 2227 1466 2227 1473 2227 1422 2228 1415 2228 1419 2228 1419 2229 1415 2229 1438 2229 1419 2230 1438 2230 1439 2230 1439 2231 1438 2231 1448 2231 1439 2232 1448 2232 1450 2232 1450 2233 1448 2233 1459 2233 1450 2234 1459 2234 1460 2234 1415 2235 1422 2235 1416 2235 1484 2236 1485 2236 1486 2236 1484 2237 1486 2237 1487 2237 1463 2238 1454 2238 1464 2238 1463 2239 1464 2239 1488 2239 1463 2240 1488 2240 1489 2240 1463 2241 1489 2241 1490 2241 1436 2242 1446 2242 1441 2242 1441 2243 1446 2243 1457 2243 1441 2244 1457 2244 1454 2244 1454 2245 1457 2245 1464 2245 1491 2246 1492 2246 1493 2246 1493 2247 1492 2247 1494 2247 1493 2248 1494 2248 1495 2248 1495 2249 1494 2249 1496 2249 1495 2250 1496 2250 1487 2250 1487 2251 1496 2251 1497 2251 1487 2252 1497 2252 1484 2252 1484 2253 1497 2253 1413 2253 1484 2254 1413 2254 1399 2254 1399 2255 1413 2255 1412 2255 1399 2256 1412 2256 1427 2256 1427 2257 1412 2257 1436 2257 1427 2258 1436 2258 1441 2258 1491 2259 1493 2259 1489 2259 1491 2260 1489 2260 1488 2260 1484 2261 1399 2261 1398 2261 1498 2262 1497 2262 1496 2262 1498 2263 1496 2263 1499 2263 1481 2264 1483 2264 1500 2264 1481 2265 1500 2265 1501 2265 1420 2266 1440 2266 1502 2266 1502 2267 1440 2267 1425 2267 1502 2268 1425 2268 1503 2268 1503 2269 1425 2269 1504 2269 1503 2270 1504 2270 1505 2270 1505 2271 1504 2271 1506 2271 1505 2272 1506 2272 1507 2272 1507 2273 1506 2273 1471 2273 1507 2274 1471 2274 1508 2274 1508 2275 1471 2275 1469 2275 1508 2276 1469 2276 1509 2276 1425 2277 1440 2277 1426 2277 1426 2278 1440 2278 1451 2278 1426 2279 1451 2279 1453 2279 1453 2280 1451 2280 1461 2280 1453 2281 1461 2281 1471 2281 1471 2282 1461 2282 1469 2282 1420 2283 1502 2283 1421 2283 1480 2284 1482 2284 1502 2284 1480 2285 1502 2285 1503 2285 1424 2286 1423 2286 1452 2286 1424 2287 1452 2287 1470 2287 1424 2288 1470 2288 1510 2288 1424 2289 1510 2289 1511 2289 1424 2290 1511 2290 1504 2290 1424 2291 1504 2291 1425 2291 1485 2292 1484 2292 1398 2292 1485 2293 1398 2293 1397 2293 1414 2294 1413 2294 1497 2294 1414 2295 1497 2295 1498 2295 1481 2296 1501 2296 1417 2296 1481 2297 1417 2297 1416 2297 1422 2298 1421 2298 1502 2298 1422 2299 1502 2299 1482 2299 1512 2300 1391 2300 1389 2300 1512 2301 1513 2301 1514 2301 1512 2302 1514 2302 1392 2302 1512 2303 1392 2303 1391 2303 1515 2304 1512 2304 1389 2304 1515 2305 1389 2305 1388 2305 1515 2306 1516 2306 1513 2306 1515 2307 1513 2307 1512 2307 1515 2308 1388 2308 1387 2308 1515 2309 1387 2309 1517 2309 1517 2310 1518 2310 1516 2310 1517 2311 1516 2311 1515 2311 1517 2312 1387 2312 1386 2312 1518 2313 1517 2313 1386 2313 1518 2314 1386 2314 1385 2314 1518 2315 1385 2315 1519 2315 1343 2316 1342 2316 1520 2316 1343 2317 1520 2317 1521 2317 1521 2318 1522 2318 1345 2318 1521 2319 1345 2319 1343 2319 1348 2320 1345 2320 1522 2320 1348 2321 1522 2321 1523 2321 1305 2322 1348 2322 1523 2322 1305 2323 1523 2323 1307 2323 390 2324 501 2324 503 2324 390 2325 503 2325 392 2325 1524 2326 1525 2326 1526 2326 1524 2327 1526 2327 1527 2327 1524 2328 1527 2328 1462 2328 1524 2329 1462 2329 1528 2329 1499 2330 1529 2330 1530 2330 1530 2331 1529 2331 1531 2331 1530 2332 1531 2332 1525 2332 1525 2333 1531 2333 1526 2333 1465 2334 1456 2334 1455 2334 1455 2335 1456 2335 1445 2335 1455 2336 1445 2336 1442 2336 1442 2337 1445 2337 1435 2337 1442 2338 1435 2338 1428 2338 1428 2339 1435 2339 1411 2339 1428 2340 1411 2340 1400 2340 1400 2341 1411 2341 1414 2341 1400 2342 1414 2342 1485 2342 1485 2343 1414 2343 1498 2343 1485 2344 1498 2344 1486 2344 1486 2345 1498 2345 1499 2345 1486 2346 1499 2346 1530 2346 1465 2347 1455 2347 1462 2347 1465 2348 1462 2348 1527 2348 1400 2349 1485 2349 1397 2349 1342 2350 760 2350 762 2350 1342 2351 762 2351 1520 2351 763 2352 761 2352 1349 2352 763 2353 1349 2353 1532 2353 1533 2354 1534 2354 1350 2354 1533 2355 1350 2355 1351 2355 1352 2356 1535 2356 1536 2356 1352 2357 1536 2357 1353 2357 1534 2358 504 2358 502 2358 1534 2359 502 2359 1350 2359 457 2360 444 2360 1537 2360 457 2361 1537 2361 1354 2361 1537 2362 1535 2362 1352 2362 1537 2363 1352 2363 1354 2363 428 2364 1353 2364 1536 2364 428 2365 1536 2365 430 2365 1538 2366 1355 2366 391 2366 1538 2367 391 2367 393 2367 1533 2368 1351 2368 1355 2368 1533 2369 1355 2369 1538 2369 1539 2370 1540 2370 1360 2370 1539 2371 1360 2371 1361 2371 1541 2372 1542 2372 1540 2372 1541 2373 1540 2373 1539 2373 1541 2374 1543 2374 1544 2374 1541 2375 1544 2375 1542 2375 1544 2376 1543 2376 1545 2376 1544 2377 1545 2377 1546 2377 1546 2378 1545 2378 1365 2378 1546 2379 1365 2379 1364 2379 1379 2380 1360 2380 1540 2380 1379 2381 1540 2381 1380 2381 1380 2382 1540 2382 1542 2382 1380 2383 1542 2383 1381 2383 1381 2384 1542 2384 1544 2384 1381 2385 1544 2385 1382 2385 1382 2386 1544 2386 1546 2386 1382 2387 1546 2387 1383 2387 1383 2388 1546 2388 1364 2388 1383 2389 1364 2389 1372 2389 569 2390 553 2390 552 2390 569 2391 552 2391 570 2391 429 2392 458 2392 456 2392 429 2393 456 2393 427 2393 1390 2394 1392 2394 1514 2394 1390 2395 1514 2395 1547 2395 1390 2396 1547 2396 1548 2396 1549 2397 1550 2397 1519 2397 1549 2398 1519 2398 1385 2398 1549 2399 1385 2399 1384 2399 604 2400 317 2400 316 2400 604 2401 316 2401 605 2401 1548 2402 287 2402 289 2402 1548 2403 289 2403 1390 2403 1394 2404 1393 2404 1551 2404 1394 2405 1551 2405 1552 2405 1394 2406 1552 2406 1553 2406 1394 2407 1553 2407 1554 2407 1394 2408 1554 2408 1555 2408 1393 2409 1556 2409 1557 2409 1393 2410 1557 2410 1558 2410 1393 2411 1558 2411 1551 2411 1557 2412 1556 2412 1559 2412 1394 2413 1555 2413 1560 2413 1394 2414 1560 2414 1449 2414 1490 2415 1528 2415 1462 2415 1490 2416 1462 2416 1463 2416 1561 2417 1551 2417 1558 2417 1561 2418 1558 2418 1562 2418 1551 2419 1561 2419 1563 2419 1551 2420 1563 2420 1552 2420 1527 2421 1488 2421 1464 2421 1527 2422 1464 2422 1465 2422 1466 2423 1467 2423 1564 2423 1466 2424 1564 2424 1472 2424 1473 2425 1509 2425 1469 2425 1473 2426 1469 2426 1468 2426 1528 2427 1490 2427 1489 2427 1528 2428 1489 2428 1524 2428 1565 2429 1566 2429 1557 2429 1565 2430 1557 2430 1559 2430 1565 2431 1559 2431 1567 2431 1565 2432 1567 2432 1568 2432 1556 2433 1393 2433 1308 2433 1556 2434 1308 2434 1299 2434 1566 2435 1562 2435 1558 2435 1566 2436 1558 2436 1557 2436 1569 2437 1570 2437 1571 2437 1569 2438 1571 2438 1572 2438 1573 2439 1574 2439 1572 2439 1573 2440 1572 2440 1571 2440 1563 2441 1575 2441 1553 2441 1563 2442 1553 2442 1552 2442 1575 2443 1576 2443 1577 2443 1575 2444 1577 2444 1554 2444 1575 2445 1554 2445 1553 2445 1488 2446 1527 2446 1526 2446 1488 2447 1526 2447 1491 2447 1474 2448 1472 2448 1564 2448 1474 2449 1564 2449 1578 2449 1475 2450 1508 2450 1509 2450 1475 2451 1509 2451 1473 2451 1510 2452 1470 2452 1471 2452 1510 2453 1471 2453 1506 2453 1524 2454 1489 2454 1493 2454 1524 2455 1493 2455 1525 2455 1570 2456 1569 2456 1579 2456 1570 2457 1579 2457 1580 2457 1574 2458 1573 2458 1581 2458 1574 2459 1581 2459 1582 2459 1491 2460 1526 2460 1531 2460 1491 2461 1531 2461 1492 2461 1578 2462 1583 2462 1476 2462 1578 2463 1476 2463 1474 2463 1477 2464 1507 2464 1508 2464 1477 2465 1508 2465 1475 2465 1495 2466 1530 2466 1525 2466 1495 2467 1525 2467 1493 2467 1492 2468 1531 2468 1529 2468 1492 2469 1529 2469 1494 2469 1476 2470 1583 2470 1584 2470 1476 2471 1584 2471 1478 2471 1479 2472 1505 2472 1507 2472 1479 2473 1507 2473 1477 2473 1511 2474 1510 2474 1506 2474 1511 2475 1506 2475 1504 2475 1487 2476 1486 2476 1530 2476 1487 2477 1530 2477 1495 2477 1585 2478 1570 2478 1580 2478 1585 2479 1571 2479 1570 2479 1571 2480 1585 2480 1573 2480 1581 2481 1573 2481 1585 2481 1494 2482 1529 2482 1499 2482 1494 2483 1499 2483 1496 2483 1584 2484 1500 2484 1483 2484 1584 2485 1483 2485 1478 2485 1480 2486 1503 2486 1505 2486 1480 2487 1505 2487 1479 2487 1547 2488 1514 2488 1513 2488 1547 2489 1513 2489 1586 2489 1587 2490 1586 2490 1513 2490 1587 2491 1513 2491 1516 2491 1587 2492 1516 2492 1518 2492 1587 2493 1518 2493 1588 2493 1589 2494 1590 2494 1591 2494 1589 2495 1591 2495 1592 2495 1589 2496 1592 2496 1593 2496 1589 2497 1593 2497 1594 2497 1595 2498 1593 2498 1596 2498 1595 2499 1596 2499 1597 2499 1593 2500 1595 2500 1598 2500 1593 2501 1598 2501 1594 2501 1518 2502 1519 2502 1550 2502 1518 2503 1550 2503 1588 2503 1591 2504 1599 2504 1600 2504 1591 2505 1600 2505 1601 2505 1601 2506 1602 2506 1592 2506 1601 2507 1592 2507 1591 2507 1596 2508 1593 2508 1592 2508 1596 2509 1592 2509 1602 2509 1599 2510 1591 2510 1590 2510 1599 2511 1590 2511 1603 2511 1604 2512 1605 2512 1521 2512 1604 2513 1521 2513 1520 2513 1605 2514 1606 2514 1522 2514 1605 2515 1522 2515 1521 2515 1522 2516 1606 2516 1607 2516 1522 2517 1607 2517 1523 2517 1523 2518 1607 2518 1309 2518 1523 2519 1309 2519 1307 2519 503 2520 490 2520 394 2520 503 2521 394 2521 392 2521 762 2522 764 2522 1604 2522 762 2523 1604 2523 1520 2523 1532 2524 1608 2524 765 2524 1532 2525 765 2525 763 2525 1609 2526 1610 2526 1534 2526 1609 2527 1534 2527 1533 2527 1536 2528 1535 2528 1611 2528 1536 2529 1611 2529 1612 2529 1610 2530 491 2530 504 2530 1610 2531 504 2531 1534 2531 443 2532 1613 2532 1537 2532 443 2533 1537 2533 444 2533 1613 2534 1611 2534 1535 2534 1613 2535 1535 2535 1537 2535 430 2536 1536 2536 1612 2536 430 2537 1612 2537 397 2537 395 2538 1614 2538 1538 2538 395 2539 1538 2539 393 2539 1614 2540 1609 2540 1533 2540 1614 2541 1533 2541 1538 2541 570 2542 552 2542 551 2542 570 2543 551 2543 571 2543 431 2544 445 2544 458 2544 431 2545 458 2545 429 2545 1615 2546 1616 2546 1617 2546 1615 2547 1617 2547 1548 2547 1615 2548 1548 2548 1547 2548 1618 2549 1619 2549 1620 2549 1618 2550 1620 2550 1550 2550 1618 2551 1550 2551 1549 2551 605 2552 316 2552 291 2552 605 2553 291 2553 606 2553 1617 2554 285 2554 287 2554 1617 2555 287 2555 1548 2555 1567 2556 1559 2556 1556 2556 1621 2557 1622 2557 1623 2557 1621 2558 1623 2558 1624 2558 1621 2559 1624 2559 1625 2559 1555 2560 1554 2560 1577 2560 1555 2561 1577 2561 1626 2561 1555 2562 1626 2562 1627 2562 1555 2563 1627 2563 1628 2563 1628 2564 1627 2564 1629 2564 1630 2565 1631 2565 1632 2565 1630 2566 1632 2566 1633 2566 1630 2567 1633 2567 1634 2567 1630 2568 1634 2568 1635 2568 1630 2569 1635 2569 1636 2569 1630 2570 1636 2570 1637 2570 1630 2571 1637 2571 1638 2571 1630 2572 1638 2572 1639 2572 1630 2573 1639 2573 1640 2573 1630 2574 1640 2574 1641 2574 1642 2575 1643 2575 1644 2575 1642 2576 1644 2576 1645 2576 1561 2577 1562 2577 1563 2577 1563 2578 1562 2578 1566 2578 1563 2579 1566 2579 1575 2579 1575 2580 1566 2580 1572 2580 1575 2581 1572 2581 1574 2581 1646 2582 1647 2582 1565 2582 1565 2583 1647 2583 1579 2583 1565 2584 1579 2584 1566 2584 1566 2585 1579 2585 1569 2585 1566 2586 1569 2586 1572 2586 1642 2587 1645 2587 1576 2587 1576 2588 1645 2588 1648 2588 1576 2589 1648 2589 1649 2589 1649 2590 1648 2590 1650 2590 1649 2591 1650 2591 1651 2591 1651 2592 1650 2592 1652 2592 1651 2593 1652 2593 1565 2593 1565 2594 1652 2594 1646 2594 1575 2595 1574 2595 1582 2595 1575 2596 1582 2596 1642 2596 1575 2597 1642 2597 1576 2597 1653 2598 1654 2598 1655 2598 1653 2599 1655 2599 1649 2599 1653 2600 1649 2600 1651 2600 1577 2601 1576 2601 1649 2601 1577 2602 1649 2602 1626 2602 1585 2603 1644 2603 1643 2603 1645 2604 1644 2604 1656 2604 1645 2605 1656 2605 1648 2605 1626 2606 1649 2606 1655 2606 1626 2607 1655 2607 1627 2607 1656 2608 1644 2608 1585 2608 1650 2609 1648 2609 1656 2609 1650 2610 1656 2610 1657 2610 1655 2611 1654 2611 1658 2611 1655 2612 1658 2612 1629 2612 1655 2613 1629 2613 1627 2613 1657 2614 1656 2614 1585 2614 1650 2615 1657 2615 1659 2615 1650 2616 1659 2616 1652 2616 1654 2617 1653 2617 1623 2617 1654 2618 1623 2618 1622 2618 1654 2619 1622 2619 1658 2619 1659 2620 1657 2620 1585 2620 1659 2621 1660 2621 1646 2621 1659 2622 1646 2622 1652 2622 1653 2623 1651 2623 1624 2623 1653 2624 1624 2624 1623 2624 1298 2625 1621 2625 1625 2625 1298 2626 1625 2626 1568 2626 1298 2627 1568 2627 1556 2627 1298 2628 1556 2628 1299 2628 1556 2629 1568 2629 1567 2629 1659 2630 1585 2630 1660 2630 1660 2631 1661 2631 1647 2631 1660 2632 1647 2632 1646 2632 1651 2633 1565 2633 1568 2633 1651 2634 1568 2634 1625 2634 1651 2635 1625 2635 1624 2635 1661 2636 1660 2636 1585 2636 1661 2637 1580 2637 1579 2637 1661 2638 1579 2638 1647 2638 1661 2639 1585 2639 1580 2639 1582 2640 1581 2640 1643 2640 1582 2641 1643 2641 1642 2641 1581 2642 1585 2642 1643 2642 1662 2643 1560 2643 1555 2643 1662 2644 1555 2644 1628 2644 1633 2645 1663 2645 1664 2645 1633 2646 1664 2646 1634 2646 1663 2647 1633 2647 1632 2647 1663 2648 1632 2648 1665 2648 1666 2649 1615 2649 1547 2649 1666 2650 1547 2650 1586 2650 1666 2651 1667 2651 1668 2651 1666 2652 1668 2652 1616 2652 1666 2653 1616 2653 1615 2653 1669 2654 1666 2654 1586 2654 1669 2655 1586 2655 1587 2655 1667 2656 1666 2656 1669 2656 1667 2657 1669 2657 1670 2657 1588 2658 1671 2658 1669 2658 1588 2659 1669 2659 1587 2659 1670 2660 1669 2660 1671 2660 1670 2661 1671 2661 1672 2661 1673 2662 1674 2662 1675 2662 1675 2663 1674 2663 1676 2663 1675 2664 1676 2664 1677 2664 1677 2665 1676 2665 1678 2665 1677 2666 1678 2666 1679 2666 1679 2667 1678 2667 1680 2667 1679 2668 1680 2668 1681 2668 1681 2669 1680 2669 1665 2669 1603 2670 1664 2670 1682 2670 1682 2671 1664 2671 1663 2671 1682 2672 1663 2672 1683 2672 1683 2673 1663 2673 1665 2673 1683 2674 1665 2674 1680 2674 1684 2675 1685 2675 1598 2675 1684 2676 1598 2676 1673 2676 1684 2677 1673 2677 1675 2677 1664 2678 1590 2678 1686 2678 1686 2679 1590 2679 1589 2679 1686 2680 1589 2680 1687 2680 1687 2681 1589 2681 1594 2681 1687 2682 1594 2682 1688 2682 1688 2683 1594 2683 1598 2683 1688 2684 1598 2684 1685 2684 1590 2685 1664 2685 1603 2685 1688 2686 1637 2686 1636 2686 1688 2687 1636 2687 1687 2687 1635 2688 1686 2688 1687 2688 1635 2689 1687 2689 1636 2689 1686 2690 1635 2690 1634 2690 1686 2691 1634 2691 1664 2691 1689 2692 1690 2692 1595 2692 1689 2693 1595 2693 1597 2693 1691 2694 1692 2694 1690 2694 1691 2695 1690 2695 1689 2695 1673 2696 1598 2696 1595 2696 1673 2697 1595 2697 1690 2697 1674 2698 1673 2698 1690 2698 1674 2699 1690 2699 1692 2699 1639 2700 1684 2700 1675 2700 1639 2701 1675 2701 1640 2701 1684 2702 1639 2702 1638 2702 1684 2703 1638 2703 1685 2703 1637 2704 1688 2704 1685 2704 1637 2705 1685 2705 1638 2705 1693 2706 1692 2706 1691 2706 1693 2707 1691 2707 1694 2707 1692 2708 1693 2708 1676 2708 1692 2709 1676 2709 1674 2709 1695 2710 1678 2710 1676 2710 1695 2711 1676 2711 1693 2711 1678 2712 1695 2712 1696 2712 1678 2713 1696 2713 1680 2713 1677 2714 1641 2714 1640 2714 1677 2715 1640 2715 1675 2715 1641 2716 1677 2716 1679 2716 1641 2717 1679 2717 1630 2717 1630 2718 1679 2718 1681 2718 1630 2719 1681 2719 1631 2719 1681 2720 1665 2720 1632 2720 1681 2721 1632 2721 1631 2721 1550 2722 1620 2722 1671 2722 1550 2723 1671 2723 1588 2723 1672 2724 1671 2724 1620 2724 1672 2725 1620 2725 1619 2725 1672 2726 1619 2726 1697 2726 1698 2727 1695 2727 1693 2727 1698 2728 1693 2728 1694 2728 1699 2729 1696 2729 1695 2729 1699 2730 1695 2730 1698 2730 1700 2731 1701 2731 1696 2731 1700 2732 1696 2732 1699 2732 1702 2733 1703 2733 1701 2733 1702 2734 1701 2734 1700 2734 1600 2735 1599 2735 1703 2735 1600 2736 1703 2736 1702 2736 1683 2737 1680 2737 1696 2737 1683 2738 1696 2738 1701 2738 1683 2739 1701 2739 1703 2739 1683 2740 1703 2740 1682 2740 1603 2741 1682 2741 1703 2741 1603 2742 1703 2742 1599 2742 1704 2743 1705 2743 1605 2743 1704 2744 1605 2744 1604 2744 1706 2745 1606 2745 1605 2745 1706 2746 1605 2746 1705 2746 1606 2747 1706 2747 1707 2747 1606 2748 1707 2748 1607 2748 1607 2749 1707 2749 1300 2749 1607 2750 1300 2750 1309 2750 394 2751 490 2751 489 2751 394 2752 489 2752 355 2752 764 2753 766 2753 1704 2753 764 2754 1704 2754 1604 2754 1708 2755 731 2755 765 2755 1708 2756 765 2756 1608 2756 1609 2757 1709 2757 1710 2757 1609 2758 1710 2758 1610 2758 1611 2759 1711 2759 1712 2759 1611 2760 1712 2760 1612 2760 1610 2761 1710 2761 492 2761 1610 2762 492 2762 491 2762 443 2763 448 2763 1713 2763 443 2764 1713 2764 1613 2764 1613 2765 1713 2765 1711 2765 1613 2766 1711 2766 1611 2766 1712 2767 398 2767 397 2767 1712 2768 397 2768 1612 2768 395 2769 354 2769 1714 2769 395 2770 1714 2770 1614 2770 1714 2771 1709 2771 1609 2771 1714 2772 1609 2772 1614 2772 571 2773 551 2773 550 2773 571 2774 550 2774 572 2774 399 2775 446 2775 445 2775 399 2776 445 2776 431 2776 1715 2777 1716 2777 1717 2777 1717 2778 1716 2778 1718 2778 1717 2779 1718 2779 1618 2779 1618 2780 1718 2780 1697 2780 1618 2781 1697 2781 1619 2781 1717 2782 1719 2782 1715 2782 1715 2783 1719 2783 1617 2783 1715 2784 1617 2784 1668 2784 1668 2785 1617 2785 1616 2785 606 2786 291 2786 290 2786 606 2787 290 2787 607 2787 283 2788 285 2788 1617 2788 283 2789 1617 2789 1719 2789 1621 2790 1720 2790 1721 2790 1621 2791 1721 2791 1722 2791 1621 2792 1722 2792 1723 2792 1621 2793 1723 2793 1658 2793 1621 2794 1658 2794 1622 2794 1628 2795 1629 2795 1658 2795 1628 2796 1658 2796 1723 2796 1628 2797 1723 2797 1724 2797 1628 2798 1724 2798 1725 2798 1628 2799 1725 2799 1726 2799 1628 2800 1726 2800 1727 2800 1728 2801 1729 2801 1730 2801 1728 2802 1730 2802 1731 2802 1728 2803 1731 2803 1732 2803 1728 2804 1732 2804 1733 2804 1728 2805 1733 2805 1734 2805 1728 2806 1734 2806 1735 2806 1728 2807 1735 2807 1736 2807 1728 2808 1736 2808 1737 2808 1728 2809 1737 2809 1738 2809 1728 2810 1738 2810 1739 2810 1740 2811 1741 2811 1742 2811 1740 2812 1742 2812 1743 2812 1723 2813 1744 2813 1745 2813 1723 2814 1745 2814 1724 2814 1746 2815 1742 2815 1741 2815 1743 2816 1742 2816 1747 2816 1743 2817 1747 2817 1748 2817 1745 2818 1749 2818 1725 2818 1745 2819 1725 2819 1724 2819 1742 2820 1746 2820 1747 2820 1748 2821 1747 2821 1750 2821 1748 2822 1750 2822 1751 2822 1725 2823 1749 2823 1752 2823 1725 2824 1752 2824 1726 2824 1747 2825 1746 2825 1750 2825 1753 2826 1754 2826 1755 2826 1753 2827 1755 2827 1756 2827 1757 2828 1758 2828 1721 2828 1757 2829 1721 2829 1720 2829 1757 2830 1720 2830 1759 2830 1755 2831 1754 2831 1746 2831 1756 2832 1755 2832 1760 2832 1756 2833 1760 2833 1761 2833 1720 2834 1621 2834 1298 2834 1720 2835 1298 2835 1303 2835 1720 2836 1303 2836 1759 2836 1721 2837 1758 2837 1762 2837 1721 2838 1762 2838 1722 2838 1755 2839 1746 2839 1760 2839 1761 2840 1760 2840 1741 2840 1761 2841 1741 2841 1740 2841 1722 2842 1762 2842 1744 2842 1722 2843 1744 2843 1723 2843 1760 2844 1746 2844 1741 2844 1763 2845 1732 2845 1731 2845 1763 2846 1731 2846 1764 2846 1628 2847 1727 2847 1765 2847 1628 2848 1765 2848 1662 2848 1764 2849 1731 2849 1730 2849 1764 2850 1730 2850 1766 2850 1766 2851 1730 2851 1729 2851 1766 2852 1729 2852 1767 2852 1768 2853 1733 2853 1732 2853 1768 2854 1732 2854 1763 2854 1728 2855 1769 2855 1767 2855 1728 2856 1767 2856 1729 2856 1733 2857 1768 2857 1770 2857 1733 2858 1770 2858 1734 2858 1715 2859 1668 2859 1667 2859 1715 2860 1667 2860 1670 2860 1715 2861 1670 2861 1716 2861 1718 2862 1716 2862 1670 2862 1718 2863 1670 2863 1672 2863 1771 2864 1772 2864 1773 2864 1771 2865 1773 2865 1774 2865 1775 2866 1771 2866 1774 2866 1775 2867 1774 2867 1776 2867 1697 2868 1718 2868 1672 2868 1771 2869 1775 2869 1770 2869 1770 2870 1775 2870 1777 2870 1770 2871 1777 2871 1778 2871 1778 2872 1777 2872 1779 2872 1778 2873 1779 2873 1780 2873 1780 2874 1779 2874 1781 2874 1780 2875 1781 2875 1782 2875 1782 2876 1781 2876 1783 2876 1784 2877 1769 2877 1785 2877 1785 2878 1769 2878 1786 2878 1785 2879 1786 2879 1787 2879 1787 2880 1786 2880 1783 2880 1787 2881 1783 2881 1781 2881 1768 2882 1763 2882 1772 2882 1768 2883 1772 2883 1771 2883 1768 2884 1771 2884 1770 2884 1769 2885 1788 2885 1767 2885 1767 2886 1788 2886 1789 2886 1767 2887 1789 2887 1766 2887 1766 2888 1789 2888 1790 2888 1766 2889 1790 2889 1764 2889 1764 2890 1790 2890 1772 2890 1764 2891 1772 2891 1763 2891 1788 2892 1769 2892 1784 2892 1791 2893 1792 2893 1793 2893 1791 2894 1793 2894 1794 2894 1795 2895 1796 2895 1792 2895 1795 2896 1792 2896 1791 2896 1797 2897 1798 2897 1796 2897 1797 2898 1796 2898 1795 2898 1788 2899 1784 2899 1793 2899 1788 2900 1793 2900 1792 2900 1789 2901 1788 2901 1792 2901 1789 2902 1792 2902 1796 2902 1790 2903 1789 2903 1796 2903 1790 2904 1796 2904 1798 2904 1799 2905 1773 2905 1798 2905 1799 2906 1798 2906 1797 2906 1800 2907 1774 2907 1773 2907 1800 2908 1773 2908 1799 2908 1801 2909 1776 2909 1774 2909 1801 2910 1774 2910 1800 2910 1790 2911 1798 2911 1773 2911 1790 2912 1773 2912 1772 2912 1802 2913 1803 2913 1705 2913 1802 2914 1705 2914 1704 2914 1705 2915 1803 2915 1804 2915 1705 2916 1804 2916 1706 2916 1706 2917 1804 2917 1805 2917 1706 2918 1805 2918 1707 2918 1805 2919 1301 2919 1300 2919 1805 2920 1300 2920 1707 2920 355 2921 489 2921 494 2921 355 2922 494 2922 356 2922 766 2923 733 2923 1802 2923 766 2924 1802 2924 1704 2924 1806 2925 732 2925 731 2925 1806 2926 731 2926 1708 2926 1709 2927 1807 2927 1808 2927 1709 2928 1808 2928 1710 2928 1711 2929 1809 2929 1810 2929 1711 2930 1810 2930 1712 2930 1710 2931 1808 2931 524 2931 1710 2932 524 2932 492 2932 448 2933 447 2933 1811 2933 448 2934 1811 2934 1713 2934 1713 2935 1811 2935 1809 2935 1713 2936 1809 2936 1711 2936 1810 2937 400 2937 398 2937 1810 2938 398 2938 1712 2938 353 2939 1812 2939 1714 2939 353 2940 1714 2940 354 2940 1714 2941 1812 2941 1807 2941 1714 2942 1807 2942 1709 2942 572 2943 550 2943 549 2943 572 2944 549 2944 573 2944 401 2945 488 2945 446 2945 401 2946 446 2946 399 2946 1719 2947 1717 2947 1813 2947 1719 2948 1813 2948 1814 2948 607 2949 290 2949 296 2949 607 2950 296 2950 608 2950 1719 2951 1814 2951 284 2951 1719 2952 284 2952 283 2952 1815 2953 1816 2953 1727 2953 1815 2954 1727 2954 1817 2954 1815 2955 1817 2955 1818 2955 1815 2956 1818 2956 1819 2956 1815 2957 1819 2957 1820 2957 1815 2958 1820 2958 1821 2958 1815 2959 1821 2959 1822 2959 1823 2960 1817 2960 1727 2960 1823 2961 1727 2961 1726 2961 1727 2962 1816 2962 1824 2962 1821 2963 1820 2963 1825 2963 1826 2964 1827 2964 1828 2964 1826 2965 1828 2965 1829 2965 1744 2966 1762 2966 1745 2966 1745 2967 1762 2967 1758 2967 1745 2968 1758 2968 1749 2968 1749 2969 1758 2969 1740 2969 1749 2970 1740 2970 1743 2970 1758 2971 1757 2971 1753 2971 1758 2972 1753 2972 1756 2972 1758 2973 1756 2973 1761 2973 1758 2974 1761 2974 1740 2974 1751 2975 1830 2975 1752 2975 1752 2976 1830 2976 1831 2976 1752 2977 1831 2977 1832 2977 1832 2978 1831 2978 1826 2978 1832 2979 1826 2979 1833 2979 1833 2980 1826 2980 1829 2980 1833 2981 1829 2981 1757 2981 1757 2982 1829 2982 1834 2982 1757 2983 1834 2983 1753 2983 1748 2984 1751 2984 1752 2984 1748 2985 1752 2985 1749 2985 1748 2986 1749 2986 1743 2986 1835 2987 1836 2987 1837 2987 1835 2988 1837 2988 1832 2988 1835 2989 1832 2989 1833 2989 1818 2990 1836 2990 1835 2990 1818 2991 1835 2991 1819 2991 1828 2992 1827 2992 1746 2992 1829 2993 1828 2993 1838 2993 1829 2994 1838 2994 1834 2994 1821 2995 1825 2995 1759 2995 1821 2996 1759 2996 1303 2996 1821 2997 1303 2997 1302 2997 1819 2998 1835 2998 1833 2998 1819 2999 1833 2999 1820 2999 1838 3000 1828 3000 1746 3000 1834 3001 1838 3001 1754 3001 1834 3002 1754 3002 1753 3002 1820 3003 1833 3003 1757 3003 1820 3004 1757 3004 1759 3004 1820 3005 1759 3005 1825 3005 1754 3006 1838 3006 1746 3006 1839 3007 1840 3007 1815 3007 1839 3008 1815 3008 1822 3008 1839 3009 1822 3009 1841 3009 1751 3010 1750 3010 1842 3010 1751 3011 1842 3011 1830 3011 1726 3012 1752 3012 1832 3012 1726 3013 1832 3013 1823 3013 1746 3014 1842 3014 1750 3014 1830 3015 1842 3015 1843 3015 1830 3016 1843 3016 1831 3016 1823 3017 1832 3017 1837 3017 1823 3018 1837 3018 1817 3018 1746 3019 1843 3019 1842 3019 1831 3020 1843 3020 1827 3020 1831 3021 1827 3021 1826 3021 1837 3022 1836 3022 1818 3022 1837 3023 1818 3023 1817 3023 1827 3024 1843 3024 1746 3024 1840 3025 1844 3025 1845 3025 1840 3026 1845 3026 1816 3026 1840 3027 1816 3027 1815 3027 1769 3028 1728 3028 1739 3028 1769 3029 1739 3029 1786 3029 1738 3030 1783 3030 1786 3030 1738 3031 1786 3031 1739 3031 1737 3032 1782 3032 1783 3032 1737 3033 1783 3033 1738 3033 1736 3034 1780 3034 1782 3034 1736 3035 1782 3035 1737 3035 1735 3036 1778 3036 1780 3036 1735 3037 1780 3037 1736 3037 1727 3038 1824 3038 1846 3038 1727 3039 1846 3039 1765 3039 1778 3040 1735 3040 1734 3040 1778 3041 1734 3041 1770 3041 1847 3042 1848 3042 1849 3042 1847 3043 1849 3043 1850 3043 1851 3044 1852 3044 1848 3044 1851 3045 1848 3045 1847 3045 1794 3046 1793 3046 1852 3046 1794 3047 1852 3047 1851 3047 1787 3048 1781 3048 1849 3048 1787 3049 1849 3049 1848 3049 1787 3050 1848 3050 1852 3050 1787 3051 1852 3051 1785 3051 1785 3052 1852 3052 1793 3052 1785 3053 1793 3053 1784 3053 1853 3054 1854 3054 1776 3054 1853 3055 1776 3055 1801 3055 1855 3056 1856 3056 1854 3056 1855 3057 1854 3057 1853 3057 1850 3058 1849 3058 1856 3058 1850 3059 1856 3059 1855 3059 1777 3060 1775 3060 1776 3060 1777 3061 1776 3061 1854 3061 1854 3062 1856 3062 1779 3062 1854 3063 1779 3063 1777 3063 1781 3064 1779 3064 1856 3064 1781 3065 1856 3065 1849 3065 1803 3066 1802 3066 1857 3066 1803 3067 1857 3067 1858 3067 1858 3068 1859 3068 1804 3068 1858 3069 1804 3069 1803 3069 1859 3070 1860 3070 1805 3070 1859 3071 1805 3071 1804 3071 1860 3072 1315 3072 1301 3072 1860 3073 1301 3073 1805 3073 494 3074 493 3074 351 3074 494 3075 351 3075 356 3075 735 3076 1857 3076 1802 3076 735 3077 1802 3077 733 3077 1861 3078 734 3078 732 3078 1861 3079 732 3079 1806 3079 1807 3080 1862 3080 1863 3080 1807 3081 1863 3081 1808 3081 1809 3082 1864 3082 1865 3082 1809 3083 1865 3083 1810 3083 1808 3084 1863 3084 522 3084 1808 3085 522 3085 524 3085 447 3086 487 3086 1866 3086 447 3087 1866 3087 1811 3087 1811 3088 1866 3088 1864 3088 1811 3089 1864 3089 1809 3089 400 3090 1810 3090 1865 3090 400 3091 1865 3091 402 3091 366 3092 1867 3092 1812 3092 366 3093 1812 3093 353 3093 1867 3094 1862 3094 1807 3094 1867 3095 1807 3095 1812 3095 573 3096 549 3096 548 3096 573 3097 548 3097 574 3097 403 3098 486 3098 488 3098 403 3099 488 3099 401 3099 1868 3100 1869 3100 1814 3100 1868 3101 1814 3101 1813 3101 608 3102 296 3102 295 3102 608 3103 295 3103 609 3103 1814 3104 1869 3104 286 3104 1814 3105 286 3105 284 3105 1824 3106 1816 3106 1845 3106 1824 3107 1845 3107 1870 3107 1824 3108 1870 3108 1871 3108 1824 3109 1871 3109 1872 3109 1824 3110 1872 3110 1873 3110 1821 3111 1874 3111 1875 3111 1821 3112 1875 3112 1841 3112 1821 3113 1841 3113 1822 3113 1876 3114 1877 3114 1878 3114 1879 3115 1880 3115 1881 3115 1879 3116 1881 3116 1882 3116 1879 3117 1882 3117 1883 3117 1879 3118 1883 3118 1884 3118 1879 3119 1884 3119 1885 3119 1879 3120 1885 3120 1886 3120 1879 3121 1886 3121 1887 3121 1879 3122 1887 3122 1888 3122 1879 3123 1888 3123 1889 3123 1879 3124 1889 3124 1890 3124 1891 3125 1892 3125 1893 3125 1891 3126 1893 3126 1894 3126 1840 3127 1839 3127 1844 3127 1844 3128 1839 3128 1895 3128 1844 3129 1895 3129 1896 3129 1896 3130 1895 3130 1897 3130 1896 3131 1897 3131 1898 3131 1899 3132 1900 3132 1901 3132 1901 3133 1900 3133 1902 3133 1901 3134 1902 3134 1895 3134 1895 3135 1902 3135 1903 3135 1895 3136 1903 3136 1897 3136 1894 3137 1893 3137 1904 3137 1904 3138 1893 3138 1905 3138 1904 3139 1905 3139 1906 3139 1906 3140 1905 3140 1907 3140 1906 3141 1907 3141 1908 3141 1908 3142 1907 3142 1909 3142 1908 3143 1909 3143 1901 3143 1901 3144 1909 3144 1899 3144 1896 3145 1898 3145 1910 3145 1896 3146 1910 3146 1894 3146 1896 3147 1894 3147 1904 3147 1911 3148 1912 3148 1913 3148 1911 3149 1913 3149 1906 3149 1911 3150 1906 3150 1908 3150 1904 3151 1906 3151 1914 3151 1904 3152 1914 3152 1872 3152 1904 3153 1872 3153 1871 3153 1915 3154 1892 3154 1891 3154 1916 3155 1905 3155 1893 3155 1916 3156 1893 3156 1892 3156 1916 3157 1892 3157 1915 3157 1915 3158 1917 3158 1916 3158 1917 3159 1915 3159 1918 3159 1909 3160 1918 3160 1919 3160 1909 3161 1919 3161 1899 3161 1919 3162 1918 3162 1915 3162 1899 3163 1919 3163 1920 3163 1899 3164 1920 3164 1900 3164 1908 3165 1901 3165 1921 3165 1908 3166 1921 3166 1878 3166 1908 3167 1878 3167 1877 3167 1908 3168 1877 3168 1922 3168 1302 3169 1314 3169 1876 3169 1302 3170 1876 3170 1921 3170 1302 3171 1921 3171 1874 3171 1302 3172 1874 3172 1821 3172 1921 3173 1876 3173 1878 3173 1920 3174 1919 3174 1915 3174 1900 3175 1920 3175 1923 3175 1900 3176 1923 3176 1902 3176 1901 3177 1895 3177 1875 3177 1901 3178 1875 3178 1874 3178 1901 3179 1874 3179 1921 3179 1923 3180 1920 3180 1915 3180 1902 3181 1923 3181 1924 3181 1902 3182 1924 3182 1903 3182 1875 3183 1895 3183 1839 3183 1875 3184 1839 3184 1841 3184 1923 3185 1915 3185 1924 3185 1925 3186 1897 3186 1903 3186 1925 3187 1903 3187 1924 3187 1915 3188 1925 3188 1924 3188 1926 3189 1898 3189 1897 3189 1926 3190 1897 3190 1925 3190 1915 3191 1926 3191 1925 3191 1926 3192 1927 3192 1910 3192 1926 3193 1910 3193 1898 3193 1844 3194 1896 3194 1870 3194 1844 3195 1870 3195 1845 3195 1915 3196 1927 3196 1926 3196 1927 3197 1891 3197 1894 3197 1927 3198 1894 3198 1910 3198 1896 3199 1904 3199 1871 3199 1896 3200 1871 3200 1870 3200 1915 3201 1891 3201 1927 3201 1889 3202 1928 3202 1929 3202 1889 3203 1929 3203 1890 3203 1930 3204 1846 3204 1824 3204 1930 3205 1824 3205 1873 3205 1928 3206 1889 3206 1888 3206 1928 3207 1888 3207 1931 3207 1887 3208 1932 3208 1931 3208 1887 3209 1931 3209 1888 3209 1933 3210 1879 3210 1890 3210 1933 3211 1890 3211 1929 3211 1932 3212 1887 3212 1886 3212 1932 3213 1886 3213 1934 3213 1934 3214 1886 3214 1885 3214 1934 3215 1885 3215 1935 3215 1935 3216 1885 3216 1884 3216 1935 3217 1884 3217 1936 3217 1883 3218 1937 3218 1936 3218 1883 3219 1936 3219 1884 3219 1937 3220 1883 3220 1882 3220 1937 3221 1882 3221 1938 3221 1879 3222 1933 3222 1939 3222 1879 3223 1939 3223 1880 3223 1881 3224 1940 3224 1938 3224 1881 3225 1938 3225 1882 3225 1880 3226 1939 3226 1940 3226 1880 3227 1940 3227 1881 3227 1941 3228 1942 3228 1928 3228 1928 3229 1942 3229 1943 3229 1928 3230 1943 3230 1929 3230 1929 3231 1943 3231 1944 3231 1929 3232 1944 3232 1933 3232 1933 3233 1944 3233 1945 3233 1933 3234 1945 3234 1939 3234 1939 3235 1945 3235 1940 3235 1946 3236 1937 3236 1947 3236 1947 3237 1937 3237 1938 3237 1947 3238 1938 3238 1948 3238 1948 3239 1938 3239 1940 3239 1948 3240 1940 3240 1945 3240 1931 3241 1932 3241 1949 3241 1931 3242 1949 3242 1941 3242 1931 3243 1941 3243 1928 3243 1937 3244 1950 3244 1936 3244 1936 3245 1950 3245 1951 3245 1936 3246 1951 3246 1935 3246 1935 3247 1951 3247 1952 3247 1935 3248 1952 3248 1934 3248 1934 3249 1952 3249 1949 3249 1934 3250 1949 3250 1932 3250 1950 3251 1937 3251 1946 3251 1953 3252 1954 3252 1955 3252 1953 3253 1955 3253 1956 3253 1957 3254 1958 3254 1954 3254 1957 3255 1954 3255 1953 3255 1959 3256 1960 3256 1958 3256 1959 3257 1958 3257 1957 3257 1950 3258 1946 3258 1955 3258 1950 3259 1955 3259 1954 3259 1951 3260 1950 3260 1954 3260 1951 3261 1954 3261 1958 3261 1952 3262 1951 3262 1958 3262 1952 3263 1958 3263 1960 3263 1961 3264 1962 3264 1960 3264 1961 3265 1960 3265 1959 3265 1963 3266 1964 3266 1962 3266 1963 3267 1962 3267 1961 3267 1965 3268 1966 3268 1964 3268 1965 3269 1964 3269 1963 3269 1949 3270 1952 3270 1960 3270 1949 3271 1960 3271 1962 3271 1941 3272 1949 3272 1962 3272 1941 3273 1962 3273 1964 3273 1942 3274 1941 3274 1964 3274 1942 3275 1964 3275 1966 3275 1967 3276 1968 3276 1966 3276 1967 3277 1966 3277 1965 3277 1969 3278 1970 3278 1968 3278 1969 3279 1968 3279 1967 3279 1969 3280 1971 3280 1972 3280 1969 3281 1972 3281 1970 3281 1966 3282 1968 3282 1943 3282 1966 3283 1943 3283 1942 3283 1944 3284 1943 3284 1968 3284 1944 3285 1968 3285 1970 3285 1970 3286 1972 3286 1945 3286 1970 3287 1945 3287 1944 3287 1955 3288 1973 3288 1974 3288 1955 3289 1974 3289 1956 3289 1948 3290 1945 3290 1972 3290 1948 3291 1972 3291 1975 3291 1973 3292 1947 3292 1948 3292 1973 3293 1948 3293 1975 3293 1947 3294 1973 3294 1955 3294 1947 3295 1955 3295 1946 3295 1858 3296 1857 3296 1976 3296 1858 3297 1976 3297 1977 3297 1978 3298 1859 3298 1858 3298 1978 3299 1858 3299 1977 3299 1978 3300 1979 3300 1860 3300 1978 3301 1860 3301 1859 3301 1979 3302 1313 3302 1315 3302 1979 3303 1315 3303 1860 3303 351 3304 493 3304 523 3304 351 3305 523 3305 352 3305 737 3306 1976 3306 1857 3306 737 3307 1857 3307 735 3307 1980 3308 736 3308 734 3308 1980 3309 734 3309 1861 3309 1862 3310 1981 3310 1982 3310 1862 3311 1982 3311 1863 3311 1865 3312 1864 3312 1983 3312 1865 3313 1983 3313 1984 3313 1863 3314 1982 3314 520 3314 1863 3315 520 3315 522 3315 487 3316 485 3316 1985 3316 487 3317 1985 3317 1866 3317 1866 3318 1985 3318 1983 3318 1866 3319 1983 3319 1864 3319 402 3320 1865 3320 1984 3320 402 3321 1984 3321 404 3321 364 3322 1986 3322 1867 3322 364 3323 1867 3323 366 3323 1986 3324 1981 3324 1862 3324 1986 3325 1862 3325 1867 3325 1987 3326 1988 3326 1989 3326 1987 3327 1989 3327 1990 3327 1991 3328 1992 3328 1987 3328 1991 3329 1987 3329 1990 3329 1992 3330 1991 3330 1993 3330 1992 3331 1993 3331 1994 3331 1993 3332 1995 3332 1996 3332 1993 3333 1996 3333 1994 3333 1996 3334 1995 3334 1997 3334 1996 3335 1997 3335 1998 3335 1999 3336 2000 3336 1998 3336 1999 3337 1998 3337 1997 3337 2001 3338 2000 3338 1999 3338 2001 3339 1999 3339 2002 3339 2003 3340 2004 3340 2005 3340 2003 3341 2005 3341 2006 3341 2003 3342 2006 3342 2007 3342 2003 3343 2007 3343 2008 3343 2003 3344 2008 3344 2009 3344 2003 3345 2009 3345 2010 3345 2003 3346 2010 3346 2011 3346 2003 3347 2011 3347 2012 3347 2003 3348 2012 3348 2013 3348 2003 3349 2013 3349 2014 3349 1988 3350 1987 3350 2010 3350 1988 3351 2010 3351 2009 3351 2010 3352 1987 3352 1992 3352 2010 3353 1992 3353 2011 3353 2011 3354 1992 3354 1994 3354 2011 3355 1994 3355 2012 3355 2013 3356 2012 3356 1994 3356 2013 3357 1994 3357 1996 3357 1996 3358 1998 3358 2014 3358 1996 3359 2014 3359 2013 3359 1998 3360 2000 3360 2003 3360 1998 3361 2003 3361 2014 3361 2000 3362 2001 3362 2004 3362 2000 3363 2004 3363 2003 3363 574 3364 548 3364 547 3364 574 3365 547 3365 575 3365 405 3366 484 3366 486 3366 405 3367 486 3367 403 3367 2015 3368 2016 3368 1869 3368 2015 3369 1869 3369 1868 3369 609 3370 295 3370 293 3370 609 3371 293 3371 610 3371 1869 3372 2016 3372 288 3372 1869 3373 288 3373 286 3373 1914 3374 2017 3374 1873 3374 1873 3375 2017 3375 2018 3375 1873 3376 2018 3376 2019 3376 2019 3377 2018 3377 2020 3377 2019 3378 2020 3378 1876 3378 1876 3379 2020 3379 1922 3379 1876 3380 1922 3380 1877 3380 1873 3381 2019 3381 2021 3381 1914 3382 1873 3382 1872 3382 2022 3383 2023 3383 2024 3383 2022 3384 2024 3384 2025 3384 2026 3385 2027 3385 2028 3385 2026 3386 2028 3386 2029 3386 2030 3387 2031 3387 2032 3387 2030 3388 2032 3388 2033 3388 2034 3389 2035 3389 2036 3389 2034 3390 2036 3390 2037 3390 2023 3391 2022 3391 2038 3391 2023 3392 2038 3392 2039 3392 1905 3393 1916 3393 1917 3393 1905 3394 1917 3394 1907 3394 1918 3395 1909 3395 1907 3395 1918 3396 1907 3396 1917 3396 2040 3397 2041 3397 2028 3397 2040 3398 2028 3398 2027 3398 2030 3399 2033 3399 2042 3399 2030 3400 2042 3400 2043 3400 2044 3401 2045 3401 2034 3401 2044 3402 2034 3402 2037 3402 2046 3403 2047 3403 2048 3403 2046 3404 2048 3404 2049 3404 2039 3405 2038 3405 2050 3405 2039 3406 2050 3406 2051 3406 2052 3407 2053 3407 2041 3407 2052 3408 2041 3408 2040 3408 2054 3409 2043 3409 2042 3409 2054 3410 2042 3410 2055 3410 2056 3411 2057 3411 2045 3411 2056 3412 2045 3412 2044 3412 2058 3413 2059 3413 2051 3413 2058 3414 2051 3414 2050 3414 2053 3415 2052 3415 2060 3415 2053 3416 2060 3416 2061 3416 2055 3417 2062 3417 2063 3417 2055 3418 2063 3418 2054 3418 2064 3419 2065 3419 2057 3419 2064 3420 2057 3420 2056 3420 2066 3421 2046 3421 2049 3421 2066 3422 2049 3422 2067 3422 2059 3423 2058 3423 2068 3423 2059 3424 2068 3424 2069 3424 1906 3425 1913 3425 2017 3425 1906 3426 2017 3426 1914 3426 1912 3427 2018 3427 2017 3427 1912 3428 2017 3428 1913 3428 2018 3429 1912 3429 1911 3429 2018 3430 1911 3430 2020 3430 1314 3431 1312 3431 2019 3431 1314 3432 2019 3432 1876 3432 2020 3433 1911 3433 1908 3433 2020 3434 1908 3434 1922 3434 2070 3435 2071 3435 2061 3435 2070 3436 2061 3436 2060 3436 2072 3437 2063 3437 2062 3437 2072 3438 2062 3438 2073 3438 1873 3439 2021 3439 2074 3439 1873 3440 2074 3440 1930 3440 2075 3441 2076 3441 2065 3441 2075 3442 2065 3442 2064 3442 2077 3443 2078 3443 2069 3443 2077 3444 2069 3444 2068 3444 2079 3445 2080 3445 2071 3445 2079 3446 2071 3446 2070 3446 2072 3447 2073 3447 2081 3447 2072 3448 2081 3448 2082 3448 2083 3449 2084 3449 2076 3449 2083 3450 2076 3450 2075 3450 2085 3451 2066 3451 2067 3451 2085 3452 2067 3452 2086 3452 2078 3453 2077 3453 2087 3453 2078 3454 2087 3454 2088 3454 2080 3455 2079 3455 2089 3455 2080 3456 2089 3456 2090 3456 2091 3457 2082 3457 2081 3457 2091 3458 2081 3458 2092 3458 2083 3459 2093 3459 2094 3459 2083 3460 2094 3460 2084 3460 2095 3461 1975 3461 1972 3461 2095 3462 1972 3462 1971 3462 2095 3463 1974 3463 1973 3463 2095 3464 1973 3464 1975 3464 2096 3465 2097 3465 1977 3465 2096 3466 1977 3466 1976 3466 2097 3467 2098 3467 1978 3467 2097 3468 1978 3468 1977 3468 2098 3469 2099 3469 1979 3469 2098 3470 1979 3470 1978 3470 2099 3471 1311 3471 1313 3471 2099 3472 1313 3472 1979 3472 352 3473 523 3473 521 3473 352 3474 521 3474 365 3474 739 3475 2096 3475 1976 3475 739 3476 1976 3476 737 3476 738 3477 736 3477 1980 3477 738 3478 1980 3478 2100 3478 2101 3479 2102 3479 1982 3479 2101 3480 1982 3480 1981 3480 1984 3481 1983 3481 2103 3481 1984 3482 2103 3482 2104 3482 2102 3483 518 3483 520 3483 2102 3484 520 3484 1982 3484 485 3485 483 3485 2105 3485 485 3486 2105 3486 1985 3486 2105 3487 2103 3487 1983 3487 2105 3488 1983 3488 1985 3488 404 3489 1984 3489 2104 3489 404 3490 2104 3490 406 3490 2106 3491 1986 3491 364 3491 2106 3492 364 3492 362 3492 2106 3493 2101 3493 1981 3493 2106 3494 1981 3494 1986 3494 2107 3495 2108 3495 2109 3495 2107 3496 2109 3496 2110 3496 2109 3497 2111 3497 2112 3497 2109 3498 2112 3498 2110 3498 2112 3499 2111 3499 2113 3499 2112 3500 2113 3500 2114 3500 2114 3501 2113 3501 1989 3501 2114 3502 1989 3502 1988 3502 2108 3503 2107 3503 2001 3503 2108 3504 2001 3504 2002 3504 2107 3505 2110 3505 2006 3505 2107 3506 2006 3506 2005 3506 2110 3507 2112 3507 2007 3507 2110 3508 2007 3508 2006 3508 2007 3509 2112 3509 2114 3509 2007 3510 2114 3510 2008 3510 2008 3511 2114 3511 1988 3511 2008 3512 1988 3512 2009 3512 2001 3513 2107 3513 2005 3513 2001 3514 2005 3514 2004 3514 575 3515 547 3515 546 3515 575 3516 546 3516 576 3516 407 3517 459 3517 484 3517 407 3518 484 3518 405 3518 2115 3519 2116 3519 2016 3519 2115 3520 2016 3520 2015 3520 610 3521 293 3521 292 3521 610 3522 292 3522 611 3522 2116 3523 294 3523 288 3523 2116 3524 288 3524 2016 3524 2019 3525 2117 3525 2118 3525 2019 3526 2118 3526 2119 3526 2019 3527 2119 3527 2120 3527 2019 3528 2120 3528 2121 3528 2019 3529 2121 3529 2122 3529 2019 3530 2122 3530 2021 3530 2123 3531 2021 3531 2122 3531 2123 3532 2122 3532 2124 3532 2123 3533 2124 3533 2125 3533 2063 3534 2072 3534 2075 3534 2075 3535 2072 3535 2082 3535 2075 3536 2082 3536 2083 3536 2083 3537 2082 3537 2091 3537 2083 3538 2091 3538 2093 3538 2093 3539 2091 3539 2126 3539 2093 3540 2126 3540 2127 3540 2127 3541 2126 3541 2128 3541 2129 3542 2130 3542 2131 3542 2131 3543 2130 3543 2132 3543 2131 3544 2132 3544 2133 3544 2133 3545 2132 3545 2128 3545 2133 3546 2128 3546 2126 3546 2064 3547 2056 3547 2054 3547 2064 3548 2054 3548 2063 3548 2064 3549 2063 3549 2075 3549 2130 3550 2031 3550 2036 3550 2036 3551 2031 3551 2030 3551 2036 3552 2030 3552 2037 3552 2037 3553 2030 3553 2043 3553 2037 3554 2043 3554 2044 3554 2044 3555 2043 3555 2054 3555 2044 3556 2054 3556 2056 3556 2031 3557 2130 3557 2129 3557 2025 3558 2024 3558 2134 3558 2025 3559 2134 3559 2135 3559 2136 3560 2137 3560 2138 3560 2136 3561 2138 3561 2139 3561 2139 3562 2138 3562 2140 3562 2141 3563 2140 3563 2138 3563 2058 3564 2050 3564 2061 3564 2058 3565 2061 3565 2071 3565 2058 3566 2071 3566 2077 3566 2058 3567 2077 3567 2068 3567 2028 3568 2041 3568 2038 3568 2038 3569 2041 3569 2053 3569 2038 3570 2053 3570 2050 3570 2050 3571 2053 3571 2061 3571 2080 3572 2090 3572 2087 3572 2087 3573 2090 3573 2142 3573 2087 3574 2142 3574 2143 3574 2143 3575 2142 3575 2144 3575 2143 3576 2144 3576 2145 3576 2145 3577 2144 3577 2146 3577 2145 3578 2146 3578 2147 3578 2147 3579 2146 3579 2148 3579 2147 3580 2148 3580 2025 3580 2025 3581 2148 3581 2029 3581 2025 3582 2029 3582 2022 3582 2022 3583 2029 3583 2028 3583 2022 3584 2028 3584 2038 3584 2080 3585 2087 3585 2077 3585 2080 3586 2077 3586 2071 3586 2147 3587 2025 3587 2135 3587 2026 3588 2029 3588 2148 3588 2026 3589 2148 3589 2149 3589 2129 3590 2150 3590 2032 3590 2129 3591 2032 3591 2031 3591 2035 3592 2034 3592 2151 3592 2151 3593 2034 3593 2152 3593 2151 3594 2152 3594 2153 3594 2153 3595 2152 3595 2154 3595 2153 3596 2154 3596 2155 3596 2155 3597 2154 3597 2086 3597 2155 3598 2086 3598 2094 3598 2094 3599 2086 3599 2067 3599 2094 3600 2067 3600 2084 3600 2084 3601 2067 3601 2065 3601 2084 3602 2065 3602 2076 3602 2152 3603 2034 3603 2048 3603 2048 3604 2034 3604 2045 3604 2048 3605 2045 3605 2049 3605 2049 3606 2045 3606 2057 3606 2049 3607 2057 3607 2067 3607 2067 3608 2057 3608 2065 3608 2035 3609 2151 3609 2156 3609 2036 3610 2035 3610 2156 3610 2036 3611 2156 3611 2130 3611 2047 3612 2046 3612 2066 3612 2047 3613 2066 3613 2085 3613 2047 3614 2085 3614 2157 3614 2047 3615 2157 3615 2158 3615 2047 3616 2158 3616 2152 3616 2047 3617 2152 3617 2048 3617 1312 3618 1310 3618 2117 3618 1312 3619 2117 3619 2019 3619 2021 3620 2123 3620 2159 3620 2021 3621 2159 3621 2074 3621 2143 3622 2160 3622 2088 3622 2143 3623 2088 3623 2087 3623 2161 3624 2121 3624 2120 3624 2161 3625 2120 3625 2162 3625 2122 3626 2121 3626 2161 3626 2122 3627 2161 3627 2163 3627 2090 3628 2089 3628 2164 3628 2090 3629 2164 3629 2142 3629 2091 3630 2092 3630 2165 3630 2091 3631 2165 3631 2126 3631 2127 3632 2155 3632 2094 3632 2127 3633 2094 3633 2093 3633 2157 3634 2085 3634 2086 3634 2157 3635 2086 3635 2154 3635 2145 3636 2166 3636 2160 3636 2145 3637 2160 3637 2143 3637 2167 3638 2168 3638 2119 3638 2167 3639 2119 3639 2118 3639 2167 3640 2118 3640 2169 3640 2120 3641 2119 3641 2168 3641 2120 3642 2168 3642 2162 3642 2170 3643 2136 3643 2139 3643 2170 3644 2139 3644 2171 3644 2140 3645 2172 3645 2171 3645 2140 3646 2171 3646 2139 3646 2142 3647 2164 3647 2173 3647 2142 3648 2173 3648 2144 3648 2133 3649 2126 3649 2165 3649 2133 3650 2165 3650 2174 3650 2175 3651 2124 3651 2122 3651 2175 3652 2122 3652 2163 3652 2175 3653 2176 3653 2177 3653 2175 3654 2177 3654 2125 3654 2175 3655 2125 3655 2124 3655 2128 3656 2153 3656 2155 3656 2128 3657 2155 3657 2127 3657 2166 3658 2145 3658 2147 3658 2166 3659 2147 3659 2178 3659 2136 3660 2170 3660 2179 3660 2136 3661 2179 3661 2137 3661 2172 3662 2140 3662 2141 3662 2172 3663 2141 3663 2180 3663 2144 3664 2173 3664 2181 3664 2144 3665 2181 3665 2146 3665 2133 3666 2174 3666 2182 3666 2133 3667 2182 3667 2131 3667 2132 3668 2151 3668 2153 3668 2132 3669 2153 3669 2128 3669 2158 3670 2157 3670 2154 3670 2158 3671 2154 3671 2152 3671 2178 3672 2147 3672 2135 3672 2178 3673 2135 3673 2134 3673 2146 3674 2181 3674 2149 3674 2146 3675 2149 3675 2148 3675 2129 3676 2131 3676 2182 3676 2129 3677 2182 3677 2150 3677 2130 3678 2156 3678 2151 3678 2130 3679 2151 3679 2132 3679 2183 3680 2184 3680 2097 3680 2183 3681 2097 3681 2096 3681 2184 3682 2185 3682 2098 3682 2184 3683 2098 3683 2097 3683 2098 3684 2185 3684 2186 3684 2098 3685 2186 3685 2099 3685 2099 3686 2186 3686 1283 3686 2099 3687 1283 3687 1311 3687 365 3688 521 3688 519 3688 365 3689 519 3689 363 3689 2078 3690 2088 3690 2079 3690 2078 3691 2079 3691 2070 3691 2078 3692 2070 3692 2059 3692 2078 3693 2059 3693 2069 3693 2173 3694 2164 3694 2160 3694 2160 3695 2164 3695 2089 3695 2160 3696 2089 3696 2088 3696 2088 3697 2089 3697 2079 3697 2060 3698 2052 3698 2051 3698 2051 3699 2052 3699 2040 3699 2051 3700 2040 3700 2039 3700 2039 3701 2040 3701 2027 3701 2039 3702 2027 3702 2023 3702 2023 3703 2027 3703 2026 3703 2023 3704 2026 3704 2024 3704 2024 3705 2026 3705 2149 3705 2024 3706 2149 3706 2178 3706 2178 3707 2149 3707 2181 3707 2178 3708 2181 3708 2166 3708 2166 3709 2181 3709 2173 3709 2166 3710 2173 3710 2160 3710 2060 3711 2051 3711 2059 3711 2060 3712 2059 3712 2070 3712 2024 3713 2178 3713 2134 3713 739 3714 741 3714 2183 3714 739 3715 2183 3715 2096 3715 740 3716 738 3716 2100 3716 740 3717 2100 3717 2187 3717 2188 3718 2189 3718 2102 3718 2188 3719 2102 3719 2101 3719 2104 3720 2103 3720 2190 3720 2104 3721 2190 3721 2191 3721 2189 3722 516 3722 518 3722 2189 3723 518 3723 2102 3723 483 3724 461 3724 2192 3724 483 3725 2192 3725 2105 3725 2192 3726 2190 3726 2103 3726 2192 3727 2103 3727 2105 3727 406 3728 2104 3728 2191 3728 406 3729 2191 3729 408 3729 360 3730 2193 3730 2106 3730 360 3731 2106 3731 362 3731 2193 3732 2188 3732 2101 3732 2193 3733 2101 3733 2106 3733 576 3734 546 3734 545 3734 576 3735 545 3735 577 3735 409 3736 460 3736 459 3736 409 3737 459 3737 407 3737 2115 3738 2194 3738 2195 3738 2115 3739 2195 3739 2196 3739 2115 3740 2196 3740 2197 3740 2115 3741 2197 3741 2198 3741 2115 3742 2198 3742 2199 3742 2115 3743 2199 3743 2200 3743 2115 3744 2200 3744 2116 3744 2201 3745 2116 3745 2200 3745 2201 3746 2200 3746 2202 3746 2201 3747 2202 3747 2203 3747 2201 3748 2203 3748 2204 3748 611 3749 292 3749 300 3749 611 3750 300 3750 612 3750 2201 3751 297 3751 294 3751 2201 3752 294 3752 2116 3752 2205 3753 2206 3753 2207 3753 2205 3754 2207 3754 2208 3754 2205 3755 2208 3755 2169 3755 2205 3756 2169 3756 2117 3756 2117 3757 2169 3757 2118 3757 2209 3758 2123 3758 2177 3758 2209 3759 2177 3759 2210 3759 2209 3760 2210 3760 2211 3760 2209 3761 2211 3761 2212 3761 2177 3762 2123 3762 2125 3762 2213 3763 2214 3763 2215 3763 2213 3764 2215 3764 2216 3764 2167 3765 2217 3765 2168 3765 2168 3766 2217 3766 2218 3766 2168 3767 2218 3767 2162 3767 2162 3768 2218 3768 2219 3768 2162 3769 2219 3769 2179 3769 2220 3770 2221 3770 2222 3770 2222 3771 2221 3771 2223 3771 2222 3772 2223 3772 2218 3772 2218 3773 2223 3773 2224 3773 2218 3774 2224 3774 2219 3774 2171 3775 2172 3775 2161 3775 2161 3776 2172 3776 2180 3776 2161 3777 2180 3777 2163 3777 2163 3778 2180 3778 2215 3778 2163 3779 2215 3779 2225 3779 2225 3780 2215 3780 2214 3780 2225 3781 2214 3781 2222 3781 2222 3782 2214 3782 2220 3782 2162 3783 2179 3783 2170 3783 2162 3784 2170 3784 2171 3784 2162 3785 2171 3785 2161 3785 2226 3786 2176 3786 2175 3786 2226 3787 2175 3787 2163 3787 2226 3788 2163 3788 2225 3788 2176 3789 2226 3789 2210 3789 2176 3790 2210 3790 2177 3790 2227 3791 2159 3791 2123 3791 2227 3792 2123 3792 2209 3792 2138 3793 2213 3793 2216 3793 2228 3794 2220 3794 2214 3794 2228 3795 2214 3795 2213 3795 2225 3796 2211 3796 2210 3796 2225 3797 2210 3797 2226 3797 2228 3798 2213 3798 2138 3798 2220 3799 2228 3799 2229 3799 2220 3800 2229 3800 2221 3800 2225 3801 2222 3801 2230 3801 2225 3802 2230 3802 2212 3802 2225 3803 2212 3803 2211 3803 2229 3804 2228 3804 2138 3804 2221 3805 2229 3805 2231 3805 2221 3806 2231 3806 2223 3806 2222 3807 2218 3807 2207 3807 2222 3808 2207 3808 2206 3808 2222 3809 2206 3809 2230 3809 2231 3810 2229 3810 2138 3810 2224 3811 2223 3811 2231 3811 2224 3812 2231 3812 2232 3812 2218 3813 2217 3813 2208 3813 2218 3814 2208 3814 2207 3814 2231 3815 2138 3815 2232 3815 2219 3816 2224 3816 2232 3816 2219 3817 2232 3817 2233 3817 2169 3818 2208 3818 2217 3818 2169 3819 2217 3819 2167 3819 2205 3820 2117 3820 1310 3820 2205 3821 1310 3821 1285 3821 2233 3822 2232 3822 2138 3822 2179 3823 2219 3823 2233 3823 2179 3824 2233 3824 2137 3824 2233 3825 2138 3825 2137 3825 2216 3826 2215 3826 2180 3826 2216 3827 2180 3827 2141 3827 2141 3828 2138 3828 2216 3828 2200 3829 2234 3829 2202 3829 2235 3830 2203 3830 2202 3830 2235 3831 2202 3831 2234 3831 2235 3832 2236 3832 2237 3832 2235 3833 2237 3833 2204 3833 2235 3834 2204 3834 2203 3834 2238 3835 2234 3835 2200 3835 2238 3836 2200 3836 2199 3836 2238 3837 2239 3837 2235 3837 2238 3838 2235 3838 2234 3838 2240 3839 2238 3839 2199 3839 2240 3840 2199 3840 2198 3840 2240 3841 2241 3841 2239 3841 2240 3842 2239 3842 2238 3842 2197 3843 2240 3843 2198 3843 2241 3844 2240 3844 2197 3844 2241 3845 2197 3845 2196 3845 2241 3846 2196 3846 2195 3846 2241 3847 2195 3847 2242 3847 2241 3848 2242 3848 2243 3848 2184 3849 2183 3849 2244 3849 2184 3850 2244 3850 2245 3850 2245 3851 2246 3851 2185 3851 2245 3852 2185 3852 2184 3852 2185 3853 2246 3853 2247 3853 2185 3854 2247 3854 2186 3854 2186 3855 2247 3855 1284 3855 2186 3856 1284 3856 1283 3856 519 3857 517 3857 361 3857 519 3858 361 3858 363 3858 741 3859 743 3859 2244 3859 741 3860 2244 3860 2183 3860 2248 3861 742 3861 740 3861 2248 3862 740 3862 2187 3862 2188 3863 2249 3863 2250 3863 2188 3864 2250 3864 2189 3864 2190 3865 2251 3865 2252 3865 2190 3866 2252 3866 2191 3866 2189 3867 2250 3867 534 3867 2189 3868 534 3868 516 3868 461 3869 463 3869 2253 3869 461 3870 2253 3870 2192 3870 2192 3871 2253 3871 2251 3871 2192 3872 2251 3872 2190 3872 2252 3873 410 3873 408 3873 2252 3874 408 3874 2191 3874 358 3875 2254 3875 2193 3875 358 3876 2193 3876 360 3876 2193 3877 2254 3877 2249 3877 2193 3878 2249 3878 2188 3878 577 3879 545 3879 544 3879 577 3880 544 3880 578 3880 411 3881 462 3881 460 3881 411 3882 460 3882 409 3882 2201 3883 2204 3883 2237 3883 2201 3884 2237 3884 2255 3884 2201 3885 2255 3885 2256 3885 2201 3886 2256 3886 2257 3886 2201 3887 2257 3887 2258 3887 2201 3888 2258 3888 2259 3888 2194 3889 2260 3889 2261 3889 2194 3890 2261 3890 2262 3890 2194 3891 2262 3891 2263 3891 2194 3892 2263 3892 2264 3892 2194 3893 2264 3893 2242 3893 2194 3894 2242 3894 2195 3894 612 3895 300 3895 299 3895 612 3896 299 3896 613 3896 298 3897 297 3897 2201 3897 298 3898 2201 3898 2259 3898 2265 3899 2266 3899 2212 3899 2265 3900 2212 3900 2230 3900 2265 3901 2230 3901 2206 3901 2265 3902 2206 3902 2205 3902 2212 3903 2266 3903 2209 3903 2267 3904 2268 3904 2269 3904 2267 3905 2269 3905 2270 3905 2267 3906 2270 3906 2271 3906 2267 3907 2271 3907 2272 3907 2267 3908 2272 3908 2273 3908 2267 3909 2273 3909 2274 3909 2267 3910 2274 3910 2275 3910 2267 3911 2275 3911 2276 3911 2267 3912 2276 3912 2277 3912 2267 3913 2277 3913 2278 3913 2279 3914 2280 3914 2271 3914 2279 3915 2271 3915 2270 3915 2209 3916 2266 3916 2281 3916 2209 3917 2281 3917 2227 3917 2280 3918 2282 3918 2272 3918 2280 3919 2272 3919 2271 3919 2282 3920 2283 3920 2273 3920 2282 3921 2273 3921 2272 3921 2284 3922 2285 3922 2268 3922 2284 3923 2268 3923 2267 3923 2285 3924 2286 3924 2269 3924 2285 3925 2269 3925 2268 3925 2286 3926 2279 3926 2270 3926 2286 3927 2270 3927 2269 3927 2265 3928 2205 3928 1285 3928 2265 3929 1285 3929 1287 3929 2255 3930 2287 3930 2256 3930 2287 3931 2257 3931 2256 3931 2236 3932 2288 3932 2287 3932 2236 3933 2287 3933 2255 3933 2236 3934 2255 3934 2237 3934 2289 3935 2258 3935 2257 3935 2289 3936 2257 3936 2287 3936 2289 3937 2287 3937 2288 3937 2290 3938 2236 3938 2235 3938 2290 3939 2235 3939 2239 3939 2291 3940 2288 3940 2236 3940 2291 3941 2236 3941 2290 3941 2292 3942 2289 3942 2288 3942 2292 3943 2288 3943 2291 3943 2290 3944 2239 3944 2241 3944 2290 3945 2241 3945 2243 3945 2291 3946 2290 3946 2243 3946 2291 3947 2243 3947 2293 3947 2293 3948 2294 3948 2292 3948 2293 3949 2292 3949 2291 3949 2264 3950 2295 3950 2293 3950 2264 3951 2293 3951 2243 3951 2264 3952 2243 3952 2242 3952 2262 3953 2261 3953 2294 3953 2262 3954 2294 3954 2293 3954 2262 3955 2293 3955 2295 3955 2263 3956 2295 3956 2264 3956 2263 3957 2262 3957 2295 3957 2296 3958 2297 3958 2245 3958 2296 3959 2245 3959 2244 3959 2297 3960 2298 3960 2246 3960 2297 3961 2246 3961 2245 3961 2246 3962 2298 3962 2299 3962 2246 3963 2299 3963 2247 3963 2299 3964 1286 3964 1284 3964 2299 3965 1284 3965 2247 3965 517 3966 533 3966 359 3966 517 3967 359 3967 361 3967 743 3968 744 3968 2296 3968 743 3969 2296 3969 2244 3969 2300 3970 757 3970 742 3970 2300 3971 742 3971 2248 3971 2249 3972 2301 3972 2302 3972 2249 3973 2302 3973 2250 3973 2251 3974 2303 3974 2304 3974 2251 3975 2304 3975 2252 3975 2250 3976 2302 3976 532 3976 2250 3977 532 3977 534 3977 463 3978 465 3978 2305 3978 463 3979 2305 3979 2253 3979 2253 3980 2305 3980 2303 3980 2253 3981 2303 3981 2251 3981 2304 3982 422 3982 410 3982 2304 3983 410 3983 2252 3983 357 3984 2306 3984 2254 3984 357 3985 2254 3985 358 3985 2254 3986 2306 3986 2301 3986 2254 3987 2301 3987 2249 3987 578 3988 544 3988 543 3988 578 3989 543 3989 579 3989 412 3990 464 3990 462 3990 412 3991 462 3991 411 3991 2307 3992 2259 3992 2258 3992 2307 3993 2258 3993 2308 3993 2307 3994 2308 3994 2309 3994 2307 3995 2309 3995 2310 3995 2307 3996 2310 3996 2311 3996 2307 3997 2311 3997 2312 3997 2313 3998 2314 3998 2315 3998 2313 3999 2315 3999 2316 3999 2313 4000 2316 4000 2317 4000 2313 4001 2317 4001 2318 4001 2313 4002 2318 4002 2261 4002 2313 4003 2261 4003 2260 4003 613 4004 299 4004 304 4004 613 4005 304 4005 614 4005 2259 4006 2307 4006 303 4006 2259 4007 303 4007 298 4007 2265 4008 2319 4008 2320 4008 2265 4009 2320 4009 2321 4009 2265 4010 2321 4010 2322 4010 2265 4011 2322 4011 2323 4011 2265 4012 2323 4012 2324 4012 2265 4013 2324 4013 2325 4013 2265 4014 2325 4014 2266 4014 2283 4015 2326 4015 2274 4015 2283 4016 2274 4016 2273 4016 2327 4017 2328 4017 2321 4017 2327 4018 2321 4018 2320 4018 2327 4019 2320 4019 2329 4019 2330 4020 2331 4020 2332 4020 2330 4021 2332 4021 2333 4021 2330 4022 2333 4022 2334 4022 2330 4023 2334 4023 2335 4023 2330 4024 2335 4024 2324 4024 2330 4025 2324 4025 2323 4025 2330 4026 2323 4026 2336 4026 2331 4027 2330 4027 2337 4027 2331 4028 2337 4028 2338 4028 2331 4029 2338 4029 2339 4029 2339 4030 2340 4030 2332 4030 2339 4031 2332 4031 2331 4031 2340 4032 2341 4032 2333 4032 2340 4033 2333 4033 2332 4033 2341 4034 2342 4034 2334 4034 2341 4035 2334 4035 2333 4035 2266 4036 2325 4036 2343 4036 2266 4037 2343 4037 2344 4037 2266 4038 2344 4038 2281 4038 2342 4039 2344 4039 2343 4039 2342 4040 2343 4040 2335 4040 2342 4041 2335 4041 2334 4041 2335 4042 2343 4042 2325 4042 2335 4043 2325 4043 2324 4043 2328 4044 2345 4044 2346 4044 2328 4045 2346 4045 2322 4045 2328 4046 2322 4046 2321 4046 2326 4047 2347 4047 2275 4047 2326 4048 2275 4048 2274 4048 2347 4049 2348 4049 2276 4049 2347 4050 2276 4050 2275 4050 2348 4051 2349 4051 2277 4051 2348 4052 2277 4052 2276 4052 2349 4053 2350 4053 2278 4053 2349 4054 2278 4054 2277 4054 2350 4055 2284 4055 2267 4055 2350 4056 2267 4056 2278 4056 2319 4057 2265 4057 1287 4057 2319 4058 1287 4058 1289 4058 2351 4059 2309 4059 2308 4059 2309 4060 2351 4060 2310 4060 2352 4061 2351 4061 2308 4061 2352 4062 2308 4062 2258 4062 2352 4063 2258 4063 2289 4063 2352 4064 2353 4064 2311 4064 2352 4065 2311 4065 2310 4065 2352 4066 2310 4066 2351 4066 2354 4067 2355 4067 2312 4067 2354 4068 2312 4068 2311 4068 2354 4069 2311 4069 2353 4069 2355 4070 2354 4070 2356 4070 2355 4071 2356 4071 2357 4071 2358 4072 2352 4072 2289 4072 2358 4073 2289 4073 2292 4073 2353 4074 2352 4074 2358 4074 2353 4075 2358 4075 2359 4075 2354 4076 2353 4076 2359 4076 2354 4077 2359 4077 2360 4077 2360 4078 2361 4078 2356 4078 2360 4079 2356 4079 2354 4079 2362 4080 2358 4080 2292 4080 2362 4081 2292 4081 2294 4081 2363 4082 2359 4082 2358 4082 2363 4083 2358 4083 2362 4083 2364 4084 2360 4084 2359 4084 2364 4085 2359 4085 2363 4085 2361 4086 2360 4086 2364 4086 2361 4087 2364 4087 2365 4087 2318 4088 2366 4088 2362 4088 2318 4089 2362 4089 2294 4089 2318 4090 2294 4090 2261 4090 2316 4091 2315 4091 2363 4091 2316 4092 2363 4092 2362 4092 2316 4093 2362 4093 2366 4093 2364 4094 2363 4094 2315 4094 2364 4095 2315 4095 2314 4095 2364 4096 2314 4096 2367 4096 2364 4097 2367 4097 2368 4097 2364 4098 2368 4098 2365 4098 2318 4099 2317 4099 2366 4099 2316 4100 2366 4100 2317 4100 2369 4101 2370 4101 2297 4101 2369 4102 2297 4102 2296 4102 2370 4103 2371 4103 2298 4103 2370 4104 2298 4104 2297 4104 2371 4105 2372 4105 2299 4105 2371 4106 2299 4106 2298 4106 2372 4107 1288 4107 1286 4107 2372 4108 1286 4108 2299 4108 359 4109 533 4109 531 4109 359 4110 531 4110 387 4110 756 4111 2369 4111 2296 4111 756 4112 2296 4112 744 4112 2373 4113 755 4113 757 4113 2373 4114 757 4114 2300 4114 2301 4115 2374 4115 2375 4115 2301 4116 2375 4116 2302 4116 2304 4117 2303 4117 2376 4117 2304 4118 2376 4118 2377 4118 2302 4119 2375 4119 530 4119 2302 4120 530 4120 532 4120 465 4121 467 4121 2378 4121 465 4122 2378 4122 2305 4122 2305 4123 2378 4123 2376 4123 2305 4124 2376 4124 2303 4124 2304 4125 2377 4125 420 4125 2304 4126 420 4126 422 4126 386 4127 2379 4127 2306 4127 386 4128 2306 4128 357 4128 2379 4129 2374 4129 2301 4129 2379 4130 2301 4130 2306 4130 579 4131 543 4131 542 4131 579 4132 542 4132 580 4132 421 4133 466 4133 464 4133 421 4134 464 4134 412 4134 2380 4135 2381 4135 2382 4135 2380 4136 2382 4136 2383 4136 2380 4137 2383 4137 2384 4137 2380 4138 2384 4138 2368 4138 2380 4139 2368 4139 2367 4139 2380 4140 2367 4140 2314 4140 2380 4141 2314 4141 2313 4141 2381 4142 2307 4142 2312 4142 2381 4143 2312 4143 2355 4143 2381 4144 2355 4144 2357 4144 2381 4145 2357 4145 2382 4145 614 4146 304 4146 302 4146 614 4147 302 4147 615 4147 2307 4148 2381 4148 305 4148 2307 4149 305 4149 303 4149 2336 4150 2323 4150 2322 4150 2336 4151 2322 4151 2346 4151 2336 4152 2346 4152 2385 4152 2336 4153 2385 4153 2386 4153 2336 4154 2386 4154 2387 4154 2336 4155 2387 4155 2388 4155 2336 4156 2388 4156 2389 4156 2319 4157 2390 4157 2391 4157 2319 4158 2391 4158 2329 4158 2319 4159 2329 4159 2320 4159 2392 4160 2393 4160 2394 4160 2395 4161 2396 4161 2397 4161 2395 4162 2397 4162 2398 4162 2399 4163 2400 4163 2401 4163 2401 4164 2400 4164 2402 4164 2401 4165 2402 4165 2327 4165 2327 4166 2402 4166 2403 4166 2327 4167 2403 4167 2404 4167 2405 4168 2406 4168 2407 4168 2407 4169 2406 4169 2408 4169 2407 4170 2408 4170 2402 4170 2402 4171 2408 4171 2409 4171 2402 4172 2409 4172 2403 4172 2410 4173 2411 4173 2328 4173 2328 4174 2411 4174 2412 4174 2328 4175 2412 4175 2345 4175 2345 4176 2412 4176 2396 4176 2345 4177 2396 4177 2413 4177 2413 4178 2396 4178 2395 4178 2413 4179 2395 4179 2407 4179 2407 4180 2395 4180 2405 4180 2327 4181 2404 4181 2414 4181 2327 4182 2414 4182 2410 4182 2327 4183 2410 4183 2328 4183 2415 4184 2416 4184 2417 4184 2415 4185 2417 4185 2345 4185 2415 4186 2345 4186 2413 4186 2416 4187 2415 4187 2418 4187 2416 4188 2418 4188 2387 4188 2416 4189 2387 4189 2386 4189 2419 4190 2338 4190 2337 4190 2419 4191 2337 4191 2389 4191 2419 4192 2389 4192 2388 4192 2420 4193 2398 4193 2397 4193 2421 4194 2405 4194 2395 4194 2421 4195 2395 4195 2398 4195 2420 4196 2421 4196 2398 4196 2421 4197 2420 4197 2422 4197 2422 4198 2420 4198 2423 4198 2408 4199 2423 4199 2424 4199 2408 4200 2424 4200 2409 4200 2423 4201 2420 4201 2424 4201 2425 4202 2403 4202 2409 4202 2425 4203 2409 4203 2424 4203 2400 4204 2399 4204 2426 4204 2400 4205 2426 4205 2394 4205 2400 4206 2394 4206 2393 4206 2400 4207 2393 4207 2427 4207 2392 4208 2394 4208 1291 4208 1291 4209 2394 4209 2426 4209 1291 4210 2426 4210 1289 4210 1289 4211 2426 4211 2390 4211 1289 4212 2390 4212 2319 4212 2425 4213 2424 4213 2420 4213 2428 4214 2404 4214 2403 4214 2428 4215 2403 4215 2425 4215 2401 4216 2391 4216 2390 4216 2401 4217 2390 4217 2426 4217 2401 4218 2426 4218 2399 4218 2428 4219 2425 4219 2420 4219 2429 4220 2414 4220 2404 4220 2429 4221 2404 4221 2428 4221 2327 4222 2329 4222 2391 4222 2327 4223 2391 4223 2401 4223 2428 4224 2420 4224 2429 4224 2430 4225 2410 4225 2414 4225 2430 4226 2414 4226 2429 4226 2429 4227 2420 4227 2430 4227 2430 4228 2431 4228 2411 4228 2430 4229 2411 4229 2410 4229 2420 4230 2431 4230 2430 4230 2412 4231 2411 4231 2431 4231 2412 4232 2431 4232 2432 4232 2385 4233 2346 4233 2345 4233 2385 4234 2345 4234 2417 4234 2420 4235 2432 4235 2431 4235 2396 4236 2412 4236 2432 4236 2396 4237 2432 4237 2397 4237 2386 4238 2385 4238 2417 4238 2386 4239 2417 4239 2416 4239 2389 4240 2337 4240 2330 4240 2389 4241 2330 4241 2336 4241 2420 4242 2397 4242 2432 4242 2357 4243 2356 4243 2382 4243 2382 4244 2356 4244 2361 4244 2382 4245 2361 4245 2383 4245 2383 4246 2361 4246 2365 4246 2383 4247 2365 4247 2384 4247 2384 4248 2365 4248 2368 4248 2370 4249 2369 4249 2433 4249 2370 4250 2433 4250 2434 4250 2435 4251 2371 4251 2370 4251 2435 4252 2370 4252 2434 4252 2435 4253 2436 4253 2372 4253 2435 4254 2372 4254 2371 4254 2436 4255 1290 4255 1288 4255 2436 4256 1288 4256 2372 4256 387 4257 531 4257 529 4257 387 4258 529 4258 385 4258 754 4259 2433 4259 2369 4259 754 4260 2369 4260 756 4260 2437 4261 753 4261 755 4261 2437 4262 755 4262 2373 4262 2374 4263 2438 4263 2439 4263 2374 4264 2439 4264 2375 4264 2377 4265 2376 4265 2440 4265 2377 4266 2440 4266 2441 4266 2375 4267 2439 4267 528 4267 2375 4268 528 4268 530 4268 467 4269 469 4269 2442 4269 467 4270 2442 4270 2378 4270 2378 4271 2442 4271 2440 4271 2378 4272 2440 4272 2376 4272 420 4273 2377 4273 2441 4273 420 4274 2441 4274 418 4274 2443 4275 2379 4275 386 4275 2443 4276 386 4276 384 4276 2443 4277 2438 4277 2374 4277 2443 4278 2374 4278 2379 4278 2444 4279 2445 4279 2446 4279 2444 4280 2446 4280 2447 4280 2446 4281 2445 4281 2448 4281 2446 4282 2448 4282 2449 4282 2450 4283 2451 4283 2449 4283 2450 4284 2449 4284 2448 4284 2451 4285 2450 4285 2452 4285 2451 4286 2452 4286 2453 4286 2454 4287 2455 4287 2453 4287 2454 4288 2453 4288 2452 4288 2455 4289 2454 4289 2456 4289 2455 4290 2456 4290 2457 4290 2458 4291 2457 4291 2456 4291 2458 4292 2456 4292 2459 4292 2460 4293 2461 4293 2462 4293 2460 4294 2462 4294 2463 4294 2460 4295 2463 4295 2464 4295 2460 4296 2464 4296 2465 4296 2460 4297 2465 4297 2466 4297 2460 4298 2466 4298 2467 4298 2460 4299 2467 4299 2468 4299 2460 4300 2468 4300 2469 4300 2460 4301 2469 4301 2470 4301 2460 4302 2470 4302 2471 4302 2461 4303 2460 4303 2447 4303 2461 4304 2447 4304 2446 4304 2461 4305 2446 4305 2449 4305 2461 4306 2449 4306 2462 4306 2462 4307 2449 4307 2451 4307 2462 4308 2451 4308 2463 4308 2463 4309 2451 4309 2453 4309 2463 4310 2453 4310 2464 4310 2464 4311 2453 4311 2455 4311 2464 4312 2455 4312 2465 4312 2465 4313 2455 4313 2457 4313 2465 4314 2457 4314 2466 4314 2457 4315 2458 4315 2467 4315 2457 4316 2467 4316 2466 4316 580 4317 542 4317 541 4317 580 4318 541 4318 581 4318 419 4319 468 4319 466 4319 419 4320 466 4320 421 4320 2381 4321 2380 4321 2472 4321 2381 4322 2472 4322 2473 4322 615 4323 302 4323 301 4323 615 4324 301 4324 616 4324 2381 4325 2473 4325 306 4325 2381 4326 306 4326 305 4326 2474 4327 2475 4327 2476 4327 2474 4328 2476 4328 2477 4328 2474 4329 2477 4329 2478 4329 2474 4330 2478 4330 2427 4330 2474 4331 2427 4331 2393 4331 2474 4332 2393 4332 2392 4332 2475 4333 2388 4333 2387 4333 2475 4334 2387 4334 2418 4334 2475 4335 2418 4335 2476 4335 2479 4336 2480 4336 2481 4336 2479 4337 2481 4337 2482 4337 2483 4338 2484 4338 2485 4338 2483 4339 2485 4339 2486 4339 2487 4340 2488 4340 2489 4340 2487 4341 2489 4341 2490 4341 2491 4342 2492 4342 2493 4342 2491 4343 2493 4343 2494 4343 2495 4344 2496 4344 2497 4344 2495 4345 2497 4345 2498 4345 2482 4346 2481 4346 2499 4346 2482 4347 2499 4347 2500 4347 2405 4348 2421 4348 2422 4348 2405 4349 2422 4349 2406 4349 2423 4350 2408 4350 2406 4350 2423 4351 2406 4351 2422 4351 2486 4352 2485 4352 2501 4352 2486 4353 2501 4353 2502 4353 2487 4354 2490 4354 2503 4354 2487 4355 2503 4355 2504 4355 2505 4356 2506 4356 2491 4356 2505 4357 2491 4357 2494 4357 2507 4358 2508 4358 2500 4358 2507 4359 2500 4359 2499 4359 2509 4360 2510 4360 2502 4360 2509 4361 2502 4361 2501 4361 2511 4362 2504 4362 2503 4362 2511 4363 2503 4363 2512 4363 2513 4364 2514 4364 2506 4364 2513 4365 2506 4365 2505 4365 2496 4366 2515 4366 2516 4366 2496 4367 2516 4367 2497 4367 2517 4368 2518 4368 2508 4368 2517 4369 2508 4369 2507 4369 2519 4370 2520 4370 2510 4370 2519 4371 2510 4371 2509 4371 2511 4372 2512 4372 2521 4372 2511 4373 2521 4373 2522 4373 2523 4374 2524 4374 2514 4374 2523 4375 2514 4375 2513 4375 2518 4376 2517 4376 2525 4376 2518 4377 2525 4377 2526 4377 2415 4378 2413 4378 2476 4378 2415 4379 2476 4379 2418 4379 2407 4380 2477 4380 2476 4380 2407 4381 2476 4381 2413 4381 2478 4382 2477 4382 2407 4382 2478 4383 2407 4383 2402 4383 1291 4384 1293 4384 2474 4384 1291 4385 2474 4385 2392 4385 2400 4386 2427 4386 2478 4386 2400 4387 2478 4387 2402 4387 2527 4388 2528 4388 2520 4388 2527 4389 2520 4389 2519 4389 2522 4390 2521 4390 2529 4390 2522 4391 2529 4391 2530 4391 2531 4392 2419 4392 2388 4392 2531 4393 2388 4393 2475 4393 2532 4394 2533 4394 2524 4394 2532 4395 2524 4395 2523 4395 2515 4396 2534 4396 2535 4396 2515 4397 2535 4397 2516 4397 2526 4398 2525 4398 2536 4398 2526 4399 2536 4399 2537 4399 2538 4400 2539 4400 2528 4400 2538 4401 2528 4401 2527 4401 2530 4402 2529 4402 2540 4402 2530 4403 2540 4403 2541 4403 2542 4404 2543 4404 2533 4404 2542 4405 2533 4405 2532 4405 2544 4406 2545 4406 2537 4406 2544 4407 2537 4407 2536 4407 2539 4408 2538 4408 2546 4408 2539 4409 2546 4409 2547 4409 2548 4410 2541 4410 2540 4410 2548 4411 2540 4411 2549 4411 2550 4412 2543 4412 2542 4412 2550 4413 2542 4413 2551 4413 2534 4414 2552 4414 2553 4414 2534 4415 2553 4415 2535 4415 2554 4416 2555 4416 2434 4416 2554 4417 2434 4417 2433 4417 2555 4418 2556 4418 2435 4418 2555 4419 2435 4419 2434 4419 2556 4420 2557 4420 2436 4420 2556 4421 2436 4421 2435 4421 2557 4422 1292 4422 1290 4422 2557 4423 1290 4423 2436 4423 385 4424 529 4424 527 4424 385 4425 527 4425 383 4425 752 4426 2554 4426 2433 4426 752 4427 2433 4427 754 4427 2437 4428 2558 4428 751 4428 2437 4429 751 4429 753 4429 2439 4430 2438 4430 2559 4430 2439 4431 2559 4431 2560 4431 2441 4432 2440 4432 2561 4432 2441 4433 2561 4433 2562 4433 528 4434 2439 4434 2560 4434 528 4435 2560 4435 526 4435 2442 4436 469 4436 471 4436 2442 4437 471 4437 2563 4437 2440 4438 2442 4438 2563 4438 2440 4439 2563 4439 2561 4439 418 4440 2441 4440 2562 4440 418 4441 2562 4441 416 4441 382 4442 2564 4442 2443 4442 382 4443 2443 4443 384 4443 2564 4444 2559 4444 2438 4444 2564 4445 2438 4445 2443 4445 2444 4446 2447 4446 2565 4446 2444 4447 2565 4447 2566 4447 2567 4448 2568 4448 2458 4448 2567 4449 2458 4449 2459 4449 2569 4450 2570 4450 2568 4450 2569 4451 2568 4451 2567 4451 2569 4452 2571 4452 2572 4452 2569 4453 2572 4453 2570 4453 2566 4454 2565 4454 2572 4454 2566 4455 2572 4455 2571 4455 2565 4456 2447 4456 2460 4456 2565 4457 2460 4457 2471 4457 2458 4458 2568 4458 2468 4458 2458 4459 2468 4459 2467 4459 2568 4460 2570 4460 2469 4460 2568 4461 2469 4461 2468 4461 2572 4462 2470 4462 2469 4462 2572 4463 2469 4463 2570 4463 2565 4464 2471 4464 2470 4464 2565 4465 2470 4465 2572 4465 581 4466 541 4466 540 4466 581 4467 540 4467 582 4467 417 4468 470 4468 468 4468 417 4469 468 4469 419 4469 2573 4470 2574 4470 2473 4470 2573 4471 2473 4471 2472 4471 616 4472 301 4472 308 4472 616 4473 308 4473 617 4473 306 4474 2473 4474 2574 4474 306 4475 2574 4475 313 4475 2575 4476 2475 4476 2576 4476 2575 4477 2576 4477 2577 4477 2575 4478 2577 4478 2578 4478 2575 4479 2578 4479 2579 4479 2475 4480 2474 4480 2580 4480 2580 4481 2474 4481 2581 4481 2580 4482 2581 4482 2582 4482 2582 4483 2581 4483 2583 4483 2475 4484 2580 4484 2576 4484 2487 4485 2504 4485 2505 4485 2505 4486 2504 4486 2511 4486 2505 4487 2511 4487 2513 4487 2513 4488 2511 4488 2522 4488 2513 4489 2522 4489 2523 4489 2523 4490 2522 4490 2530 4490 2523 4491 2530 4491 2532 4491 2532 4492 2530 4492 2542 4492 2584 4493 2585 4493 2548 4493 2548 4494 2585 4494 2551 4494 2548 4495 2551 4495 2541 4495 2541 4496 2551 4496 2542 4496 2541 4497 2542 4497 2530 4497 2494 4498 2493 4498 2488 4498 2494 4499 2488 4499 2487 4499 2494 4500 2487 4500 2505 4500 2585 4501 2586 4501 2587 4501 2587 4502 2586 4502 2588 4502 2587 4503 2588 4503 2589 4503 2589 4504 2588 4504 2590 4504 2589 4505 2590 4505 2591 4505 2591 4506 2590 4506 2488 4506 2591 4507 2488 4507 2493 4507 2586 4508 2585 4508 2584 4508 2592 4509 2593 4509 2594 4509 2592 4510 2594 4510 2595 4510 2596 4511 2597 4511 2582 4511 2596 4512 2582 4512 2583 4512 2596 4513 2583 4513 2598 4513 2596 4514 2598 4514 2599 4514 2580 4515 2582 4515 2597 4515 2580 4516 2597 4516 2600 4516 2601 4517 2602 4517 2603 4517 2601 4518 2603 4518 2604 4518 2600 4519 2605 4519 2576 4519 2600 4520 2576 4520 2580 4520 2606 4521 2607 4521 2604 4521 2606 4522 2604 4522 2603 4522 2577 4523 2576 4523 2605 4523 2577 4524 2605 4524 2608 4524 2609 4525 2578 4525 2577 4525 2609 4526 2577 4526 2608 4526 2609 4527 2610 4527 2611 4527 2609 4528 2611 4528 2579 4528 2609 4529 2579 4529 2578 4529 2481 4530 2480 4530 2486 4530 2481 4531 2486 4531 2502 4531 2481 4532 2502 4532 2507 4532 2481 4533 2507 4533 2499 4533 2612 4534 2613 4534 2614 4534 2614 4535 2613 4535 2483 4535 2614 4536 2483 4536 2480 4536 2480 4537 2483 4537 2486 4537 2510 4538 2520 4538 2517 4538 2517 4539 2520 4539 2528 4539 2517 4540 2528 4540 2525 4540 2525 4541 2528 4541 2539 4541 2525 4542 2539 4542 2536 4542 2536 4543 2539 4543 2547 4543 2536 4544 2547 4544 2544 4544 2544 4545 2547 4545 2615 4545 2544 4546 2615 4546 2592 4546 2592 4547 2615 4547 2616 4547 2592 4548 2616 4548 2617 4548 2617 4549 2616 4549 2612 4549 2617 4550 2612 4550 2614 4550 2510 4551 2517 4551 2507 4551 2510 4552 2507 4552 2502 4552 2544 4553 2592 4553 2595 4553 2615 4554 2618 4554 2619 4554 2615 4555 2619 4555 2616 4555 2586 4556 2584 4556 2620 4556 2586 4557 2620 4557 2621 4557 2622 4558 2623 4558 2550 4558 2550 4559 2623 4559 2552 4559 2550 4560 2552 4560 2543 4560 2543 4561 2552 4561 2534 4561 2543 4562 2534 4562 2533 4562 2533 4563 2534 4563 2515 4563 2533 4564 2515 4564 2524 4564 2524 4565 2515 4565 2496 4565 2524 4566 2496 4566 2514 4566 2514 4567 2496 4567 2491 4567 2514 4568 2491 4568 2506 4568 2552 4569 2623 4569 2624 4569 2624 4570 2623 4570 2625 4570 2624 4571 2625 4571 2495 4571 2495 4572 2625 4572 2492 4572 2495 4573 2492 4573 2496 4573 2496 4574 2492 4574 2491 4574 2622 4575 2550 4575 2626 4575 2587 4576 2622 4576 2626 4576 2587 4577 2626 4577 2585 4577 2516 4578 2535 4578 2553 4578 2516 4579 2553 4579 2627 4579 2516 4580 2627 4580 2498 4580 2516 4581 2498 4581 2497 4581 2552 4582 2624 4582 2627 4582 2552 4583 2627 4583 2553 4583 2593 4584 2592 4584 2617 4584 2593 4585 2617 4585 2628 4585 2602 4586 2601 4586 2629 4586 2602 4587 2629 4587 2630 4587 2607 4588 2606 4588 2631 4588 2607 4589 2631 4589 2632 4589 2633 4590 2612 4590 2616 4590 2633 4591 2616 4591 2619 4591 2621 4592 2634 4592 2588 4592 2621 4593 2588 4593 2586 4593 2589 4594 2623 4594 2622 4594 2589 4595 2622 4595 2587 4595 2614 4596 2635 4596 2628 4596 2614 4597 2628 4597 2617 4597 2612 4598 2633 4598 2636 4598 2612 4599 2636 4599 2613 4599 2588 4600 2634 4600 2637 4600 2588 4601 2637 4601 2590 4601 2591 4602 2625 4602 2623 4602 2591 4603 2623 4603 2589 4603 2624 4604 2495 4604 2498 4604 2624 4605 2498 4605 2627 4605 2480 4606 2479 4606 2635 4606 2480 4607 2635 4607 2614 4607 2638 4608 2602 4608 2630 4608 2602 4609 2638 4609 2603 4609 2603 4610 2638 4610 2606 4610 2631 4611 2606 4611 2638 4611 2613 4612 2636 4612 2484 4612 2613 4613 2484 4613 2483 4613 2637 4614 2489 4614 2488 4614 2637 4615 2488 4615 2590 4615 2493 4616 2492 4616 2625 4616 2493 4617 2625 4617 2591 4617 2581 4618 2474 4618 1293 4618 2581 4619 1293 4619 1295 4619 2475 4620 2575 4620 2639 4620 2475 4621 2639 4621 2531 4621 2545 4622 2544 4622 2595 4622 2545 4623 2595 4623 2594 4623 2618 4624 2615 4624 2547 4624 2618 4625 2547 4625 2546 4625 2548 4626 2549 4626 2620 4626 2548 4627 2620 4627 2584 4627 2585 4628 2626 4628 2550 4628 2585 4629 2550 4629 2551 4629 2640 4630 2641 4630 2642 4630 2640 4631 2642 4631 2643 4631 2643 4632 2644 4632 2645 4632 2643 4633 2645 4633 2640 4633 2646 4634 2647 4634 2645 4634 2646 4635 2645 4635 2644 4635 2641 4636 2640 4636 2648 4636 2641 4637 2648 4637 2649 4637 2650 4638 2648 4638 2640 4638 2650 4639 2640 4639 2645 4639 2651 4640 2650 4640 2645 4640 2651 4641 2645 4641 2647 4641 2652 4642 2647 4642 2646 4642 2652 4643 2646 4643 2653 4643 2647 4644 2652 4644 2654 4644 2647 4645 2654 4645 2651 4645 2555 4646 2554 4646 2655 4646 2555 4647 2655 4647 2656 4647 2657 4648 2556 4648 2555 4648 2657 4649 2555 4649 2656 4649 2658 4650 2557 4650 2556 4650 2658 4651 2556 4651 2657 4651 1294 4652 1292 4652 2557 4652 1294 4653 2557 4653 2658 4653 527 4654 515 4654 381 4654 527 4655 381 4655 383 4655 2508 4656 2518 4656 2509 4656 2508 4657 2509 4657 2501 4657 2508 4658 2501 4658 2482 4658 2508 4659 2482 4659 2500 4659 2538 4660 2527 4660 2526 4660 2526 4661 2527 4661 2519 4661 2526 4662 2519 4662 2518 4662 2518 4663 2519 4663 2509 4663 2485 4664 2484 4664 2479 4664 2479 4665 2484 4665 2636 4665 2479 4666 2636 4666 2635 4666 2635 4667 2636 4667 2633 4667 2635 4668 2633 4668 2628 4668 2628 4669 2633 4669 2619 4669 2628 4670 2619 4670 2593 4670 2593 4671 2619 4671 2618 4671 2593 4672 2618 4672 2545 4672 2545 4673 2618 4673 2546 4673 2545 4674 2546 4674 2537 4674 2537 4675 2546 4675 2538 4675 2537 4676 2538 4676 2526 4676 2485 4677 2479 4677 2482 4677 2485 4678 2482 4678 2501 4678 2593 4679 2545 4679 2594 4679 2655 4680 2554 4680 752 4680 2655 4681 752 4681 750 4681 1806 4682 1708 4682 1861 4682 1861 4683 1708 4683 1608 4683 1861 4684 1608 4684 1980 4684 1980 4685 1608 4685 1532 4685 1980 4686 1532 4686 2100 4686 2100 4687 1532 4687 1545 4687 2100 4688 1545 4688 1991 4688 1991 4689 1545 4689 1543 4689 1991 4690 1543 4690 1993 4690 1993 4691 1543 4691 1541 4691 1993 4692 1541 4692 1995 4692 1995 4693 1541 4693 1539 4693 1995 4694 1539 4694 1997 4694 1997 4695 1539 4695 1361 4695 1997 4696 1361 4696 1999 4696 1999 4697 1361 4697 1358 4697 1999 4698 1358 4698 2002 4698 2002 4699 1358 4699 1357 4699 2002 4700 1357 4700 2108 4700 2108 4701 1357 4701 1349 4701 2108 4702 1349 4702 2187 4702 2187 4703 1349 4703 1273 4703 2187 4704 1273 4704 2248 4704 2248 4705 1273 4705 1252 4705 2248 4706 1252 4706 1251 4706 1251 4707 1255 4707 2248 4707 2248 4708 1255 4708 1212 4708 2248 4709 1212 4709 2300 4709 2300 4710 1212 4710 1215 4710 2300 4711 1215 4711 1217 4711 780 4712 2659 4712 779 4712 779 4713 2659 4713 2660 4713 779 4714 2660 4714 906 4714 906 4715 2660 4715 2558 4715 906 4716 2558 4716 1072 4716 1072 4717 2558 4717 2566 4717 1072 4718 2566 4718 914 4718 914 4719 2566 4719 2571 4719 914 4720 2571 4720 915 4720 915 4721 2571 4721 2569 4721 915 4722 2569 4722 917 4722 917 4723 2569 4723 2567 4723 917 4724 2567 4724 919 4724 919 4725 2567 4725 2459 4725 919 4726 2459 4726 921 4726 921 4727 2459 4727 2456 4727 921 4728 2456 4728 923 4728 923 4729 2456 4729 2454 4729 923 4730 2454 4730 1079 4730 1079 4731 2454 4731 2437 4731 1079 4732 2437 4732 1130 4732 1130 4733 2437 4733 2373 4733 1130 4734 2373 4734 1205 4734 1205 4735 2373 4735 2300 4735 1205 4736 2300 4736 1219 4736 1219 4737 2300 4737 1217 4737 1130 4738 1072 4738 927 4738 1130 4739 927 4739 926 4739 1130 4740 926 4740 1085 4740 1130 4741 1085 4741 1083 4741 1130 4742 1083 4742 1081 4742 1130 4743 1081 4743 1079 4743 1532 4744 1349 4744 1366 4744 1532 4745 1366 4745 1362 4745 1532 4746 1362 4746 1365 4746 1532 4747 1365 4747 1545 4747 1349 4748 1357 4748 1370 4748 1349 4749 1370 4749 1368 4749 1349 4750 1368 4750 1366 4750 2100 4751 1991 4751 1990 4751 2100 4752 1990 4752 1989 4752 2100 4753 1989 4753 2113 4753 2100 4754 2113 4754 2187 4754 2187 4755 2113 4755 2111 4755 2187 4756 2111 4756 2109 4756 2187 4757 2109 4757 2108 4757 1242 4758 1243 4758 1241 4758 1241 4759 1243 4759 1274 4759 1241 4760 1274 4760 1273 4760 1273 4761 1274 4761 1256 4761 1273 4762 1256 4762 1252 4762 1221 4763 1242 4763 1241 4763 1221 4764 1241 4764 1205 4764 1221 4765 1205 4765 1219 4765 2437 4766 2454 4766 2452 4766 2437 4767 2452 4767 2450 4767 2437 4768 2450 4768 2448 4768 2437 4769 2448 4769 2445 4769 2437 4770 2445 4770 2444 4770 2437 4771 2444 4771 2558 4771 2566 4772 2558 4772 2444 4772 927 4773 1072 4773 914 4773 749 4774 751 4774 2558 4774 749 4775 2558 4775 2660 4775 2560 4776 2559 4776 2661 4776 2560 4777 2661 4777 2662 4777 2562 4778 2561 4778 2663 4778 2562 4779 2663 4779 2664 4779 526 4780 2560 4780 2662 4780 526 4781 2662 4781 525 4781 471 4782 473 4782 2665 4782 471 4783 2665 4783 2563 4783 2561 4784 2563 4784 2665 4784 2561 4785 2665 4785 2663 4785 2562 4786 2664 4786 414 4786 2562 4787 414 4787 416 4787 380 4788 2666 4788 2564 4788 380 4789 2564 4789 382 4789 2666 4790 2661 4790 2559 4790 2666 4791 2559 4791 2564 4791 582 4792 540 4792 539 4792 582 4793 539 4793 561 4793 415 4794 472 4794 470 4794 415 4795 470 4795 417 4795 2667 4796 2668 4796 2574 4796 2667 4797 2574 4797 2573 4797 617 4798 308 4798 307 4798 617 4799 307 4799 596 4799 313 4800 2574 4800 2668 4800 313 4801 2668 4801 311 4801 2598 4802 2583 4802 2581 4802 2669 4803 2670 4803 2671 4803 2669 4804 2671 4804 2672 4804 2669 4805 2672 4805 2673 4805 2674 4806 2575 4806 2611 4806 2674 4807 2611 4807 2675 4807 2674 4808 2675 4808 2676 4808 2674 4809 2676 4809 2677 4809 2611 4810 2575 4810 2579 4810 1158 4811 1157 4811 1087 4811 1087 4812 1157 4812 1161 4812 1087 4813 1161 4813 1137 4813 1137 4814 1161 4814 1225 4814 1137 4815 1225 4815 1230 4815 1230 4816 1225 4816 1229 4816 1176 4817 1160 4817 789 4817 789 4818 1160 4818 1159 4818 789 4819 1159 4819 944 4819 944 4820 1159 4820 1158 4820 944 4821 1158 4821 1087 4821 1176 4822 789 4822 590 4822 1176 4823 590 4823 593 4823 1176 4824 593 4824 1177 4824 1176 4825 1177 4825 1183 4825 1176 4826 1183 4826 1198 4826 1258 4827 1222 4827 1227 4827 1258 4828 1227 4828 1262 4828 1258 4829 1262 4829 1260 4829 1258 4830 1260 4830 1261 4830 1258 4831 1261 4831 1173 4831 1258 4832 1173 4832 1316 4832 1222 4833 1137 4833 1230 4833 1222 4834 1230 4834 1228 4834 1222 4835 1228 4835 1226 4835 1222 4836 1226 4836 1227 4836 1339 4837 1336 4837 1717 4837 1339 4838 1717 4838 1618 4838 1339 4839 1618 4839 1549 4839 1339 4840 1549 4840 1384 4840 1339 4841 1384 4841 1266 4841 1384 4842 1316 4842 1173 4842 1384 4843 1173 4843 1266 4843 1173 4844 1261 4844 1267 4844 1173 4845 1267 4845 1263 4845 1173 4846 1263 4846 1233 4846 1173 4847 1233 4847 1231 4847 1173 4848 1231 4848 1163 4848 1173 4849 1163 4849 1174 4849 1163 4850 1231 4850 1235 4850 1235 4851 1231 4851 1229 4851 1235 4852 1229 4852 1224 4852 1224 4853 1229 4853 1225 4853 1183 4854 1174 4854 1163 4854 1183 4855 1163 4855 1162 4855 1183 4856 1162 4856 1198 4856 1868 4857 2159 4857 2015 4857 2015 4858 2159 4858 2227 4858 2015 4859 2227 4859 2115 4859 2115 4860 2227 4860 2279 4860 2115 4861 2279 4861 2194 4861 2194 4862 2279 4862 2286 4862 2194 4863 2286 4863 2285 4863 2260 4864 2194 4864 2285 4864 2260 4865 2285 4865 2284 4865 2260 4866 2284 4866 2350 4866 2260 4867 2350 4867 2349 4867 2260 4868 2349 4868 2313 4868 2313 4869 2349 4869 2348 4869 2313 4870 2348 4870 2344 4870 2313 4871 2344 4871 2342 4871 2313 4872 2342 4872 2341 4872 2313 4873 2341 4873 2380 4873 2380 4874 2341 4874 2340 4874 2380 4875 2340 4875 2339 4875 2380 4876 2339 4876 2338 4876 2380 4877 2338 4877 2472 4877 2338 4878 2419 4878 2512 4878 2338 4879 2512 4879 2503 4879 2338 4880 2503 4880 593 4880 2338 4881 593 4881 2667 4881 2338 4882 2667 4882 2573 4882 2338 4883 2573 4883 2472 4883 593 4884 2503 4884 1190 4884 593 4885 1190 4885 1197 4885 593 4886 1197 4886 1184 4886 593 4887 1184 4887 1177 4887 2419 4888 2531 4888 2549 4888 2419 4889 2549 4889 2540 4889 2419 4890 2540 4890 2529 4890 2419 4891 2529 4891 2521 4891 2419 4892 2521 4892 2512 4892 2549 4893 2531 4893 2620 4893 2620 4894 2531 4894 2653 4894 2620 4895 2653 4895 2621 4895 2621 4896 2653 4896 2646 4896 2621 4897 2646 4897 2634 4897 2634 4898 2646 4898 2644 4898 2634 4899 2644 4899 2637 4899 2637 4900 2644 4900 2643 4900 2637 4901 2643 4901 2489 4901 2489 4902 2643 4902 2642 4902 2489 4903 2642 4903 1023 4903 1023 4904 2642 4904 894 4904 1023 4905 894 4905 893 4905 2092 4906 2081 4906 2074 4906 2074 4907 2081 4907 2073 4907 2074 4908 2073 4908 1969 4908 1969 4909 2073 4909 2062 4909 1969 4910 2062 4910 1971 4910 1971 4911 2062 4911 2055 4911 1971 4912 2055 4912 2095 4912 2095 4913 2055 4913 2042 4913 2095 4914 2042 4914 1974 4914 1974 4915 2042 4915 2033 4915 1974 4916 2033 4916 1956 4916 1956 4917 2033 4917 1600 4917 1956 4918 1600 4918 1702 4918 2182 4919 2174 4919 2159 4919 2159 4920 2174 4920 2165 4920 2159 4921 2165 4921 2074 4921 2074 4922 2165 4922 2092 4922 2150 4923 2182 4923 2159 4923 2150 4924 2159 4924 1813 4924 2150 4925 1813 4925 1717 4925 2150 4926 1717 4926 1336 4926 2150 4927 1336 4927 1332 4927 2150 4928 1332 4928 1322 4928 2150 4929 1322 4929 1321 4929 2150 4930 1321 4930 1417 4930 2150 4931 1417 4931 1501 4931 2150 4932 1501 4932 2032 4932 2227 4933 2281 4933 2283 4933 2227 4934 2283 4934 2282 4934 2227 4935 2282 4935 2280 4935 2227 4936 2280 4936 2279 4936 2281 4937 2344 4937 2347 4937 2281 4938 2347 4938 2326 4938 2281 4939 2326 4939 2283 4939 1969 4940 1967 4940 1930 4940 1930 4941 1967 4941 1965 4941 1930 4942 1965 4942 1855 4942 1855 4943 1965 4943 1963 4943 1855 4944 1963 4944 1850 4944 1850 4945 1963 4945 1961 4945 1850 4946 1961 4946 1847 4946 1847 4947 1961 4947 1959 4947 1847 4948 1959 4948 1851 4948 1851 4949 1959 4949 1957 4949 1851 4950 1957 4950 1794 4950 1794 4951 1957 4951 1700 4951 1794 4952 1700 4952 1791 4952 1791 4953 1700 4953 1699 4953 1791 4954 1699 4954 1795 4954 1795 4955 1699 4955 1698 4955 1795 4956 1698 4956 1797 4956 1797 4957 1698 4957 1694 4957 1797 4958 1694 4958 1799 4958 1799 4959 1694 4959 1691 4959 1799 4960 1691 4960 1560 4960 1560 4961 1691 4961 1689 4961 1560 4962 1689 4962 1597 4962 1953 4963 1956 4963 1702 4963 1953 4964 1702 4964 1700 4964 1953 4965 1700 4965 1957 4965 1765 4966 1846 4966 1662 4966 1662 4967 1846 4967 1930 4967 1662 4968 1930 4968 1560 4968 1560 4969 1930 4969 1801 4969 1560 4970 1801 4970 1800 4970 1930 4971 1855 4971 1853 4971 1930 4972 1853 4972 1801 4972 1449 4973 1560 4973 1597 4973 1449 4974 1597 4974 1564 4974 1449 4975 1564 4975 1467 4975 1449 4976 1467 4976 1458 4976 1449 4977 1458 4977 1447 4977 1449 4978 1447 4978 1444 4978 1564 4979 1597 4979 1578 4979 1578 4980 1597 4980 1596 4980 1578 4981 1596 4981 1583 4981 1583 4982 1596 4982 1602 4982 1583 4983 1602 4983 1584 4983 1584 4984 1602 4984 1601 4984 1584 4985 1601 4985 1500 4985 1500 4986 1601 4986 1600 4986 1500 4987 1600 4987 2033 4987 2032 4988 1501 4988 1500 4988 2032 4989 1500 4989 2033 4989 1417 4990 1321 4990 1418 4990 1418 4991 1321 4991 1444 4991 1418 4992 1444 4992 1437 4992 1437 4993 1444 4993 1447 4993 719 4994 897 4994 2678 4994 2678 4995 897 4995 895 4995 2678 4996 895 4996 2679 4996 2679 4997 895 4997 894 4997 2679 4998 894 4998 2642 4998 676 4999 675 4999 2680 4999 2680 5000 675 5000 853 5000 2680 5001 853 5001 2639 5001 2639 5002 853 5002 711 5002 2639 5003 711 5003 2531 5003 2531 5004 711 5004 2681 5004 2531 5005 2681 5005 2682 5005 2682 5006 2681 5006 2683 5006 2682 5007 2683 5007 2684 5007 2684 5008 2683 5008 2685 5008 2684 5009 2685 5009 2686 5009 2686 5010 2685 5010 2687 5010 2686 5011 2687 5011 2688 5011 2688 5012 2687 5012 2689 5012 2688 5013 2689 5013 2678 5013 2678 5014 2689 5014 719 5014 1190 5015 2503 5015 1124 5015 1124 5016 2503 5016 2490 5016 1124 5017 2490 5017 1022 5017 1022 5018 2490 5018 2489 5018 1022 5019 2489 5019 1023 5019 2531 5020 2682 5020 2690 5020 2531 5021 2690 5021 2653 5021 1124 5022 1123 5022 1190 5022 1190 5023 1123 5023 1120 5023 1190 5024 1120 5024 1095 5024 1095 5025 1120 5025 1096 5025 1095 5026 1096 5026 978 5026 1023 5027 893 5027 1043 5027 1043 5028 893 5028 1058 5028 1043 5029 1058 5029 1046 5029 1046 5030 1058 5030 884 5030 1046 5031 884 5031 1049 5031 1049 5032 884 5032 882 5032 1049 5033 882 5033 962 5033 962 5034 882 5034 965 5034 962 5035 965 5035 963 5035 963 5036 965 5036 1095 5036 963 5037 1095 5037 978 5037 965 5038 882 5038 878 5038 965 5039 878 5039 881 5039 965 5040 881 5040 710 5040 965 5041 710 5041 711 5041 965 5042 711 5042 853 5042 710 5043 881 5043 712 5043 712 5044 881 5044 888 5044 712 5045 888 5045 713 5045 713 5046 888 5046 900 5046 713 5047 900 5047 715 5047 715 5048 900 5048 899 5048 715 5049 899 5049 717 5049 717 5050 899 5050 897 5050 717 5051 897 5051 719 5051 1799 5052 1560 5052 1800 5052 2074 5053 1969 5053 1930 5053 2347 5054 2344 5054 2348 5054 2159 5055 1868 5055 1813 5055 1183 5056 1177 5056 1182 5056 2691 5057 2692 5057 2693 5057 2691 5058 2693 5058 2694 5058 2691 5059 2694 5059 2695 5059 2691 5060 2695 5060 2696 5060 2691 5061 2696 5061 2697 5061 2691 5062 2697 5062 2698 5062 2691 5063 2698 5063 2699 5063 2691 5064 2699 5064 2700 5064 2691 5065 2700 5065 2701 5065 2691 5066 2701 5066 2702 5066 2703 5067 2704 5067 2705 5067 2703 5068 2705 5068 2706 5068 2707 5069 2708 5069 2709 5069 2709 5070 2708 5070 2710 5070 2709 5071 2710 5071 2711 5071 2711 5072 2710 5072 2712 5072 2711 5073 2712 5073 2713 5073 2632 5074 2705 5074 2610 5074 2610 5075 2705 5075 2704 5075 2610 5076 2704 5076 2710 5076 2710 5077 2704 5077 2714 5077 2710 5078 2714 5078 2712 5078 2715 5079 2629 5079 2596 5079 2596 5080 2629 5080 2601 5080 2596 5081 2601 5081 2597 5081 2597 5082 2601 5082 2604 5082 2597 5083 2604 5083 2609 5083 2609 5084 2604 5084 2607 5084 2609 5085 2607 5085 2610 5085 2610 5086 2607 5086 2632 5086 2711 5087 2713 5087 2716 5087 2711 5088 2716 5088 2715 5088 2711 5089 2715 5089 2596 5089 2608 5090 2605 5090 2600 5090 2608 5091 2600 5091 2597 5091 2608 5092 2597 5092 2609 5092 2610 5093 2710 5093 2675 5093 2610 5094 2675 5094 2611 5094 2703 5095 2706 5095 2638 5095 2717 5096 2714 5096 2704 5096 2717 5097 2704 5097 2703 5097 2708 5098 2676 5098 2675 5098 2708 5099 2675 5099 2710 5099 2717 5100 2703 5100 2638 5100 2714 5101 2717 5101 2718 5101 2714 5102 2718 5102 2712 5102 2708 5103 2707 5103 2719 5103 2708 5104 2719 5104 2677 5104 2708 5105 2677 5105 2676 5105 2718 5106 2717 5106 2638 5106 2713 5107 2712 5107 2718 5107 2713 5108 2718 5108 2720 5108 2707 5109 2709 5109 2671 5109 2707 5110 2671 5110 2670 5110 2707 5111 2670 5111 2719 5111 2718 5112 2638 5112 2720 5112 2716 5113 2713 5113 2720 5113 2716 5114 2720 5114 2721 5114 2709 5115 2711 5115 2672 5115 2709 5116 2672 5116 2671 5116 2669 5117 2673 5117 1297 5117 1297 5118 2673 5118 2599 5118 1297 5119 2599 5119 1295 5119 1295 5120 2599 5120 2598 5120 1295 5121 2598 5121 2581 5121 2720 5122 2638 5122 2721 5122 2715 5123 2716 5123 2721 5123 2715 5124 2721 5124 2722 5124 2673 5125 2672 5125 2711 5125 2673 5126 2711 5126 2596 5126 2673 5127 2596 5127 2599 5127 2638 5128 2722 5128 2721 5128 2629 5129 2715 5129 2722 5129 2629 5130 2722 5130 2630 5130 2638 5131 2630 5131 2722 5131 2706 5132 2705 5132 2632 5132 2706 5133 2632 5133 2631 5133 2706 5134 2631 5134 2638 5134 2723 5135 2702 5135 2701 5135 2723 5136 2701 5136 2724 5136 2700 5137 2725 5137 2724 5137 2700 5138 2724 5138 2701 5138 2725 5139 2700 5139 2699 5139 2725 5140 2699 5140 2726 5140 2702 5141 2723 5141 2727 5141 2702 5142 2727 5142 2691 5142 2698 5143 2728 5143 2726 5143 2698 5144 2726 5144 2699 5144 2697 5145 2729 5145 2728 5145 2697 5146 2728 5146 2698 5146 2696 5147 2730 5147 2729 5147 2696 5148 2729 5148 2697 5148 2730 5149 2696 5149 2695 5149 2730 5150 2695 5150 2731 5150 2694 5151 2732 5151 2731 5151 2694 5152 2731 5152 2695 5152 2733 5153 2692 5153 2691 5153 2733 5154 2691 5154 2727 5154 2575 5155 2674 5155 2680 5155 2575 5156 2680 5156 2639 5156 2732 5157 2694 5157 2693 5157 2732 5158 2693 5158 2734 5158 2734 5159 2693 5159 2692 5159 2734 5160 2692 5160 2733 5160 2735 5161 2649 5161 2724 5161 2724 5162 2649 5162 2648 5162 2724 5163 2648 5163 2723 5163 2723 5164 2648 5164 2650 5164 2723 5165 2650 5165 2727 5165 2727 5166 2650 5166 2651 5166 2727 5167 2651 5167 2733 5167 2733 5168 2651 5168 2734 5168 2736 5169 2731 5169 2737 5169 2737 5170 2731 5170 2732 5170 2737 5171 2732 5171 2654 5171 2654 5172 2732 5172 2734 5172 2654 5173 2734 5173 2651 5173 2725 5174 2726 5174 2738 5174 2725 5175 2738 5175 2735 5175 2725 5176 2735 5176 2724 5176 2731 5177 2739 5177 2730 5177 2730 5178 2739 5178 2740 5178 2730 5179 2740 5179 2729 5179 2729 5180 2740 5180 2741 5180 2729 5181 2741 5181 2728 5181 2728 5182 2741 5182 2738 5182 2728 5183 2738 5183 2726 5183 2739 5184 2731 5184 2736 5184 2684 5185 2742 5185 2743 5185 2684 5186 2743 5186 2682 5186 2686 5187 2744 5187 2742 5187 2686 5188 2742 5188 2684 5188 2688 5189 2745 5189 2744 5189 2688 5190 2744 5190 2686 5190 2739 5191 2736 5191 2743 5191 2739 5192 2743 5192 2742 5192 2740 5193 2739 5193 2742 5193 2740 5194 2742 5194 2744 5194 2741 5195 2740 5195 2744 5195 2741 5196 2744 5196 2745 5196 2678 5197 2746 5197 2745 5197 2678 5198 2745 5198 2688 5198 2679 5199 2747 5199 2746 5199 2679 5200 2746 5200 2678 5200 2642 5201 2641 5201 2747 5201 2642 5202 2747 5202 2679 5202 2738 5203 2741 5203 2745 5203 2738 5204 2745 5204 2746 5204 2735 5205 2738 5205 2746 5205 2735 5206 2746 5206 2747 5206 2649 5207 2735 5207 2747 5207 2649 5208 2747 5208 2641 5208 2690 5209 2748 5209 2652 5209 2690 5210 2652 5210 2653 5210 2682 5211 2743 5211 2748 5211 2682 5212 2748 5212 2690 5212 2654 5213 2652 5213 2748 5213 2654 5214 2748 5214 2737 5214 2736 5215 2737 5215 2748 5215 2736 5216 2748 5216 2743 5216 2749 5217 2750 5217 2656 5217 2749 5218 2656 5218 2655 5218 2750 5219 2751 5219 2657 5219 2750 5220 2657 5220 2656 5220 2752 5221 2658 5221 2657 5221 2752 5222 2657 5222 2751 5222 1296 5223 1294 5223 2658 5223 1296 5224 2658 5224 2752 5224 381 5225 515 5225 514 5225 381 5226 514 5226 379 5226 2749 5227 2655 5227 750 5227 2749 5228 750 5228 748 5228 2659 5229 747 5229 749 5229 2659 5230 749 5230 2660 5230 2662 5231 2661 5231 333 5231 2662 5232 333 5232 332 5232 2664 5233 2663 5233 336 5233 2664 5234 336 5234 335 5234 525 5235 2662 5235 332 5235 525 5236 332 5236 340 5236 2665 5237 473 5237 341 5237 2665 5238 341 5238 344 5238 2663 5239 2665 5239 344 5239 2663 5240 344 5240 336 5240 345 5241 414 5241 2664 5241 345 5242 2664 5242 335 5242 347 5243 2666 5243 380 5243 347 5244 380 5244 348 5244 2661 5245 2666 5245 347 5245 2661 5246 347 5246 333 5246 561 5247 539 5247 536 5247 561 5248 536 5248 535 5248 413 5249 474 5249 472 5249 413 5250 472 5250 415 5250 593 5251 585 5251 2668 5251 593 5252 2668 5252 2667 5252 596 5253 307 5253 315 5253 596 5254 315 5254 594 5254 309 5255 311 5255 2668 5255 309 5256 2668 5256 585 5256 2753 5257 2754 5257 2719 5257 2719 5258 2754 5258 2755 5258 2719 5259 2755 5259 619 5259 619 5260 2755 5260 2756 5260 619 5261 2756 5261 630 5261 2674 5262 2677 5262 2719 5262 2674 5263 2719 5263 619 5263 2757 5264 2753 5264 2719 5264 2757 5265 2719 5265 2670 5265 2757 5266 2670 5266 2669 5266 2757 5267 2669 5267 2758 5267 2759 5268 2760 5268 2761 5268 2759 5269 2761 5269 2762 5269 648 5270 670 5270 647 5270 647 5271 670 5271 667 5271 647 5272 667 5272 655 5272 655 5273 667 5273 644 5273 655 5274 644 5274 643 5274 667 5275 666 5275 663 5275 667 5276 663 5276 662 5276 667 5277 662 5277 668 5277 667 5278 668 5278 644 5278 656 5279 2763 5279 658 5279 658 5280 2763 5280 2764 5280 658 5281 2764 5281 2765 5281 2765 5282 2764 5282 2760 5282 2765 5283 2760 5283 2766 5283 2766 5284 2760 5284 2759 5284 2766 5285 2759 5285 666 5285 666 5286 2759 5286 2767 5286 666 5287 2767 5287 663 5287 650 5288 656 5288 658 5288 650 5289 658 5289 655 5289 650 5290 655 5290 643 5290 2768 5291 2769 5291 2770 5291 2768 5292 2770 5292 2765 5292 2768 5293 2765 5293 2766 5293 2768 5294 2755 5294 2754 5294 2768 5295 2754 5295 2769 5295 649 5296 2762 5296 2761 5296 2767 5297 2759 5297 2762 5297 2767 5298 2762 5298 2771 5298 2766 5299 2756 5299 2755 5299 2766 5300 2755 5300 2768 5300 2771 5301 2762 5301 649 5301 663 5302 2767 5302 2771 5302 663 5303 2771 5303 664 5303 666 5304 630 5304 2756 5304 666 5305 2756 5305 2766 5305 664 5306 2771 5306 649 5306 2763 5307 656 5307 657 5307 2763 5308 657 5308 2772 5308 2757 5309 2758 5309 652 5309 2757 5310 652 5310 658 5310 2757 5311 658 5311 2765 5311 649 5312 2772 5312 657 5312 2764 5313 2763 5313 2772 5313 2764 5314 2772 5314 2773 5314 1297 5315 653 5315 652 5315 1297 5316 652 5316 2758 5316 1297 5317 2758 5317 2669 5317 2753 5318 2757 5318 2765 5318 2753 5319 2765 5319 2770 5319 649 5320 2773 5320 2772 5320 2760 5321 2764 5321 2773 5321 2760 5322 2773 5322 2761 5322 2770 5323 2769 5323 2754 5323 2770 5324 2754 5324 2753 5324 2773 5325 649 5325 2761 5325 642 5326 700 5326 680 5326 642 5327 680 5327 631 5327 2674 5328 619 5328 676 5328 2674 5329 676 5329 2680 5329 700 5330 642 5330 641 5330 700 5331 641 5331 697 5331 697 5332 641 5332 640 5332 697 5333 640 5333 696 5333 696 5334 640 5334 639 5334 696 5335 639 5335 694 5335 694 5336 639 5336 638 5336 694 5337 638 5337 692 5337 637 5338 681 5338 692 5338 637 5339 692 5339 638 5339 2683 5340 2774 5340 2775 5340 2683 5341 2775 5341 2685 5341 2681 5342 2776 5342 2774 5342 2681 5343 2774 5343 2683 5343 711 5344 707 5344 2776 5344 711 5345 2776 5345 2681 5345 701 5346 695 5346 2775 5346 701 5347 2775 5347 2774 5347 701 5348 2774 5348 2776 5348 701 5349 2776 5349 699 5349 699 5350 2776 5350 707 5350 699 5351 707 5351 698 5351 2689 5352 2777 5352 720 5352 2689 5353 720 5353 719 5353 2687 5354 2778 5354 2777 5354 2687 5355 2777 5355 2689 5355 2685 5356 2775 5356 2778 5356 2685 5357 2778 5357 2687 5357 691 5358 690 5358 720 5358 691 5359 720 5359 2777 5359 2777 5360 2778 5360 693 5360 2777 5361 693 5361 691 5361 695 5362 693 5362 2778 5362 695 5363 2778 5363 2775 5363 724 5364 723 5364 2750 5364 724 5365 2750 5365 2749 5365 725 5366 2751 5366 2750 5366 725 5367 2750 5367 723 5367 727 5368 2752 5368 2751 5368 727 5369 2751 5369 725 5369 729 5370 1296 5370 2752 5370 729 5371 2752 5371 727 5371 379 5372 514 5372 513 5372 379 5373 513 5373 396 5373 724 5374 2749 5374 748 5374 724 5375 748 5375 746 5375 780 5376 745 5376 747 5376 780 5377 747 5377 2659 5377</p>
                </triangles>
            </mesh>
        </geometry>
    </library_geometries>
    <library_visual_scenes>
        <visual_scene id="VisualSceneNode" name="VisualScene">
            <node id="node" name="node">
                <instance_geometry url="#shape0-lib"/>
            </node>
        </visual_scene>
    </library_visual_scenes>
    <scene>
        <instance_visual_scene url="#VisualSceneNode"/>
    </scene>
</COLLADA>
